transaction_amount,customer_payment_history,previous_success_rate,previous_failure_count,failure_type,retry_count,customer_age_days,subscription_status,time_since_failure,payment_method,customer_segment,invoice_age,previous_recovery_success,recovered
2546.34,10,0.4125,5,authentication_failed,1,66,active,0.3,netbanking,regular,13.8,0,1
15250.61,0,0.6797,3,network_error,2,1066,past_due,5.4,card,vip,2.6,0,1
6783.73,2,0.7211,0,card_expired,0,169,active,0.9,upi,regular,12.0,0,1
4764.71,14,0.7822,2,authentication_failed,0,511,trialing,4.3,upi,starter,6.1,1,1
1048.12,7,0.8606,0,network_error,2,162,active,0.4,card,regular,4.2,0,1
1047.98,24,0.8682,0,authentication_failed,0,731,active,5.4,card,regular,10.3,0,1
499.19,5,0.9862,0,gateway_timeout,1,341,past_due,4.9,netbanking,enterprise,5.3,0,0
10256.15,19,0.872,2,insufficient_funds,1,188,paused,1.3,card,starter,0.4,0,1
4795.41,5,0.787,0,insufficient_funds,1,301,active,9.1,upi,regular,1.5,1,1
6356.25,36,0.7238,1,card_expired,2,65,active,2.6,upi,regular,0.7,0,1
304.0,30,0.9173,0,insufficient_funds,1,483,active,3.7,upi,regular,2.5,1,1
17717.79,3,0.8272,2,authentication_failed,2,80,active,1.2,netbanking,regular,4.8,1,1
9132.15,20,0.6507,0,insufficient_funds,0,226,past_due,2.9,card,regular,1.7,0,1
1393.44,17,0.6948,2,authentication_failed,0,1185,past_due,0.2,card,vip,6.0,0,1
1203.39,2,0.8167,1,authentication_failed,4,14,active,1.0,upi,regular,11.2,0,1
1213.06,9,0.6307,2,card_expired,0,48,active,0.6,netbanking,enterprise,4.4,1,1
2013.77,0,0.6687,1,gateway_timeout,0,291,trialing,0.9,wallet,enterprise,3.0,1,1
3919.64,17,0.8021,2,insufficient_funds,1,254,active,0.4,upi,regular,2.2,1,1
3027.69,1,0.7919,3,authentication_failed,4,323,active,1.4,upi,enterprise,1.2,1,1
1921.11,0,0.8158,0,network_error,2,5,active,7.0,upi,regular,1.1,0,0
4931.85,4,0.9083,4,authentication_failed,1,287,trialing,3.1,card,regular,0.9,0,1
951.17,8,0.6931,2,insufficient_funds,1,709,unpaid,3.3,netbanking,regular,3.1,0,1
1927.58,18,0.7835,0,insufficient_funds,5,129,trialing,2.3,upi,vip,11.5,1,1
2481.39,34,0.8197,2,authentication_failed,2,169,active,5.1,card,starter,5.8,1,1
3244.67,5,0.5586,1,network_error,0,302,active,9.6,upi,regular,1.2,0,1
7889.68,0,0.5083,3,network_error,1,532,trialing,5.3,card,regular,1.4,1,1
1313.68,13,0.7598,0,gateway_timeout,4,351,trialing,0.9,upi,regular,0.9,0,1
3810.15,7,0.6676,0,insufficient_funds,0,817,active,0.3,card,regular,0.7,1,1
4687.52,5,0.6213,2,gateway_timeout,2,337,trialing,0.2,card,regular,10.9,1,0
437.82,3,0.7132,2,authentication_failed,1,85,active,8.0,upi,regular,5.0,0,1
4876.67,6,0.7735,1,authentication_failed,0,565,paused,2.0,wallet,enterprise,1.5,0,1
1134.81,3,0.7944,1,card_expired,2,178,canceled,0.4,card,regular,1.9,0,0
536.32,13,0.5971,1,insufficient_funds,1,627,canceled,9.8,upi,regular,2.1,0,1
15068.44,7,0.6099,0,authentication_failed,0,17,active,2.0,upi,vip,4.9,0,1
17053.15,19,0.4723,4,authentication_failed,2,261,active,7.2,upi,enterprise,5.1,0,1
8461.66,7,0.4691,3,network_error,1,4,past_due,1.2,card,regular,0.9,0,1
2016.44,2,0.6392,2,insufficient_funds,1,41,active,1.1,card,vip,4.6,1,1
713.89,18,0.6308,1,authentication_failed,1,91,active,14.7,netbanking,regular,1.0,0,1
5963.75,7,0.6922,2,insufficient_funds,0,337,trialing,1.1,card,regular,0.1,0,1
3100.45,2,0.4979,0,card_expired,0,136,active,9.3,wallet,starter,1.3,0,1
850.76,9,0.5765,2,insufficient_funds,2,147,active,2.1,upi,regular,7.8,0,1
3617.74,4,0.5578,0,insufficient_funds,1,88,trialing,1.2,upi,regular,8.1,0,0
374.97,17,0.4549,1,gateway_timeout,3,464,active,2.6,card,starter,0.8,1,0
12202.11,5,0.7934,2,insufficient_funds,1,829,active,1.4,upi,enterprise,4.0,1,1
1697.29,12,0.8375,3,insufficient_funds,0,1022,active,0.2,upi,regular,4.5,0,1
5631.28,0,0.4447,1,insufficient_funds,1,185,past_due,0.7,wallet,regular,2.9,1,1
2067.73,4,0.6644,1,insufficient_funds,0,12,past_due,0.6,wallet,regular,7.4,1,1
3870.55,38,0.8137,1,gateway_timeout,1,26,active,2.7,netbanking,regular,9.2,1,1
4156.12,15,0.9205,2,authentication_failed,0,515,active,1.1,card,regular,4.2,1,1
1221.94,1,0.6569,2,insufficient_funds,4,228,past_due,0.5,upi,regular,0.1,1,0
17664.04,3,0.5002,0,card_expired,0,50,trialing,0.1,wallet,enterprise,14.5,1,1
7661.23,3,0.8655,5,insufficient_funds,2,193,past_due,0.9,card,regular,1.4,1,0
14225.47,9,0.5101,2,card_expired,1,239,trialing,6.0,upi,regular,3.6,0,1
11460.76,13,0.7055,0,card_expired,0,487,active,5.9,upi,enterprise,2.7,1,1
4755.27,13,0.9319,2,insufficient_funds,2,270,canceled,11.1,card,regular,1.9,1,1
12947.18,6,0.4415,1,network_error,4,166,active,4.1,card,enterprise,1.2,0,1
663.28,15,0.6771,1,insufficient_funds,0,231,active,1.4,card,regular,6.3,0,1
1290.67,5,0.6733,1,insufficient_funds,2,36,past_due,3.2,netbanking,vip,0.6,1,1
431.41,1,0.9709,3,insufficient_funds,2,71,unpaid,2.0,upi,regular,10.0,1,1
2167.66,7,0.8038,1,insufficient_funds,2,189,active,0.4,upi,vip,6.0,1,1
2660.65,28,0.8495,1,insufficient_funds,0,61,active,0.7,card,regular,4.6,1,1
1782.8,14,0.8717,0,insufficient_funds,2,1057,active,5.0,upi,enterprise,4.2,0,1
9022.79,8,0.896,0,gateway_timeout,0,199,active,13.6,card,regular,3.1,0,1
2406.13,9,0.7012,1,insufficient_funds,0,39,canceled,4.4,card,regular,0.7,1,1
1849.01,25,0.8996,2,insufficient_funds,0,641,canceled,4.5,upi,regular,5.1,1,1
4112.04,5,0.7236,0,insufficient_funds,0,310,trialing,6.5,netbanking,regular,2.0,1,1
959.49,3,0.492,4,insufficient_funds,1,10,active,6.2,card,starter,8.1,0,0
8302.42,35,0.9561,1,insufficient_funds,1,113,active,4.9,upi,regular,3.2,0,1
587.38,18,0.8828,0,gateway_timeout,0,139,active,6.7,card,vip,4.5,0,1
21870.73,3,0.9309,0,insufficient_funds,1,189,active,2.9,card,vip,8.4,0,1
7597.42,5,0.825,2,card_expired,0,95,unpaid,0.6,card,vip,1.9,1,0
1307.7,5,0.9692,1,insufficient_funds,0,320,trialing,5.6,upi,enterprise,1.1,0,1
227.69,1,0.8175,2,network_error,0,198,active,1.0,card,regular,5.4,0,1
8649.48,30,0.9768,1,gateway_timeout,0,13,past_due,9.7,netbanking,regular,10.3,1,1
6335.48,4,0.8085,0,insufficient_funds,0,21,active,0.3,netbanking,starter,9.4,1,1
6728.31,19,0.8989,0,insufficient_funds,0,100,past_due,0.6,upi,regular,17.0,1,1
7576.07,1,0.7105,1,insufficient_funds,4,264,active,2.4,upi,enterprise,2.9,0,1
584.65,7,0.8585,2,insufficient_funds,2,262,past_due,3.6,upi,enterprise,7.2,1,1
2419.46,0,0.6871,2,insufficient_funds,0,52,active,3.2,card,regular,16.5,0,1
815.75,13,0.8649,1,authentication_failed,0,559,paused,1.1,upi,regular,5.1,1,1
10142.65,8,0.7815,0,gateway_timeout,1,181,active,1.3,netbanking,regular,3.4,0,1
5081.51,9,0.8954,1,insufficient_funds,0,218,active,1.9,upi,regular,6.8,1,1
2209.09,0,0.8885,0,card_expired,3,390,trialing,2.1,wallet,enterprise,1.0,0,1
528.34,2,0.7398,1,gateway_timeout,2,31,active,7.1,upi,regular,3.4,0,1
2062.44,0,0.8398,0,authentication_failed,3,186,paused,0.2,upi,regular,4.4,1,1
2166.57,3,0.7378,1,insufficient_funds,2,298,active,6.4,wallet,regular,5.7,1,1
6739.38,9,0.6721,2,insufficient_funds,0,58,active,9.8,upi,starter,0.8,0,1
5274.45,7,0.6902,1,insufficient_funds,1,48,past_due,5.9,wallet,starter,1.8,1,0
11111.26,8,0.571,1,network_error,0,689,unpaid,8.5,upi,starter,1.8,1,0
3395.33,7,0.7199,1,card_expired,1,378,active,4.2,upi,enterprise,3.1,0,1
836.86,3,0.8252,0,insufficient_funds,2,7,past_due,0.5,upi,starter,3.2,1,1
6445.63,2,0.4914,3,insufficient_funds,2,129,active,4.4,upi,enterprise,4.1,0,1
7351.96,1,0.9023,0,gateway_timeout,2,51,active,1.1,card,starter,9.4,1,1
4319.44,17,0.6576,2,insufficient_funds,0,96,past_due,3.9,card,regular,7.6,0,0
7569.45,9,0.7934,0,insufficient_funds,0,85,active,6.4,netbanking,starter,0.5,1,1
3604.07,1,0.713,2,network_error,1,1500,active,0.9,upi,starter,0.0,0,1
3898.39,1,0.7984,2,insufficient_funds,1,928,past_due,8.3,netbanking,starter,0.4,0,1
2989.07,19,0.3155,0,card_expired,1,24,active,10.4,card,regular,4.4,1,1
328.74,12,0.7321,2,insufficient_funds,0,69,active,0.2,upi,vip,2.0,1,1
770.84,10,0.8059,0,gateway_timeout,0,379,active,4.2,netbanking,regular,7.8,1,1
359.67,4,0.8438,1,authentication_failed,2,251,active,3.2,card,vip,5.5,1,1
5258.65,2,0.7999,1,gateway_timeout,1,21,paused,0.3,card,enterprise,1.1,1,1
2086.98,36,0.8718,2,insufficient_funds,0,13,active,3.9,upi,regular,1.2,0,1
3752.19,15,0.3286,2,insufficient_funds,2,46,active,2.4,card,starter,7.9,0,0
12106.33,3,0.6139,2,insufficient_funds,0,142,past_due,0.2,netbanking,regular,5.4,1,1
1633.69,17,0.9187,1,gateway_timeout,1,501,active,5.2,upi,starter,2.2,1,1
2841.41,13,0.7081,4,gateway_timeout,0,117,unpaid,21.1,card,regular,13.1,0,1
7243.75,3,0.6496,0,insufficient_funds,4,84,unpaid,5.3,card,vip,2.5,0,0
1499.03,5,0.7241,4,authentication_failed,2,90,active,4.2,netbanking,starter,0.6,0,1
600.52,1,0.7009,2,insufficient_funds,0,248,active,9.5,card,regular,1.2,0,1
1910.7,1,0.8215,1,insufficient_funds,4,116,canceled,5.7,card,vip,1.5,1,0
1079.04,12,0.8647,3,authentication_failed,0,153,active,6.7,upi,starter,15.1,1,1
13474.75,2,0.7176,1,insufficient_funds,1,131,active,0.6,upi,starter,3.1,0,1
8454.44,16,0.7523,2,authentication_failed,0,122,canceled,0.4,netbanking,regular,5.3,0,1
5217.47,51,0.6041,1,gateway_timeout,1,45,active,9.3,card,enterprise,0.7,1,1
10457.6,0,0.7639,2,network_error,4,650,canceled,9.7,wallet,starter,3.7,0,0
8339.84,6,0.7878,4,insufficient_funds,1,37,past_due,1.0,card,regular,9.7,0,0
1232.48,15,0.5014,3,insufficient_funds,2,224,past_due,7.2,card,regular,0.0,0,0
11354.07,14,0.6983,2,insufficient_funds,4,16,past_due,12.8,upi,regular,6.2,1,1
4075.5,13,0.8346,2,gateway_timeout,1,50,trialing,1.2,wallet,enterprise,8.1,1,1
8436.74,4,0.9374,1,card_expired,0,100,canceled,0.7,upi,starter,0.1,0,0
11521.21,5,0.8702,0,gateway_timeout,0,55,unpaid,1.3,netbanking,regular,2.8,0,0
2113.65,8,0.8799,2,insufficient_funds,0,122,active,4.1,card,vip,2.8,0,1
782.96,34,0.4188,2,authentication_failed,4,296,paused,9.7,card,regular,10.7,1,1
1493.43,3,0.8927,3,insufficient_funds,3,261,trialing,4.3,card,regular,2.5,1,0
2985.29,24,0.7836,0,gateway_timeout,1,200,active,0.9,card,vip,9.5,0,1
8719.15,2,0.6418,2,gateway_timeout,0,91,active,1.6,card,vip,1.2,0,1
10056.72,42,0.7625,0,network_error,2,467,active,2.8,card,enterprise,0.1,1,1
234.88,10,0.7691,1,authentication_failed,2,490,past_due,0.7,card,regular,1.8,0,1
3774.38,5,0.6626,1,gateway_timeout,2,63,past_due,5.0,upi,starter,12.0,0,1
2901.37,9,0.9074,2,authentication_failed,0,862,past_due,5.5,upi,vip,1.8,1,1
1455.84,3,0.8011,1,card_expired,0,45,active,3.0,card,regular,1.4,1,1
838.4,3,0.7218,1,authentication_failed,2,75,active,3.6,upi,enterprise,0.4,1,1
2259.54,1,0.8472,0,authentication_failed,1,325,active,1.2,card,starter,1.6,1,1
14515.61,1,0.7249,2,insufficient_funds,0,321,active,1.4,card,regular,0.1,1,1
2151.92,4,0.727,0,card_expired,1,68,active,0.7,upi,regular,0.7,0,1
3857.26,13,0.4183,1,card_expired,1,183,active,3.0,wallet,regular,9.6,0,0
6270.43,8,0.8809,1,insufficient_funds,1,7,canceled,1.8,wallet,regular,3.7,1,0
2459.87,1,0.3885,2,insufficient_funds,0,214,active,1.1,upi,regular,4.4,0,1
18038.99,18,0.9027,1,insufficient_funds,2,647,active,0.2,wallet,vip,1.6,1,1
16610.05,8,0.617,1,insufficient_funds,1,49,active,3.1,netbanking,regular,10.1,1,0
1650.31,30,0.7261,2,authentication_failed,3,4,past_due,0.3,card,regular,1.4,0,0
3638.3,10,0.377,2,authentication_failed,2,379,past_due,5.2,wallet,regular,0.2,1,1
1989.65,1,0.6584,1,insufficient_funds,4,722,active,3.6,netbanking,enterprise,1.7,0,1
1876.25,6,0.8571,3,insufficient_funds,2,81,past_due,1.8,card,regular,14.3,1,0
387.92,9,0.6396,1,insufficient_funds,0,548,unpaid,4.3,upi,regular,1.0,0,1
4902.46,0,0.7565,1,gateway_timeout,0,152,past_due,3.7,card,vip,8.5,0,1
3692.6,0,0.8479,0,gateway_timeout,2,392,past_due,2.8,upi,regular,5.7,0,1
464.26,1,0.8482,0,insufficient_funds,0,90,active,10.9,upi,enterprise,19.3,0,1
1833.13,2,0.859,5,authentication_failed,1,662,paused,13.2,upi,regular,4.5,0,1
12144.3,5,0.8761,1,insufficient_funds,0,19,active,6.3,netbanking,regular,3.1,1,1
1569.3,6,0.581,2,insufficient_funds,0,526,active,7.8,upi,regular,0.5,0,0
982.65,1,0.839,3,gateway_timeout,1,103,trialing,2.1,netbanking,regular,5.6,0,1
3561.36,10,0.9455,2,gateway_timeout,0,2,active,13.0,wallet,regular,1.3,1,1
21420.18,8,0.5751,1,insufficient_funds,1,89,active,2.3,card,regular,1.1,0,1
1585.72,3,0.6571,0,authentication_failed,1,417,trialing,7.2,upi,starter,1.4,1,0
5775.78,0,0.6863,1,insufficient_funds,1,26,active,11.2,card,starter,1.5,0,1
7369.44,0,0.6837,0,insufficient_funds,0,273,active,5.4,upi,regular,8.0,0,1
1556.67,4,0.6506,0,insufficient_funds,1,482,active,0.6,card,regular,3.4,0,0
6713.74,1,0.7275,2,card_expired,2,93,active,8.0,upi,vip,11.0,1,1
2492.61,4,0.7096,2,gateway_timeout,2,145,past_due,0.5,upi,regular,10.0,1,1
5202.52,9,0.5367,3,insufficient_funds,1,4,trialing,9.7,card,regular,2.9,0,0
5219.19,7,0.8494,2,insufficient_funds,0,62,active,13.6,upi,regular,2.0,0,1
4036.93,2,0.4698,1,card_expired,1,56,active,5.2,netbanking,regular,2.1,0,1
673.15,3,0.7745,2,authentication_failed,1,453,active,7.6,card,enterprise,0.6,0,1
9218.22,9,0.5989,2,insufficient_funds,1,557,active,0.3,card,vip,4.7,0,1
2134.05,18,0.7506,1,gateway_timeout,2,194,active,1.3,wallet,regular,0.3,1,1
1232.16,13,0.6878,1,authentication_failed,0,219,active,4.4,upi,enterprise,7.1,0,1
408.15,7,0.7577,1,insufficient_funds,0,18,active,7.9,netbanking,enterprise,0.7,0,1
4668.89,4,0.8578,2,insufficient_funds,4,203,active,9.2,netbanking,starter,8.0,0,1
5859.26,4,0.7387,5,card_expired,3,75,active,2.6,upi,starter,10.1,0,1
283.63,20,0.5931,1,insufficient_funds,0,121,unpaid,1.5,netbanking,regular,2.2,0,0
3788.15,0,0.4489,1,authentication_failed,0,159,active,1.8,netbanking,regular,3.7,0,1
1484.12,41,0.616,0,insufficient_funds,1,220,active,2.1,card,enterprise,1.2,0,1
5380.62,10,0.9246,1,gateway_timeout,1,181,active,3.5,card,regular,3.5,1,1
1158.02,10,0.6977,3,insufficient_funds,0,34,active,5.0,upi,regular,3.9,0,1
6071.06,0,0.4544,3,card_expired,3,168,canceled,0.2,upi,enterprise,0.4,0,0
2644.79,8,0.7515,1,authentication_failed,2,82,active,4.6,netbanking,regular,1.8,1,1
14001.72,6,0.7618,1,insufficient_funds,2,521,unpaid,5.1,netbanking,regular,14.6,0,1
939.72,1,0.8327,0,authentication_failed,1,45,active,4.5,upi,regular,3.9,0,1
2285.66,3,0.8637,3,insufficient_funds,0,265,canceled,7.1,wallet,regular,0.5,0,1
802.22,20,0.4352,2,insufficient_funds,0,405,active,19.8,card,regular,4.0,0,0
13130.95,7,0.7067,0,gateway_timeout,0,22,canceled,1.8,card,regular,5.4,0,0
10691.67,5,0.4023,3,card_expired,5,204,past_due,0.7,card,regular,2.7,0,0
1691.64,0,0.7001,1,insufficient_funds,0,68,active,7.3,card,enterprise,7.9,1,1
5593.81,11,0.6992,2,insufficient_funds,1,52,active,0.2,upi,regular,7.0,1,1
8697.42,11,0.7376,1,insufficient_funds,2,69,past_due,0.8,upi,regular,1.4,1,1
4250.66,9,0.7799,2,authentication_failed,1,103,active,13.4,card,regular,3.2,0,1
3971.4,6,0.8061,4,insufficient_funds,1,455,past_due,9.1,upi,vip,4.4,0,0
1584.39,5,0.8913,0,gateway_timeout,0,94,active,1.9,upi,regular,7.5,0,1
688.63,8,0.7882,1,insufficient_funds,0,1074,active,7.5,card,enterprise,2.5,0,1
11575.62,2,0.7567,0,insufficient_funds,1,3,past_due,0.7,upi,regular,3.0,1,1
11733.87,26,0.7302,1,card_expired,2,432,canceled,9.3,upi,regular,0.9,1,0
5213.35,8,0.8045,0,card_expired,1,42,canceled,2.2,card,enterprise,0.0,0,0
2270.23,3,0.7223,0,authentication_failed,3,369,active,1.2,upi,regular,9.5,1,1
2347.84,5,0.8304,2,gateway_timeout,0,251,past_due,7.3,card,enterprise,3.7,1,1
6672.33,15,0.6808,1,authentication_failed,2,225,active,1.1,wallet,enterprise,7.1,0,1
11570.49,1,0.8936,1,insufficient_funds,2,60,active,1.3,netbanking,starter,2.7,1,1
11105.66,3,0.6189,0,insufficient_funds,1,306,past_due,3.1,card,regular,2.5,0,1
7767.81,10,0.6717,1,network_error,2,172,active,3.0,upi,regular,18.0,0,1
5336.55,3,0.7053,2,card_expired,1,639,active,1.7,wallet,regular,12.5,1,1
639.46,14,0.5593,2,card_expired,1,61,past_due,3.6,netbanking,regular,4.5,1,1
1081.47,1,0.4453,1,network_error,0,503,canceled,1.0,card,starter,1.7,0,0
11641.15,13,0.4563,1,gateway_timeout,1,340,active,1.2,upi,enterprise,7.2,0,1
4862.47,0,0.7989,0,card_expired,1,25,active,1.7,upi,regular,2.0,0,0
246.2,0,0.4879,2,card_expired,3,190,past_due,2.6,card,enterprise,1.4,1,0
734.98,21,0.8884,0,insufficient_funds,0,300,trialing,4.3,upi,regular,0.1,0,1
5645.81,8,0.7361,2,card_expired,0,22,unpaid,2.0,upi,starter,5.6,1,1
225.37,4,0.7716,1,authentication_failed,1,115,active,3.1,card,regular,0.3,0,1
1076.58,2,0.829,1,authentication_failed,0,356,active,12.3,card,starter,0.6,0,1
4178.49,9,0.7583,4,insufficient_funds,0,146,past_due,0.8,upi,regular,9.7,1,1
6086.58,6,0.8253,0,card_expired,0,59,active,0.7,upi,regular,3.7,0,1
5477.21,45,0.8024,1,insufficient_funds,2,43,active,3.5,wallet,regular,0.8,1,1
1469.75,38,0.8438,1,insufficient_funds,2,440,trialing,12.7,netbanking,vip,0.9,0,1
6427.09,9,0.426,2,card_expired,3,18,past_due,5.5,upi,enterprise,9.1,0,1
1554.12,5,0.8673,0,insufficient_funds,0,33,active,1.2,card,vip,2.2,1,1
2168.17,6,0.5275,1,insufficient_funds,1,453,unpaid,6.2,wallet,enterprise,8.1,1,1
7061.79,10,0.7767,4,authentication_failed,0,279,trialing,1.6,upi,enterprise,2.7,1,1
5443.87,1,0.7556,2,card_expired,0,68,active,1.6,upi,regular,0.3,0,1
9659.78,3,0.7587,3,insufficient_funds,0,46,active,1.3,netbanking,enterprise,2.4,1,1
5559.07,0,0.7948,1,insufficient_funds,0,30,unpaid,3.6,upi,starter,7.6,0,1
4400.22,0,0.6008,0,authentication_failed,0,13,active,0.1,upi,enterprise,25.1,0,1
691.79,2,0.8316,2,authentication_failed,1,60,active,0.1,card,regular,0.6,1,1
2492.08,6,0.7199,4,card_expired,1,365,active,5.4,upi,regular,1.0,0,0
1740.8,14,0.3661,1,card_expired,1,239,canceled,0.2,upi,vip,16.1,0,0
1598.5,6,0.8166,0,gateway_timeout,0,318,active,5.5,card,regular,11.1,0,1
18261.55,3,0.8217,0,authentication_failed,1,911,active,1.4,netbanking,regular,5.5,0,1
2696.94,0,0.5565,3,network_error,1,140,active,6.4,upi,regular,2.4,0,1
11330.28,7,0.7398,0,card_expired,2,650,paused,3.9,upi,regular,5.5,0,0
5186.67,3,0.6978,1,gateway_timeout,3,21,active,5.9,netbanking,regular,0.6,1,0
8119.13,9,0.8123,3,gateway_timeout,1,389,active,2.5,card,enterprise,0.3,1,1
3692.18,35,0.794,2,network_error,2,244,past_due,7.6,upi,regular,8.8,1,0
4500.78,1,0.6596,2,insufficient_funds,0,255,active,1.4,upi,regular,2.4,0,1
3591.47,2,0.833,4,network_error,1,1,active,1.3,card,regular,6.7,1,1
1286.07,6,0.4428,0,insufficient_funds,1,57,trialing,0.1,upi,regular,2.1,0,0
6608.81,32,0.566,0,card_expired,4,769,active,0.9,netbanking,enterprise,13.5,0,0
1847.89,14,0.5005,1,insufficient_funds,2,264,active,1.6,netbanking,regular,11.0,0,0
323.08,21,0.7073,3,authentication_failed,0,617,past_due,6.8,netbanking,regular,4.8,0,1
5384.84,3,0.8055,2,authentication_failed,3,39,active,0.6,card,regular,5.3,0,1
1174.67,45,0.7015,0,network_error,1,197,active,3.1,card,enterprise,5.2,1,1
14305.42,1,0.9234,0,insufficient_funds,0,74,active,1.3,upi,regular,0.3,1,0
15587.81,0,0.5563,4,insufficient_funds,2,864,active,3.6,card,regular,8.4,0,0
12517.55,18,0.8193,1,insufficient_funds,1,364,past_due,30.7,card,vip,8.1,0,0
2511.44,24,0.7222,1,authentication_failed,0,845,active,6.6,card,regular,8.9,0,1
277.89,0,0.7323,2,insufficient_funds,0,9,active,1.0,netbanking,regular,1.3,1,1
13377.62,1,0.9915,2,insufficient_funds,1,64,active,10.4,wallet,starter,6.1,0,1
2994.69,0,0.5896,3,insufficient_funds,0,618,active,1.7,upi,regular,5.9,1,1
17204.21,1,0.8176,1,card_expired,0,44,past_due,4.2,upi,regular,1.8,0,1
16768.68,2,0.4236,0,insufficient_funds,0,280,active,11.4,upi,regular,3.5,1,1
9786.94,33,0.7075,2,authentication_failed,2,647,active,7.8,wallet,regular,1.1,1,1
1943.88,10,0.689,1,authentication_failed,0,4,active,2.4,netbanking,enterprise,3.1,0,1
2631.46,14,0.339,0,authentication_failed,0,192,active,0.5,upi,enterprise,0.9,1,1
9723.63,14,0.8073,1,insufficient_funds,0,234,past_due,2.6,upi,regular,7.6,0,1
2105.73,7,0.7115,5,insufficient_funds,1,373,active,4.0,card,enterprise,0.5,0,1
1128.59,15,0.8896,1,insufficient_funds,2,374,unpaid,1.0,upi,enterprise,1.9,1,1
4268.68,8,0.8465,1,authentication_failed,0,200,canceled,0.5,upi,enterprise,4.6,1,1
13956.47,3,0.9223,1,insufficient_funds,3,543,active,13.4,card,starter,5.8,0,1
6154.13,7,0.4985,1,insufficient_funds,3,77,active,6.7,card,enterprise,18.9,1,1
4420.56,7,0.5081,0,card_expired,1,134,past_due,3.5,upi,regular,1.8,0,0
711.14,16,0.7279,0,insufficient_funds,2,273,unpaid,3.4,upi,starter,9.5,1,1
4972.65,37,0.7017,1,gateway_timeout,0,410,canceled,5.6,netbanking,enterprise,3.0,0,1
23252.85,5,0.8795,1,insufficient_funds,0,103,active,5.5,card,vip,0.9,0,1
954.6,13,0.6798,0,card_expired,3,106,active,0.8,upi,regular,0.2,1,1
3852.48,0,0.8264,0,gateway_timeout,1,157,active,1.5,upi,regular,7.3,0,1
10693.04,14,0.707,0,insufficient_funds,0,85,trialing,4.1,upi,starter,6.2,0,1
6950.17,4,0.6399,5,insufficient_funds,0,103,active,5.6,card,vip,3.6,1,0
6170.37,0,0.9317,2,authentication_failed,2,248,active,0.2,card,regular,3.3,1,1
6261.44,4,0.7404,3,insufficient_funds,0,62,active,4.9,card,regular,3.1,0,1
2427.46,8,0.8743,1,card_expired,0,181,unpaid,0.1,upi,starter,9.1,1,1
1937.81,1,0.8541,0,insufficient_funds,0,832,active,1.3,upi,enterprise,2.9,1,1
8486.87,24,0.5339,1,card_expired,1,616,past_due,12.2,card,regular,11.4,1,1
8506.64,0,0.6312,2,insufficient_funds,0,123,unpaid,2.3,card,regular,4.8,0,1
10289.75,25,0.8548,0,insufficient_funds,0,77,active,2.7,card,regular,8.6,0,1
12423.08,11,0.8776,3,network_error,0,1180,active,5.4,netbanking,regular,2.7,0,1
3780.47,3,0.9797,3,authentication_failed,1,62,active,3.5,wallet,regular,1.4,0,0
3680.92,4,0.9277,1,authentication_failed,2,428,past_due,1.4,card,enterprise,2.5,1,1
8204.75,12,0.7404,0,insufficient_funds,2,779,active,3.6,card,regular,5.8,1,1
5448.6,8,0.4586,1,insufficient_funds,0,1500,trialing,3.1,upi,regular,0.6,1,1
6252.75,10,0.5515,1,insufficient_funds,1,143,active,0.6,wallet,regular,8.8,1,1
8143.1,4,0.9358,2,insufficient_funds,3,138,paused,5.5,card,regular,7.5,0,1
11236.62,6,0.7855,1,insufficient_funds,0,279,canceled,3.7,card,enterprise,3.8,0,1
2262.41,43,0.9421,1,insufficient_funds,1,127,active,0.3,upi,regular,2.5,0,0
2554.68,2,0.561,1,card_expired,1,68,canceled,0.6,upi,regular,8.7,0,0
693.48,5,0.7182,2,insufficient_funds,2,91,paused,0.6,card,regular,21.1,0,0
4517.07,3,0.59,1,card_expired,1,23,paused,0.3,upi,regular,9.4,1,1
383.02,13,0.5898,2,authentication_failed,0,67,active,0.9,card,regular,1.1,0,1
3333.03,13,0.2356,2,insufficient_funds,1,52,active,3.4,upi,enterprise,2.6,1,1
4111.47,3,0.5826,3,authentication_failed,1,156,active,0.5,upi,regular,2.4,0,1
1888.15,0,0.8816,0,card_expired,1,964,past_due,1.0,card,starter,11.4,1,1
4668.16,0,0.7438,0,card_expired,0,284,active,10.2,upi,regular,1.8,0,1
354.88,5,0.7923,1,insufficient_funds,0,53,trialing,3.9,card,regular,0.2,0,0
390.32,5,0.6327,4,gateway_timeout,3,597,active,3.4,netbanking,regular,4.3,1,1
8846.76,42,0.7906,0,insufficient_funds,2,43,active,1.1,netbanking,vip,3.5,1,1
2432.93,6,0.7673,3,authentication_failed,4,187,active,2.9,card,starter,1.7,0,1
879.45,2,0.8591,1,insufficient_funds,4,255,active,1.0,netbanking,regular,16.7,0,1
3893.27,21,0.505,2,insufficient_funds,0,113,active,3.0,upi,regular,13.3,1,1
7548.24,6,0.7501,0,authentication_failed,0,399,active,5.8,card,vip,4.5,0,1
1415.59,8,0.6458,7,network_error,1,37,active,3.9,card,regular,0.1,0,0
5076.1,0,0.7406,0,card_expired,1,187,active,1.4,wallet,vip,30.5,1,1
646.06,4,0.8742,1,insufficient_funds,4,104,paused,4.8,card,enterprise,2.0,0,1
465.33,27,0.7604,2,authentication_failed,0,3,active,1.7,upi,regular,9.3,0,1
3989.54,8,0.8138,1,card_expired,0,159,past_due,1.1,card,regular,0.6,0,1
4089.55,4,0.9318,2,insufficient_funds,1,128,active,1.7,wallet,regular,2.6,1,1
5272.69,9,0.71,1,gateway_timeout,1,50,active,2.7,card,regular,3.5,0,1
6674.8,22,0.9159,1,insufficient_funds,1,120,active,5.3,card,starter,0.4,1,1
18817.79,3,0.855,1,insufficient_funds,2,46,active,16.9,netbanking,starter,0.5,1,1
3831.46,6,0.2448,2,insufficient_funds,1,146,active,16.7,card,regular,2.6,1,0
2150.1,30,0.8756,2,authentication_failed,0,138,canceled,5.0,netbanking,vip,0.8,0,0
8128.27,1,0.6042,2,insufficient_funds,1,238,past_due,0.3,card,regular,2.4,0,0
1779.26,12,0.7169,1,authentication_failed,3,81,active,3.2,upi,regular,9.1,0,1
3089.92,9,0.7344,1,insufficient_funds,3,56,active,0.8,card,enterprise,2.0,1,1
608.53,10,0.5358,3,insufficient_funds,1,314,active,1.6,card,starter,9.9,0,0
328.39,4,0.7709,3,gateway_timeout,1,386,active,3.1,upi,starter,0.1,0,1
16636.9,3,0.8014,2,insufficient_funds,1,14,unpaid,1.6,upi,enterprise,2.2,0,1
9238.84,10,0.542,3,card_expired,0,185,past_due,6.2,card,enterprise,13.0,0,0
6153.21,2,0.662,1,authentication_failed,1,164,active,0.2,card,regular,4.6,0,1
2829.3,5,0.65,3,card_expired,1,145,active,2.0,card,regular,2.2,0,1
1151.53,1,0.8419,1,insufficient_funds,1,6,past_due,5.1,upi,vip,12.1,0,1
1050.6,0,0.8702,1,insufficient_funds,2,196,active,16.0,card,regular,3.4,0,1
1640.03,33,0.8659,2,insufficient_funds,0,255,active,3.2,netbanking,enterprise,0.0,0,1
4183.95,5,0.8962,1,authentication_failed,1,430,active,7.4,wallet,vip,1.1,1,1
6469.25,33,0.8645,2,card_expired,0,375,canceled,2.7,netbanking,starter,4.4,1,1
5596.95,1,0.7388,3,gateway_timeout,2,61,active,30.4,upi,enterprise,2.1,0,1
1842.06,8,0.175,0,insufficient_funds,0,674,active,8.8,upi,regular,3.4,0,1
15690.52,2,0.6453,1,network_error,0,22,canceled,4.1,card,enterprise,1.4,1,1
6895.09,14,0.8509,1,insufficient_funds,0,200,active,3.1,upi,regular,1.6,0,1
4241.15,14,0.6385,1,insufficient_funds,4,63,active,10.6,card,regular,0.8,1,1
4930.15,1,0.3976,3,network_error,0,287,active,4.6,card,starter,0.8,0,1
2920.19,23,0.6609,1,insufficient_funds,0,420,active,8.9,card,regular,2.1,1,0
1623.31,2,0.768,1,insufficient_funds,0,421,active,2.4,card,regular,7.6,0,1
2400.07,9,0.8738,0,card_expired,0,78,active,2.3,upi,vip,13.8,0,1
7290.91,40,0.8847,1,authentication_failed,0,132,past_due,14.6,upi,regular,4.0,1,1
272.49,20,0.7915,0,insufficient_funds,2,113,active,7.3,netbanking,regular,0.1,1,1
816.9,29,0.9237,0,gateway_timeout,1,24,active,3.1,netbanking,regular,6.8,0,1
435.47,3,0.7668,3,network_error,2,402,active,8.9,card,starter,13.5,0,1
407.91,1,0.9108,2,insufficient_funds,1,107,active,0.4,wallet,regular,5.7,0,1
9871.02,1,0.5811,1,insufficient_funds,1,137,active,2.0,netbanking,regular,9.3,0,1
6281.2,6,0.789,0,authentication_failed,0,285,active,1.6,card,regular,0.8,1,1
3413.92,14,0.7399,3,gateway_timeout,2,247,active,8.6,card,regular,0.5,1,1
714.78,1,0.7844,2,insufficient_funds,0,454,canceled,2.5,netbanking,regular,8.1,0,1
3582.59,10,0.5951,1,insufficient_funds,1,146,active,2.5,wallet,vip,5.1,1,1
3407.25,3,0.8188,1,gateway_timeout,0,550,canceled,0.5,upi,vip,4.2,1,1
1150.97,3,0.9309,1,gateway_timeout,0,1115,past_due,3.7,upi,regular,3.5,1,1
3044.5,10,0.7217,1,insufficient_funds,2,109,active,2.5,upi,regular,2.0,0,1
2741.68,5,0.7351,0,insufficient_funds,0,45,active,0.7,upi,regular,10.7,0,1
4983.61,15,0.865,1,card_expired,1,46,trialing,6.8,upi,enterprise,0.6,1,1
5240.57,1,0.8142,2,gateway_timeout,0,123,active,3.7,netbanking,starter,14.3,0,1
431.81,14,0.7293,1,card_expired,1,134,active,11.2,upi,enterprise,9.0,0,1
2546.92,0,0.5685,0,insufficient_funds,0,819,canceled,2.8,card,regular,4.3,1,1
5115.62,2,0.7349,2,authentication_failed,1,486,unpaid,4.0,upi,regular,2.4,0,1
3697.2,10,0.4483,2,insufficient_funds,1,918,past_due,1.7,upi,regular,2.8,0,1
9906.75,18,0.6361,2,gateway_timeout,2,215,unpaid,3.0,upi,enterprise,2.8,1,1
5574.87,2,0.8323,1,insufficient_funds,2,10,past_due,1.7,upi,starter,3.5,0,1
1089.26,3,0.948,2,insufficient_funds,1,103,unpaid,0.4,upi,regular,3.7,0,0
565.91,7,0.8762,2,gateway_timeout,3,493,canceled,0.3,upi,regular,0.2,1,1
5341.97,2,0.5268,3,card_expired,0,193,active,1.7,card,enterprise,1.1,0,1
334.35,15,0.499,3,network_error,0,243,active,0.4,card,regular,4.5,1,1
4606.74,14,0.9166,0,insufficient_funds,3,240,active,0.9,card,regular,3.6,1,1
14286.28,1,0.7626,1,card_expired,0,911,active,0.7,wallet,vip,5.1,0,1
4483.91,5,0.7739,1,network_error,0,192,paused,5.4,wallet,regular,6.3,1,1
2656.5,14,0.8068,5,insufficient_funds,0,302,active,2.4,wallet,regular,1.6,0,1
5354.14,3,0.5512,1,network_error,0,26,active,0.2,netbanking,regular,8.1,1,1
3264.78,9,0.752,0,network_error,3,148,active,1.0,card,enterprise,1.9,1,1
4144.07,0,0.7191,2,insufficient_funds,2,554,active,0.3,card,regular,2.8,0,1
14390.64,8,0.9011,3,insufficient_funds,0,319,trialing,1.0,netbanking,enterprise,7.3,0,1
2639.64,1,0.6819,1,insufficient_funds,2,160,active,4.4,card,vip,9.2,1,1
16445.46,16,0.7109,1,network_error,2,333,active,6.3,netbanking,regular,21.1,0,1
11987.88,4,0.6104,0,insufficient_funds,0,34,active,7.2,wallet,vip,10.8,0,1
1289.48,3,0.9256,1,authentication_failed,0,409,active,0.7,wallet,regular,3.8,1,1
559.42,17,0.7995,4,authentication_failed,1,410,active,4.8,upi,enterprise,11.4,0,1
731.13,0,0.6547,1,gateway_timeout,1,379,active,0.5,upi,starter,4.6,1,1
291.95,4,0.4989,0,insufficient_funds,1,199,active,12.9,wallet,starter,0.4,0,1
696.03,4,0.543,0,authentication_failed,2,10,active,2.1,upi,regular,1.1,1,1
5944.37,3,0.5612,2,insufficient_funds,5,416,active,0.1,wallet,starter,4.4,0,0
569.25,23,0.7093,2,insufficient_funds,3,14,past_due,0.6,upi,regular,3.3,1,1
2120.79,13,0.8323,2,insufficient_funds,3,833,active,7.3,upi,vip,12.2,0,1
9517.63,0,0.885,1,network_error,0,258,active,1.7,card,regular,10.7,0,1
317.74,11,0.5789,0,gateway_timeout,3,5,active,0.1,card,regular,5.0,1,1
8622.65,7,0.8039,0,gateway_timeout,5,29,active,3.9,card,enterprise,0.4,0,1
1855.42,21,0.9674,1,insufficient_funds,1,251,canceled,14.1,card,regular,1.8,1,0
828.75,3,0.5612,3,insufficient_funds,2,1500,active,0.1,card,starter,0.9,0,0
6165.78,8,0.811,1,network_error,1,24,active,4.9,upi,starter,0.5,0,1
5157.0,6,0.6083,0,card_expired,5,18,canceled,3.6,upi,starter,3.5,0,0
10697.08,6,0.657,7,authentication_failed,1,283,active,0.1,card,regular,3.6,0,1
6841.47,5,0.5963,1,insufficient_funds,1,243,active,3.2,card,regular,3.1,1,1
8334.98,2,0.5236,2,insufficient_funds,0,508,active,0.7,card,regular,0.2,1,1
1856.67,13,0.7817,3,insufficient_funds,2,496,past_due,6.5,card,regular,0.4,1,1
1176.67,5,0.9197,2,authentication_failed,0,250,trialing,1.6,card,regular,4.4,0,1
7143.78,30,0.5171,0,network_error,1,90,canceled,1.0,card,regular,2.6,1,0
8421.05,2,0.4737,2,insufficient_funds,0,294,active,2.0,card,regular,0.9,0,1
23485.02,10,0.8702,0,gateway_timeout,1,51,trialing,6.2,netbanking,vip,3.4,1,1
2860.4,26,0.5659,0,insufficient_funds,0,28,active,1.2,card,regular,9.2,1,1
2526.22,10,0.8342,2,card_expired,0,297,active,3.1,card,regular,2.2,0,1
7689.77,19,0.8498,1,insufficient_funds,2,139,trialing,4.7,upi,regular,0.2,0,1
2283.67,16,0.8333,0,authentication_failed,1,350,canceled,1.4,card,enterprise,3.2,0,1
13550.69,4,0.7798,2,authentication_failed,1,21,trialing,4.1,netbanking,regular,0.6,1,1
9974.2,8,0.7641,1,authentication_failed,0,1198,canceled,12.2,card,vip,1.6,1,1
3001.78,1,0.579,0,authentication_failed,3,181,canceled,3.1,card,starter,0.8,1,0
7148.92,7,0.9438,3,gateway_timeout,1,558,active,0.8,netbanking,regular,3.0,1,1
7223.16,2,0.4991,0,card_expired,1,164,active,4.1,upi,regular,0.0,1,1
744.19,12,0.7907,0,insufficient_funds,4,71,trialing,15.5,card,regular,3.9,0,0
11842.23,7,0.6966,3,gateway_timeout,1,98,unpaid,5.7,card,regular,1.8,1,1
3718.54,5,0.4306,1,insufficient_funds,2,571,trialing,1.0,upi,regular,12.1,0,1
8956.66,2,0.8348,1,gateway_timeout,0,302,active,1.9,upi,regular,0.3,0,1
2128.68,63,0.9346,0,gateway_timeout,0,54,paused,0.4,wallet,regular,1.3,1,1
11493.95,0,0.9385,1,insufficient_funds,1,109,past_due,2.7,wallet,regular,0.7,0,0
2664.94,0,0.7509,1,insufficient_funds,1,9,active,1.6,netbanking,enterprise,1.8,0,1
254.48,2,0.7685,0,insufficient_funds,0,257,unpaid,3.2,upi,regular,5.0,1,1
11989.54,33,0.5474,3,insufficient_funds,0,117,canceled,0.7,upi,starter,10.3,0,0
678.63,36,0.8156,4,authentication_failed,0,15,active,16.3,card,vip,3.6,0,1
2123.27,10,0.6503,1,insufficient_funds,1,436,active,1.8,netbanking,regular,5.5,0,1
15184.86,20,0.8242,2,insufficient_funds,2,142,active,2.9,netbanking,enterprise,14.8,0,1
15239.75,2,0.8258,1,authentication_failed,0,344,active,31.0,upi,starter,3.9,1,1
4459.99,33,0.8442,2,authentication_failed,0,230,past_due,1.7,wallet,enterprise,14.7,1,0
5196.15,1,0.8438,2,insufficient_funds,1,159,past_due,1.9,wallet,enterprise,5.2,1,1
3175.07,1,0.5791,1,insufficient_funds,0,28,active,6.5,upi,starter,1.1,1,1
1935.11,1,0.5614,3,network_error,0,249,canceled,0.3,card,enterprise,2.9,0,1
2192.43,8,0.9109,1,gateway_timeout,1,204,active,1.2,upi,starter,3.9,1,1
5781.62,14,0.5075,1,network_error,4,1111,unpaid,2.7,upi,enterprise,2.0,0,1
7179.19,4,0.8208,0,authentication_failed,0,219,active,3.4,upi,regular,0.3,1,1
8040.98,36,0.6143,1,insufficient_funds,3,196,active,7.0,card,regular,2.5,0,1
7994.16,5,0.7527,3,gateway_timeout,4,708,trialing,5.5,upi,starter,1.3,1,1
678.18,1,0.8856,0,insufficient_funds,2,164,active,5.1,card,enterprise,2.9,1,1
3610.25,5,0.9325,2,network_error,1,56,active,2.0,netbanking,enterprise,4.2,1,1
496.41,10,0.9239,2,insufficient_funds,2,125,active,14.4,upi,regular,6.8,1,1
4187.31,16,0.7365,1,gateway_timeout,0,86,active,7.1,wallet,regular,0.5,1,1
3112.78,5,0.8266,3,card_expired,3,177,active,2.6,netbanking,starter,6.8,1,1
11133.09,8,0.8463,2,authentication_failed,1,537,canceled,1.7,netbanking,regular,1.0,0,1
2360.96,2,0.9716,2,insufficient_funds,1,3,active,0.1,upi,vip,7.1,0,1
822.53,9,0.7169,4,insufficient_funds,2,189,past_due,2.0,upi,regular,0.4,0,0
971.54,40,0.7649,3,gateway_timeout,4,211,active,0.2,upi,enterprise,9.7,0,1
7367.15,0,0.8611,0,insufficient_funds,0,83,active,1.5,card,starter,5.7,0,1
5014.53,20,0.7907,1,authentication_failed,1,194,active,0.9,upi,enterprise,1.9,0,1
733.04,7,0.7221,1,insufficient_funds,1,563,active,1.6,card,starter,0.0,1,0
639.28,2,0.773,2,gateway_timeout,1,499,past_due,0.3,upi,regular,0.3,1,1
6236.04,29,0.5349,3,gateway_timeout,0,56,active,6.0,upi,regular,13.0,1,1
577.73,6,0.8197,0,insufficient_funds,0,185,active,0.4,upi,enterprise,22.0,0,1
8825.93,3,0.6941,2,insufficient_funds,0,329,active,5.1,wallet,regular,1.3,0,1
6325.0,1,0.4585,0,insufficient_funds,0,759,trialing,11.0,card,enterprise,0.6,0,0
624.24,2,0.8536,2,insufficient_funds,0,348,active,2.7,upi,starter,1.6,0,1
643.27,16,0.4892,1,insufficient_funds,0,271,past_due,6.1,card,regular,2.3,1,1
21777.29,9,0.5905,1,insufficient_funds,2,71,active,11.5,card,regular,4.2,0,1
2544.19,23,0.9281,1,gateway_timeout,0,177,active,3.1,upi,regular,16.3,0,1
2515.28,2,0.7733,0,authentication_failed,0,127,active,1.2,wallet,enterprise,0.1,1,1
8577.88,1,0.8454,2,insufficient_funds,1,130,active,0.1,upi,starter,3.5,0,1
14910.82,0,0.8901,2,insufficient_funds,1,73,active,2.3,upi,enterprise,5.9,0,0
21543.87,6,0.9177,1,insufficient_funds,1,102,trialing,0.7,upi,vip,1.7,0,1
7199.5,60,0.6998,0,insufficient_funds,1,341,active,7.7,card,enterprise,2.5,0,1
2560.1,11,0.7891,1,insufficient_funds,0,127,active,6.3,upi,vip,2.4,1,1
635.97,3,0.7745,1,gateway_timeout,0,17,active,5.3,upi,vip,3.7,0,1
7706.21,19,0.9098,2,authentication_failed,1,13,active,0.4,card,starter,3.4,1,0
4286.8,14,0.7055,0,card_expired,0,57,active,4.2,card,enterprise,0.3,0,1
2960.17,0,0.7708,0,network_error,2,64,active,1.5,netbanking,regular,1.8,1,1
12041.19,16,0.8545,3,insufficient_funds,0,710,paused,2.7,upi,vip,2.6,1,1
789.4,3,0.7453,2,insufficient_funds,2,217,active,14.2,netbanking,enterprise,1.2,1,1
3592.53,1,0.6291,1,insufficient_funds,2,402,active,0.4,netbanking,regular,4.8,0,1
257.09,2,0.6876,1,insufficient_funds,0,26,past_due,4.3,card,regular,5.4,1,1
3361.77,6,0.7804,2,authentication_failed,1,33,active,10.5,upi,vip,2.9,1,1
489.75,5,0.7898,2,insufficient_funds,1,20,active,0.2,card,regular,1.8,0,1
832.45,3,0.8541,2,insufficient_funds,0,251,active,3.9,upi,enterprise,3.4,0,1
825.13,1,0.5928,3,insufficient_funds,3,217,past_due,3.6,card,starter,6.2,0,1
5437.84,13,0.7558,0,insufficient_funds,0,122,canceled,3.6,card,enterprise,2.6,1,1
7052.99,43,0.8945,5,network_error,0,21,paused,1.3,netbanking,starter,1.1,0,1
4577.77,14,0.8705,1,network_error,1,143,active,5.1,card,starter,5.3,1,1
16573.6,3,0.3654,1,insufficient_funds,2,124,past_due,7.6,upi,regular,3.6,1,0
2548.98,2,0.7673,2,insufficient_funds,0,27,active,1.5,card,regular,5.6,0,0
1882.35,2,0.5782,1,authentication_failed,3,109,trialing,0.8,netbanking,vip,0.6,1,1
10347.51,1,0.6072,1,insufficient_funds,1,455,active,12.1,card,vip,2.8,1,1
1465.41,7,0.6397,1,insufficient_funds,0,566,canceled,7.1,card,vip,0.8,1,0
16714.35,8,0.7321,1,insufficient_funds,1,72,trialing,10.9,card,regular,1.3,1,0
261.14,11,0.966,1,gateway_timeout,0,84,active,0.6,wallet,starter,5.1,1,1
17712.63,10,0.7594,2,insufficient_funds,0,84,past_due,8.3,card,regular,5.5,0,1
420.59,3,0.7179,3,authentication_failed,0,247,trialing,7.4,card,regular,4.0,0,1
11288.61,3,0.4201,2,insufficient_funds,1,118,active,2.4,upi,regular,24.4,1,1
3950.72,10,0.6525,1,authentication_failed,0,278,past_due,2.1,card,regular,1.2,0,1
24984.14,4,0.8942,2,network_error,4,2,active,2.2,card,regular,1.6,0,1
583.31,2,0.5356,0,gateway_timeout,0,240,past_due,3.7,card,starter,0.1,0,1
4235.55,4,0.6186,1,insufficient_funds,4,122,past_due,3.7,netbanking,regular,9.3,1,0
17617.88,3,0.4796,0,network_error,0,247,active,6.6,card,regular,4.6,0,0
3902.22,0,0.5403,3,insufficient_funds,1,619,canceled,1.8,card,vip,2.8,1,0
5163.14,16,0.6888,0,insufficient_funds,1,821,active,0.1,upi,regular,1.3,0,1
6149.51,18,0.6492,1,authentication_failed,0,201,past_due,1.5,upi,starter,3.7,1,1
3230.64,2,0.9359,0,insufficient_funds,0,49,active,4.5,upi,regular,2.0,1,1
5138.37,0,0.3438,3,gateway_timeout,0,653,active,7.9,upi,starter,1.5,1,1
4589.13,12,0.8899,2,insufficient_funds,0,164,unpaid,1.3,card,regular,12.3,0,1
11771.16,2,0.5011,2,insufficient_funds,1,113,past_due,5.1,netbanking,regular,11.6,0,0
432.56,4,0.8594,1,card_expired,1,39,active,2.3,upi,starter,3.4,0,0
1849.21,0,0.7145,2,insufficient_funds,3,613,active,0.4,upi,regular,11.0,1,1
15219.98,2,0.6628,3,insufficient_funds,0,843,active,0.4,card,enterprise,2.0,1,1
11248.38,14,0.5721,3,authentication_failed,0,828,trialing,0.7,upi,regular,15.3,0,1
3240.88,15,0.9447,0,insufficient_funds,2,156,active,4.9,upi,vip,3.8,0,1
5039.67,2,0.8522,1,insufficient_funds,2,478,active,7.4,upi,vip,6.2,0,1
1824.37,3,0.7844,3,card_expired,2,304,active,0.3,netbanking,regular,3.3,0,0
1242.02,1,0.8643,1,card_expired,0,158,active,1.3,upi,regular,5.9,0,0
3315.29,0,0.2768,2,insufficient_funds,3,443,active,9.1,upi,enterprise,1.8,0,1
2379.77,46,0.9393,1,authentication_failed,0,159,paused,4.2,card,vip,6.9,0,0
4581.22,10,0.9498,0,gateway_timeout,0,387,unpaid,1.7,card,vip,0.4,1,1
604.61,7,0.7111,0,gateway_timeout,0,769,canceled,3.8,netbanking,regular,2.8,0,0
18524.8,13,0.5699,2,insufficient_funds,0,272,active,1.6,card,starter,21.0,1,1
21619.33,17,0.5652,0,gateway_timeout,0,684,active,0.7,upi,regular,2.3,0,1
6189.32,15,0.9637,2,network_error,1,191,active,0.1,card,enterprise,6.4,0,1
4040.39,0,0.4961,1,insufficient_funds,0,65,trialing,5.5,wallet,regular,23.1,0,0
2051.9,1,0.7313,3,insufficient_funds,0,208,active,2.4,wallet,regular,1.5,0,0
8604.54,10,0.3999,3,card_expired,1,198,active,7.5,upi,regular,27.5,0,0
5971.65,4,0.9282,0,authentication_failed,0,77,active,6.5,card,starter,22.2,1,1
1087.37,38,0.3943,1,insufficient_funds,1,290,active,0.1,upi,enterprise,6.9,1,1
12291.51,10,0.8939,4,gateway_timeout,2,43,active,3.0,card,regular,5.6,0,1
8844.97,29,0.5458,1,insufficient_funds,1,167,active,1.7,card,regular,7.2,0,1
15158.69,2,0.7871,0,card_expired,0,71,active,9.6,card,enterprise,4.9,1,1
6668.02,18,0.7315,2,authentication_failed,0,978,active,15.2,upi,vip,13.3,0,1
4952.02,3,0.6011,4,insufficient_funds,0,57,active,1.1,card,regular,0.9,1,1
2908.51,43,0.8096,3,authentication_failed,0,745,active,0.9,netbanking,regular,4.0,0,1
13695.09,1,0.7567,1,insufficient_funds,2,663,trialing,0.6,upi,regular,1.0,0,1
10251.96,6,0.5878,1,authentication_failed,2,111,active,9.2,upi,enterprise,1.3,0,1
431.36,14,0.8006,2,authentication_failed,0,5,active,2.4,card,regular,15.0,1,1
333.6,5,0.4537,2,insufficient_funds,1,328,active,1.0,card,enterprise,1.6,1,1
2561.74,5,0.6016,0,gateway_timeout,3,43,active,1.5,upi,regular,12.5,0,0
8518.24,40,0.8011,1,insufficient_funds,3,255,active,2.1,card,regular,10.1,1,1
22021.38,5,0.888,2,card_expired,2,56,active,15.8,netbanking,regular,0.6,1,1
1015.05,8,0.8807,1,insufficient_funds,0,6,active,9.0,netbanking,vip,10.4,1,1
4708.62,0,0.816,1,gateway_timeout,4,9,active,2.7,upi,enterprise,1.4,0,1
2597.37,17,0.8912,1,insufficient_funds,2,256,unpaid,8.0,wallet,regular,17.0,1,0
17718.54,9,0.9703,0,insufficient_funds,1,442,past_due,1.1,card,regular,18.9,1,1
9429.57,4,0.6556,3,network_error,3,510,past_due,3.0,card,vip,6.1,1,1
9310.95,0,0.7983,0,insufficient_funds,0,242,past_due,6.1,upi,regular,1.7,1,1
3362.08,8,0.7197,2,insufficient_funds,1,104,active,0.7,card,regular,1.2,0,0
2879.17,0,0.6861,3,authentication_failed,1,213,unpaid,2.9,upi,regular,8.6,0,1
1796.94,0,0.8655,1,insufficient_funds,0,278,active,1.7,upi,regular,1.0,0,1
490.13,9,0.9351,1,insufficient_funds,0,242,unpaid,6.0,netbanking,regular,2.4,1,1
10202.13,1,0.7721,2,network_error,2,68,past_due,7.9,card,vip,1.2,0,1
8580.59,2,0.6812,1,card_expired,0,237,active,0.6,wallet,vip,0.6,0,1
41062.23,10,0.6214,0,authentication_failed,1,134,past_due,6.4,card,regular,2.5,0,0
28674.37,0,0.7564,5,insufficient_funds,2,151,trialing,4.2,netbanking,regular,14.5,0,0
4253.26,3,0.9195,2,authentication_failed,2,297,canceled,26.4,card,regular,3.2,0,0
7526.42,1,0.5169,3,network_error,3,268,past_due,1.8,card,regular,3.6,1,0
14680.86,8,0.6383,0,card_expired,1,56,past_due,2.3,card,enterprise,11.2,1,1
9673.86,10,0.6067,2,insufficient_funds,0,1,unpaid,3.1,netbanking,regular,10.9,0,0
1620.76,12,0.8955,0,card_expired,2,483,active,6.3,upi,starter,17.2,1,1
3194.13,2,0.7209,2,gateway_timeout,1,301,canceled,2.6,card,vip,4.4,1,0
891.48,0,0.9078,0,network_error,2,558,active,0.8,upi,regular,0.2,0,1
15601.12,0,0.8303,1,insufficient_funds,0,79,trialing,7.1,card,enterprise,0.7,1,1
4859.24,5,0.7591,0,gateway_timeout,0,1080,active,1.0,upi,starter,4.2,0,1
1498.02,27,0.7747,2,authentication_failed,0,142,active,0.6,card,enterprise,1.0,0,1
5769.15,2,0.6478,2,authentication_failed,0,621,active,2.1,upi,regular,7.2,1,1
5013.35,2,0.3398,0,insufficient_funds,2,258,active,3.4,wallet,enterprise,2.9,0,1
2417.1,1,0.6578,0,gateway_timeout,1,81,active,7.1,card,regular,3.1,1,1
802.7,8,0.9059,1,insufficient_funds,0,102,active,0.7,card,regular,0.3,0,1
5767.21,10,0.5327,3,insufficient_funds,0,252,past_due,0.5,upi,vip,1.7,1,1
3873.05,9,0.7974,1,network_error,0,285,canceled,13.1,card,vip,3.6,0,1
7599.04,18,0.8553,0,authentication_failed,3,200,active,6.0,netbanking,regular,1.8,0,0
3871.55,6,0.6369,2,gateway_timeout,0,740,active,2.2,netbanking,regular,7.6,0,1
9758.85,1,0.6901,3,insufficient_funds,1,266,past_due,5.4,wallet,regular,0.8,0,1
4213.77,3,0.8603,1,gateway_timeout,2,46,active,0.7,card,enterprise,1.3,0,1
4315.57,10,0.7081,0,gateway_timeout,0,14,active,0.4,upi,starter,2.9,1,1
10663.79,9,0.8101,0,authentication_failed,2,440,past_due,2.0,upi,regular,1.5,0,1
2783.24,7,0.6841,3,insufficient_funds,0,87,active,6.9,upi,regular,6.2,0,1
919.44,10,0.8472,3,insufficient_funds,1,941,active,1.0,card,regular,10.1,1,1
346.03,9,0.8864,1,gateway_timeout,0,331,active,0.5,upi,regular,14.6,1,1
7235.29,20,0.8711,3,card_expired,1,88,past_due,3.4,card,regular,1.2,1,0
5041.99,8,0.3657,1,authentication_failed,0,758,active,13.1,card,regular,7.1,0,1
6288.33,14,0.4341,1,authentication_failed,2,16,active,1.2,upi,regular,16.6,0,1
1397.41,2,0.8432,2,authentication_failed,1,174,active,3.1,netbanking,regular,3.4,0,1
933.06,10,0.8301,3,insufficient_funds,3,45,active,5.4,card,regular,5.4,1,1
273.26,22,0.869,2,insufficient_funds,1,645,active,1.7,card,enterprise,12.7,1,1
2358.44,4,0.8294,0,card_expired,2,9,canceled,1.6,card,enterprise,2.4,1,1
4656.99,14,0.8082,2,card_expired,3,331,active,4.4,card,vip,9.5,0,0
2689.91,12,0.7879,2,gateway_timeout,1,496,canceled,2.4,card,enterprise,9.5,0,1
3076.6,0,0.6195,1,gateway_timeout,2,82,past_due,10.2,netbanking,vip,0.3,0,1
11925.31,8,0.5716,3,insufficient_funds,1,327,unpaid,0.6,card,starter,0.1,1,1
2340.51,1,0.7701,3,insufficient_funds,0,23,active,1.9,card,regular,0.0,1,1
3807.63,32,0.7075,2,insufficient_funds,2,44,trialing,0.1,upi,enterprise,2.0,1,1
7854.36,15,0.5972,3,authentication_failed,5,800,active,0.9,upi,starter,5.8,0,0
2725.4,1,0.6684,4,insufficient_funds,3,65,past_due,2.2,netbanking,regular,1.2,0,1
5065.45,1,0.7353,0,insufficient_funds,0,87,active,1.8,netbanking,regular,7.0,1,1
10115.7,8,0.9761,2,network_error,4,560,active,1.6,card,starter,17.8,1,1
15130.95,4,0.7885,0,insufficient_funds,0,87,active,0.1,card,starter,4.1,1,1
995.41,0,0.9055,1,insufficient_funds,0,182,past_due,3.5,card,regular,4.6,0,0
13258.31,7,0.7805,3,insufficient_funds,0,89,active,8.8,netbanking,starter,3.1,0,0
3587.51,4,0.703,0,insufficient_funds,1,313,canceled,1.3,upi,regular,5.4,1,1
1693.68,1,0.7282,0,insufficient_funds,0,891,active,1.4,upi,regular,2.3,0,1
3272.93,15,0.646,1,network_error,0,31,active,4.5,upi,regular,1.0,1,1
19768.27,23,0.6954,2,authentication_failed,0,404,active,6.0,card,enterprise,5.0,1,1
3592.46,13,0.8664,0,authentication_failed,0,212,active,10.2,card,starter,2.7,0,1
2193.08,16,0.7086,1,card_expired,0,196,trialing,1.5,card,regular,1.8,0,0
5217.43,2,0.8504,3,insufficient_funds,1,242,active,1.6,upi,enterprise,3.6,1,1
1573.14,2,0.824,0,insufficient_funds,0,432,past_due,3.5,card,enterprise,13.9,0,1
594.48,2,0.4871,0,card_expired,1,308,active,1.2,card,vip,2.2,1,1
889.88,13,0.8226,0,insufficient_funds,2,176,active,1.0,upi,regular,0.5,0,1
885.09,28,0.7643,1,gateway_timeout,0,8,active,1.7,netbanking,regular,1.4,1,1
1023.8,11,0.8801,2,insufficient_funds,0,129,past_due,0.9,wallet,regular,1.2,0,0
947.3,20,0.9293,1,authentication_failed,0,572,trialing,0.7,card,starter,4.6,1,1
5320.42,9,0.8027,2,insufficient_funds,1,216,paused,5.8,card,regular,1.2,0,1
1203.73,4,0.8897,0,insufficient_funds,0,121,past_due,6.9,card,enterprise,14.1,0,0
2320.7,5,0.2848,1,gateway_timeout,1,18,active,16.9,card,regular,2.0,0,1
11554.87,0,0.7043,1,card_expired,2,863,active,1.6,upi,enterprise,3.4,1,1
3411.91,0,0.9241,0,insufficient_funds,1,66,active,7.4,upi,regular,8.0,0,0
5706.45,11,0.8697,2,insufficient_funds,0,274,active,0.3,netbanking,enterprise,7.8,0,1
1145.64,5,0.7701,2,insufficient_funds,1,225,active,2.8,upi,regular,15.0,0,1
1267.75,7,0.9871,2,insufficient_funds,2,46,unpaid,0.5,card,enterprise,5.6,0,1
408.64,7,0.3766,2,insufficient_funds,0,59,active,1.2,netbanking,regular,23.8,0,1
1125.24,3,0.4577,4,card_expired,0,705,active,0.8,upi,regular,1.8,1,0
1832.74,6,0.7119,2,gateway_timeout,4,1412,active,2.4,upi,regular,1.0,1,0
1174.06,6,0.7779,1,card_expired,3,115,active,2.2,card,enterprise,0.4,0,1
664.43,4,0.6756,0,insufficient_funds,0,174,canceled,2.2,upi,regular,7.2,0,1
842.78,16,0.8018,2,insufficient_funds,0,184,active,1.0,card,regular,0.6,1,1
3288.15,5,0.4569,1,insufficient_funds,1,34,past_due,7.0,wallet,regular,6.3,1,1
1355.46,8,0.5961,2,gateway_timeout,1,910,active,0.7,upi,enterprise,10.9,0,1
2464.91,21,0.8252,4,insufficient_funds,0,92,active,5.8,card,vip,8.0,0,1
3700.03,19,0.8627,2,insufficient_funds,0,145,active,9.3,upi,regular,4.5,0,1
6062.29,20,0.6501,1,authentication_failed,2,534,trialing,1.7,netbanking,regular,14.5,1,1
400.53,2,0.7165,1,insufficient_funds,3,304,active,4.6,card,enterprise,8.7,0,0
8232.47,0,0.9016,1,insufficient_funds,0,88,active,5.8,upi,regular,0.3,1,1
5142.97,2,0.514,2,insufficient_funds,2,17,trialing,1.8,card,regular,2.4,0,1
626.48,3,0.6366,1,insufficient_funds,1,37,active,2.5,upi,enterprise,0.8,0,1
10540.67,22,0.9508,3,insufficient_funds,0,124,active,0.1,upi,vip,2.3,0,1
12883.47,9,0.9509,1,gateway_timeout,0,147,active,1.0,upi,enterprise,6.2,1,1
515.11,0,0.8838,2,insufficient_funds,3,164,unpaid,3.0,wallet,starter,0.8,1,0
1820.88,1,0.761,3,authentication_failed,0,18,past_due,1.1,upi,regular,7.4,1,1
8404.68,1,0.7283,0,card_expired,0,11,past_due,1.2,upi,regular,2.2,1,1
7096.79,9,0.9275,3,insufficient_funds,4,245,active,1.8,card,regular,3.3,0,1
1219.9,12,0.6198,3,insufficient_funds,0,45,past_due,4.2,upi,enterprise,2.0,1,1
1374.5,18,0.5763,4,authentication_failed,3,267,canceled,3.0,upi,regular,18.4,0,0
2513.93,26,0.7125,1,gateway_timeout,1,41,past_due,0.5,card,regular,2.2,1,1
3513.31,2,0.7874,0,authentication_failed,0,200,active,2.6,card,regular,1.1,0,1
5015.01,3,0.7861,2,insufficient_funds,0,81,active,0.6,card,regular,2.6,0,0
2501.56,2,0.6138,1,gateway_timeout,1,57,past_due,2.3,wallet,regular,6.4,0,1
3304.46,4,0.7814,1,insufficient_funds,0,63,active,9.1,wallet,enterprise,3.7,1,1
7081.14,23,0.6982,2,insufficient_funds,2,140,active,2.8,upi,regular,3.1,1,1
386.86,8,0.4859,0,card_expired,1,195,past_due,35.8,upi,regular,1.8,0,0
1654.68,12,0.9421,1,insufficient_funds,3,436,trialing,1.9,card,vip,9.9,1,1
6447.46,6,0.7261,4,authentication_failed,3,325,past_due,0.8,card,enterprise,0.7,1,0
11478.83,0,0.9136,3,authentication_failed,3,60,trialing,8.0,card,enterprise,4.9,1,0
3783.9,0,0.8925,2,authentication_failed,1,143,past_due,0.8,card,regular,5.5,0,1
3997.65,7,0.7278,0,insufficient_funds,1,9,unpaid,3.3,card,regular,0.5,1,1
766.81,12,0.8048,2,gateway_timeout,0,212,active,2.2,card,vip,1.8,0,1
3165.72,2,0.6881,2,insufficient_funds,2,305,active,11.6,wallet,regular,11.9,1,0
4003.03,12,0.8183,2,network_error,0,340,active,10.1,upi,regular,2.3,1,1
1588.46,15,0.6849,0,authentication_failed,0,34,active,4.2,upi,regular,5.9,1,1
1768.37,5,0.6752,2,gateway_timeout,2,174,active,8.0,card,regular,1.4,0,0
2568.32,13,0.7207,1,gateway_timeout,3,536,active,1.0,upi,enterprise,6.3,0,1
301.38,4,0.7964,0,network_error,1,52,active,2.6,upi,starter,13.1,0,1
2143.62,10,0.7545,4,authentication_failed,2,19,active,13.3,netbanking,regular,0.3,0,1
1387.78,13,0.5165,0,insufficient_funds,0,76,active,1.9,card,enterprise,10.4,0,0
2183.75,45,0.8576,3,insufficient_funds,3,28,past_due,4.1,card,regular,3.0,0,1
837.82,4,0.6747,2,insufficient_funds,1,16,active,1.2,wallet,starter,1.0,1,1
11260.4,5,0.7367,1,insufficient_funds,3,64,active,3.4,upi,regular,1.4,1,1
4701.99,1,0.8581,3,insufficient_funds,0,115,active,2.2,wallet,regular,0.6,0,1
5883.16,2,0.764,0,network_error,0,341,active,0.2,netbanking,regular,1.6,1,1
7983.55,11,0.8411,3,authentication_failed,5,20,canceled,5.1,upi,regular,3.2,1,1
3650.18,23,0.8083,2,network_error,2,917,trialing,0.9,card,regular,0.9,1,1
654.66,4,0.7056,0,insufficient_funds,0,3,canceled,3.8,upi,starter,1.2,1,1
4051.29,1,0.7132,1,insufficient_funds,1,411,active,4.0,upi,regular,0.2,0,1
4619.62,3,0.7696,2,insufficient_funds,4,2,active,5.4,card,starter,0.8,1,1
7041.08,5,0.7385,1,insufficient_funds,3,73,trialing,2.6,upi,regular,5.6,1,1
3025.17,3,0.6228,1,authentication_failed,4,676,active,7.0,upi,enterprise,7.8,0,1
882.42,2,0.7004,0,insufficient_funds,0,143,trialing,2.0,card,vip,11.2,1,1
1868.81,12,0.8303,1,insufficient_funds,3,105,canceled,1.9,upi,regular,5.1,0,0
2455.57,0,0.6128,1,network_error,3,268,active,2.3,card,starter,12.5,1,1
5391.12,7,0.8952,3,network_error,0,365,unpaid,8.3,upi,regular,2.6,1,1
4428.91,14,0.9325,2,insufficient_funds,2,627,trialing,5.2,card,regular,9.6,0,1
2401.03,2,0.6239,2,insufficient_funds,1,608,active,3.9,upi,vip,1.0,1,1
21730.98,8,0.7597,1,authentication_failed,1,300,active,4.9,card,regular,2.1,1,1
4854.17,10,0.7013,2,insufficient_funds,1,12,active,5.7,card,regular,5.5,0,1
1553.97,10,0.734,1,gateway_timeout,0,93,active,4.0,upi,regular,6.5,1,1
736.72,5,0.6941,1,authentication_failed,0,90,active,2.5,card,enterprise,1.1,1,1
1029.44,4,0.8871,0,authentication_failed,0,97,past_due,1.0,upi,regular,5.2,1,1
1611.53,17,0.8825,0,network_error,3,29,past_due,10.3,upi,enterprise,9.2,1,1
1075.82,13,0.8598,2,insufficient_funds,0,11,active,5.1,upi,enterprise,2.0,0,1
1232.46,3,0.5365,3,card_expired,1,66,active,1.1,card,regular,9.6,1,0
1878.03,1,0.8753,2,gateway_timeout,1,220,active,8.7,upi,regular,1.2,0,1
1152.01,0,0.6943,3,insufficient_funds,3,1,active,5.3,card,starter,9.8,0,0
11553.76,0,0.9504,0,insufficient_funds,0,547,paused,3.8,upi,regular,17.4,1,1
618.18,8,0.6441,0,authentication_failed,1,636,active,2.2,upi,regular,3.8,1,1
3917.06,0,0.697,1,insufficient_funds,2,238,canceled,2.6,card,starter,10.2,1,0
2841.53,3,0.8805,5,authentication_failed,0,14,canceled,2.6,wallet,regular,4.5,0,1
20393.21,13,0.5313,1,insufficient_funds,2,974,unpaid,3.5,upi,regular,12.4,0,1
794.14,3,0.8053,3,card_expired,0,242,active,1.8,card,enterprise,3.4,0,0
2736.29,13,0.8616,1,authentication_failed,1,190,past_due,2.2,card,regular,4.4,1,1
17645.3,12,0.6165,1,authentication_failed,0,163,canceled,1.7,card,starter,1.3,0,1
10231.22,2,0.6688,2,insufficient_funds,0,36,trialing,14.4,netbanking,starter,0.4,0,0
8693.32,12,0.9265,1,insufficient_funds,0,400,active,2.6,upi,regular,10.7,0,1
1691.38,13,0.6783,2,authentication_failed,2,172,active,5.5,card,starter,6.6,0,1
1137.0,4,0.5646,2,network_error,0,6,active,2.2,upi,vip,4.4,0,1
5722.8,2,0.662,6,authentication_failed,0,42,active,7.5,upi,regular,1.9,1,1
13451.93,6,0.5993,0,insufficient_funds,1,85,active,1.5,upi,starter,0.5,1,1
4268.25,24,0.8103,0,network_error,0,615,past_due,1.4,card,regular,7.6,0,1
4438.64,9,0.6009,2,card_expired,3,154,active,0.2,card,regular,2.1,1,1
1842.38,1,0.8888,2,card_expired,1,707,trialing,2.5,wallet,regular,0.6,0,1
7537.37,10,0.7989,3,authentication_failed,1,81,active,5.6,card,enterprise,1.9,1,1
1235.39,5,0.9336,0,card_expired,3,1037,active,1.2,card,starter,4.2,0,1
2155.44,8,0.5214,0,insufficient_funds,1,777,active,1.7,upi,regular,5.4,0,1
2970.72,12,0.6417,1,card_expired,0,312,active,0.8,netbanking,regular,1.9,0,1
3742.42,6,0.8101,3,authentication_failed,2,354,trialing,0.4,upi,regular,8.7,0,1
1588.06,15,0.4992,3,network_error,3,7,past_due,8.5,card,enterprise,6.1,1,1
809.92,12,0.9501,1,insufficient_funds,2,66,active,3.4,upi,vip,2.2,0,1
4916.0,9,0.6099,2,insufficient_funds,0,55,active,8.3,upi,regular,12.0,1,0
1902.82,1,0.6758,1,gateway_timeout,1,802,past_due,0.1,upi,regular,0.0,0,1
4552.27,17,0.6852,0,network_error,0,132,past_due,0.1,upi,regular,10.8,0,1
1038.32,26,0.5867,1,insufficient_funds,1,231,active,3.3,upi,vip,5.4,1,1
3480.61,1,0.8968,2,insufficient_funds,2,79,active,2.9,card,vip,5.5,0,1
4002.74,6,0.8239,3,insufficient_funds,1,74,active,1.6,card,enterprise,6.8,0,0
466.07,2,0.663,2,gateway_timeout,1,136,active,2.0,card,enterprise,1.5,0,1
2251.92,13,0.7329,0,authentication_failed,0,96,active,0.1,card,regular,5.9,1,1
921.75,12,0.8261,1,network_error,0,349,active,6.0,card,starter,1.8,0,1
527.36,1,0.8616,2,card_expired,1,244,paused,2.1,upi,enterprise,1.5,0,1
23206.01,19,0.6917,3,authentication_failed,5,296,active,5.2,upi,starter,1.7,0,1
2145.65,1,0.3999,3,insufficient_funds,0,195,canceled,11.1,wallet,regular,1.1,1,0
8500.35,15,0.7161,2,card_expired,0,583,active,0.1,upi,enterprise,7.5,0,1
1669.44,5,0.942,1,authentication_failed,3,17,canceled,5.4,card,enterprise,16.2,1,0
5920.71,3,0.7375,1,card_expired,1,347,past_due,8.5,upi,regular,0.4,1,0
7340.33,1,0.6734,0,authentication_failed,5,69,active,7.8,upi,regular,3.8,1,1
4727.23,1,0.6808,1,gateway_timeout,0,244,canceled,10.0,card,regular,6.1,1,1
3389.28,10,0.6916,0,insufficient_funds,0,651,trialing,0.8,card,regular,1.7,1,1
2853.79,7,0.7982,3,network_error,0,94,active,0.4,card,enterprise,2.0,0,1
2345.22,1,0.812,1,gateway_timeout,1,831,active,0.1,card,regular,1.1,0,1
13462.78,1,0.4496,2,authentication_failed,0,49,active,3.3,upi,starter,2.1,1,1
9078.04,0,0.6132,1,authentication_failed,0,777,active,7.0,netbanking,enterprise,3.3,1,1
16965.88,12,0.5678,1,authentication_failed,0,11,active,5.1,upi,starter,0.6,1,1
863.64,11,0.6117,4,insufficient_funds,1,100,active,5.7,upi,enterprise,0.8,0,1
6762.76,0,0.9136,2,insufficient_funds,0,300,active,1.3,upi,enterprise,1.6,0,1
14130.64,7,0.8794,2,insufficient_funds,4,466,active,9.2,upi,vip,1.0,0,1
1199.78,0,0.8056,0,insufficient_funds,0,46,active,7.6,upi,vip,16.1,0,1
544.05,22,0.7511,0,insufficient_funds,3,681,active,0.3,netbanking,regular,0.1,0,1
6956.97,22,0.4711,1,gateway_timeout,0,43,active,7.7,upi,regular,1.3,1,1
4472.14,11,0.6025,0,network_error,1,508,trialing,6.9,upi,vip,2.2,0,1
9420.39,24,0.8771,1,network_error,4,541,past_due,2.7,card,enterprise,7.0,0,1
952.79,15,0.6255,0,gateway_timeout,2,335,trialing,4.7,upi,starter,2.2,0,1
8130.25,16,0.4281,2,insufficient_funds,0,554,active,0.8,upi,regular,3.7,0,1
1325.9,8,0.6388,5,insufficient_funds,1,22,past_due,7.5,card,enterprise,0.2,1,1
1093.58,3,0.5707,1,insufficient_funds,0,650,active,6.9,upi,enterprise,2.0,0,1
1097.22,2,0.6408,2,card_expired,2,156,active,9.0,card,regular,7.3,1,1
8625.52,3,0.579,0,gateway_timeout,1,88,unpaid,0.1,wallet,enterprise,7.0,0,1
5671.07,9,0.5849,1,insufficient_funds,1,2,active,7.4,upi,regular,2.7,1,1
3901.88,1,0.6888,2,authentication_failed,0,212,past_due,0.4,upi,regular,7.3,0,1
2422.31,2,0.7204,4,authentication_failed,0,17,active,1.0,upi,regular,2.7,0,1
10686.01,5,0.8511,3,insufficient_funds,0,4,active,0.2,upi,regular,2.2,0,1
2691.56,2,0.7413,0,authentication_failed,1,136,unpaid,0.6,upi,enterprise,0.9,0,1
8680.41,8,0.7868,2,network_error,3,16,active,3.8,card,vip,1.6,0,0
3091.37,24,0.9405,2,insufficient_funds,0,469,trialing,0.7,upi,regular,3.5,1,1
2565.6,13,0.8402,1,insufficient_funds,2,12,canceled,7.0,netbanking,regular,6.1,1,0
3305.81,10,0.7279,0,insufficient_funds,0,207,active,1.5,wallet,regular,0.4,1,1
1993.23,8,0.8243,2,insufficient_funds,0,188,active,2.4,netbanking,regular,13.7,0,1
7083.89,6,0.7611,0,insufficient_funds,1,207,trialing,7.7,card,vip,1.2,1,1
3693.01,1,0.7806,3,network_error,0,36,active,2.1,upi,regular,0.5,0,1
1521.21,21,0.6905,5,card_expired,0,535,trialing,3.0,card,regular,1.3,0,1
11691.7,2,0.5744,0,authentication_failed,0,265,active,0.1,upi,starter,3.0,0,1
2621.66,0,0.7584,0,authentication_failed,0,382,past_due,1.8,card,enterprise,4.6,1,1
4121.41,13,0.9639,1,gateway_timeout,0,471,active,1.9,netbanking,regular,4.2,1,1
12047.48,1,0.8798,2,insufficient_funds,2,563,active,6.9,upi,regular,4.8,0,1
5094.0,4,0.5841,1,insufficient_funds,1,321,active,0.4,card,regular,0.8,1,1
821.57,0,0.5299,0,authentication_failed,0,325,active,0.5,upi,regular,6.9,0,1
14253.08,1,0.5307,2,insufficient_funds,0,41,canceled,5.2,wallet,enterprise,3.0,0,0
5140.38,1,0.5731,0,authentication_failed,0,47,canceled,5.6,wallet,starter,2.3,0,0
2239.13,0,0.5952,0,card_expired,2,351,past_due,3.0,upi,enterprise,8.6,1,1
949.88,10,0.8235,2,authentication_failed,1,63,active,1.7,card,regular,31.8,0,0
8100.01,17,0.5221,2,card_expired,1,202,active,3.5,upi,starter,1.9,0,1
5038.88,4,0.3449,2,gateway_timeout,0,80,past_due,4.9,upi,regular,5.2,0,0
4012.07,19,0.6168,3,authentication_failed,2,74,active,0.6,upi,regular,7.6,0,1
11416.52,2,0.7135,2,insufficient_funds,0,150,active,2.6,netbanking,vip,1.1,0,1
7969.95,3,0.7663,1,gateway_timeout,1,46,active,5.3,upi,vip,1.9,1,1
1022.46,1,0.903,3,authentication_failed,1,468,active,1.2,card,starter,2.3,1,1
2067.81,9,0.9255,3,network_error,3,41,active,2.9,upi,regular,7.8,0,1
1628.35,5,0.6093,4,authentication_failed,2,377,past_due,2.1,card,starter,14.5,1,1
7011.84,9,0.7068,2,insufficient_funds,0,159,active,0.4,card,regular,18.2,0,1
370.54,13,0.5424,0,network_error,0,58,active,6.4,card,regular,9.4,0,1
4418.57,7,0.3338,2,insufficient_funds,1,105,active,0.4,netbanking,starter,4.2,0,1
7387.07,9,0.7721,1,card_expired,0,140,canceled,3.2,netbanking,starter,0.3,0,1
10668.34,25,0.6208,1,authentication_failed,0,82,canceled,0.2,upi,regular,5.0,0,1
2293.37,3,0.6436,0,gateway_timeout,3,415,trialing,1.4,netbanking,regular,5.8,1,1
8809.04,4,0.7148,2,insufficient_funds,2,109,active,0.1,netbanking,enterprise,6.7,0,0
786.22,12,0.6877,0,authentication_failed,0,169,canceled,12.7,card,starter,4.2,0,0
9568.72,8,0.8621,3,insufficient_funds,1,8,canceled,1.6,netbanking,enterprise,5.2,1,1
881.9,1,0.5032,3,insufficient_funds,0,64,active,14.9,card,regular,1.0,0,1
2731.57,4,0.5037,3,insufficient_funds,1,22,active,2.6,netbanking,enterprise,0.3,1,1
8180.03,5,0.4436,1,insufficient_funds,0,599,active,9.5,upi,regular,0.9,0,1
1012.11,5,0.8377,1,authentication_failed,1,494,active,0.8,card,regular,0.0,0,1
1501.97,1,0.8745,0,insufficient_funds,3,83,active,0.2,card,starter,12.7,1,1
6605.22,24,0.839,1,authentication_failed,1,168,active,0.8,card,regular,1.9,0,1
6565.48,13,0.5655,0,insufficient_funds,0,99,active,3.7,upi,regular,5.2,0,0
5324.22,6,0.4482,0,authentication_failed,1,375,active,13.3,upi,regular,8.8,1,1
6120.01,10,0.5914,2,gateway_timeout,0,67,active,0.2,card,regular,1.0,0,1
4112.35,21,0.667,2,insufficient_funds,0,418,active,4.2,netbanking,regular,1.2,0,1
1650.42,1,0.343,2,card_expired,0,50,active,0.4,upi,regular,0.7,0,1
2320.92,2,0.6665,1,insufficient_funds,0,87,active,3.1,upi,regular,18.7,1,1
1202.01,7,0.8946,0,authentication_failed,3,549,active,4.2,card,regular,6.4,1,1
12154.38,15,0.4584,1,insufficient_funds,0,85,trialing,3.3,upi,regular,6.2,0,1
4578.05,0,0.9703,0,network_error,1,605,active,3.2,card,enterprise,4.8,0,1
2761.23,39,0.8065,0,insufficient_funds,1,37,active,6.9,card,regular,11.8,0,1
3299.54,5,0.7458,0,authentication_failed,0,250,active,2.4,wallet,enterprise,0.2,1,1
14914.12,4,0.8598,0,card_expired,2,82,trialing,0.3,netbanking,regular,5.2,1,1
1032.35,3,0.8724,1,insufficient_funds,1,97,active,2.9,card,regular,2.2,0,1
4612.22,1,0.8383,3,insufficient_funds,2,449,past_due,2.8,card,regular,9.3,1,1
3724.97,14,0.894,2,insufficient_funds,0,213,active,7.1,upi,regular,0.1,0,1
4926.72,29,0.5237,2,gateway_timeout,0,62,active,11.4,card,regular,2.6,1,1
291.38,5,0.5034,1,gateway_timeout,0,728,active,9.9,upi,regular,0.6,0,1
10483.47,28,0.7095,0,insufficient_funds,1,130,active,7.9,card,enterprise,6.9,1,1
13649.94,16,0.5281,2,gateway_timeout,1,529,trialing,2.2,card,regular,6.9,1,1
4363.58,6,0.8629,1,insufficient_funds,2,608,active,0.9,card,enterprise,4.9,1,1
6164.35,10,0.6901,5,insufficient_funds,3,136,canceled,0.8,card,regular,2.4,0,0
12987.35,5,0.7777,2,insufficient_funds,0,134,canceled,5.9,netbanking,enterprise,9.1,1,1
6341.99,7,0.8397,0,insufficient_funds,3,202,active,12.2,netbanking,regular,2.0,1,1
1027.55,0,0.9017,4,network_error,0,254,active,5.7,upi,starter,5.5,0,1
4493.51,11,0.779,2,gateway_timeout,0,15,trialing,6.3,upi,enterprise,7.9,0,0
4866.1,0,0.7237,2,gateway_timeout,1,18,active,13.4,wallet,regular,1.3,1,1
2959.37,16,0.7502,1,authentication_failed,1,73,active,11.0,upi,starter,0.7,0,1
6867.45,16,0.8968,2,authentication_failed,0,142,trialing,0.5,card,regular,1.4,0,1
13818.38,2,0.7983,3,gateway_timeout,0,266,active,8.0,wallet,starter,3.1,1,1
13189.38,3,0.3021,2,insufficient_funds,0,55,active,9.3,upi,regular,0.1,1,1
3196.82,6,0.8577,2,insufficient_funds,1,92,trialing,0.4,wallet,enterprise,2.6,0,1
800.89,8,0.534,1,card_expired,1,131,active,8.6,card,vip,0.5,0,1
21145.87,3,0.9208,0,insufficient_funds,0,82,canceled,4.9,wallet,vip,2.2,1,1
9328.59,8,0.7155,1,gateway_timeout,0,122,past_due,5.1,wallet,enterprise,9.7,1,1
865.73,3,0.7056,1,network_error,0,35,past_due,13.2,card,regular,2.8,0,1
12881.54,0,0.7261,2,network_error,1,4,unpaid,1.9,card,regular,5.2,1,0
10397.12,0,0.8836,2,insufficient_funds,0,55,active,5.5,card,regular,4.0,1,1
3857.76,1,0.7736,2,network_error,0,80,active,5.3,card,regular,0.6,0,1
4673.57,14,0.7798,2,insufficient_funds,1,390,past_due,5.8,card,vip,1.9,0,1
2745.82,30,0.9926,0,insufficient_funds,3,349,active,2.9,upi,regular,19.1,1,1
481.59,5,0.8595,0,insufficient_funds,0,324,active,3.0,card,starter,13.1,0,1
2241.32,6,0.5277,1,gateway_timeout,1,808,past_due,8.0,card,enterprise,4.9,1,1
8319.04,1,0.7918,1,insufficient_funds,3,132,active,1.0,upi,enterprise,0.9,0,1
223.21,7,0.7435,2,insufficient_funds,0,28,active,3.8,upi,regular,10.9,0,1
2228.57,1,0.7102,5,authentication_failed,4,427,active,2.9,upi,regular,3.8,0,1
2738.89,8,0.8654,2,insufficient_funds,0,219,past_due,2.1,upi,regular,2.6,0,1
4054.42,25,0.8232,3,insufficient_funds,0,1500,active,8.8,card,regular,1.7,1,1
12819.63,2,0.4424,1,authentication_failed,1,104,active,0.2,upi,regular,1.3,1,1
2325.89,13,0.4813,2,gateway_timeout,1,519,active,1.8,upi,regular,13.2,0,1
2330.53,0,0.4947,2,authentication_failed,5,492,active,5.2,card,enterprise,2.7,0,1
6887.54,4,0.8116,1,insufficient_funds,0,1024,active,2.4,card,enterprise,0.3,0,1
3209.39,1,0.8293,1,insufficient_funds,5,1037,trialing,6.2,upi,regular,9.6,0,0
1471.91,4,0.8355,1,insufficient_funds,3,1203,active,2.7,card,regular,1.2,1,1
3211.41,1,0.6423,3,authentication_failed,0,614,canceled,0.6,wallet,vip,2.8,1,1
959.1,4,0.8807,2,insufficient_funds,0,76,active,4.1,netbanking,enterprise,4.5,1,1
1170.27,5,0.5759,2,insufficient_funds,0,146,active,1.6,netbanking,regular,5.3,1,1
3649.44,3,0.4622,2,authentication_failed,3,881,trialing,0.7,card,starter,20.9,1,1
2914.38,10,0.6706,2,network_error,0,128,unpaid,3.8,card,regular,1.3,0,1
12516.46,23,0.7057,1,insufficient_funds,0,627,canceled,7.5,card,enterprise,1.7,0,0
2450.17,4,0.7633,0,insufficient_funds,1,354,active,2.3,upi,vip,5.4,1,1
4544.51,2,0.7657,3,insufficient_funds,0,503,paused,1.4,card,regular,2.8,0,1
5201.95,2,0.6117,0,authentication_failed,0,355,active,12.5,upi,regular,2.5,0,1
265.9,18,0.7622,1,authentication_failed,1,121,active,4.7,upi,regular,6.2,0,1
5646.34,8,0.7928,0,insufficient_funds,0,80,past_due,1.9,upi,vip,2.8,0,1
1180.29,5,0.7735,1,insufficient_funds,1,304,active,1.4,upi,vip,3.3,0,1
16429.99,1,0.6226,0,card_expired,0,23,active,0.6,upi,regular,0.4,1,1
1004.73,5,0.6717,1,authentication_failed,2,52,trialing,2.5,upi,enterprise,3.4,0,1
2877.51,3,0.8953,3,gateway_timeout,0,8,canceled,1.6,wallet,regular,6.1,0,0
646.07,27,0.3758,0,insufficient_funds,4,84,trialing,21.6,card,regular,0.5,0,0
29040.41,20,0.7653,2,authentication_failed,2,94,active,2.2,card,regular,0.2,0,1
3687.73,0,0.6529,1,card_expired,0,560,active,0.7,netbanking,starter,6.5,0,1
4724.1,6,0.4619,2,authentication_failed,0,359,canceled,1.3,upi,regular,0.5,0,0
547.16,2,0.587,1,insufficient_funds,0,290,canceled,0.1,upi,enterprise,1.7,0,0
7130.68,5,0.7136,1,card_expired,0,399,canceled,3.3,upi,starter,5.3,0,0
1378.01,19,0.8455,1,insufficient_funds,0,255,past_due,8.9,upi,regular,9.5,1,0
11616.57,7,0.6045,2,gateway_timeout,2,76,active,3.6,upi,regular,2.3,0,1
1347.94,3,0.8736,3,insufficient_funds,0,788,active,0.4,upi,regular,6.4,0,1
1257.85,2,0.5086,0,authentication_failed,0,37,active,6.0,card,starter,4.7,0,0
386.17,15,0.4052,2,insufficient_funds,0,29,active,0.7,card,regular,4.6,1,1
3393.93,9,0.4799,0,network_error,5,69,past_due,1.3,card,vip,0.7,1,0
4360.22,5,0.9709,0,card_expired,3,486,active,0.9,upi,regular,1.9,1,1
539.83,2,0.4968,2,insufficient_funds,0,147,active,11.6,upi,starter,0.2,1,1
7670.01,3,0.6455,3,card_expired,0,127,active,2.8,upi,regular,4.3,0,1
3219.17,30,0.6061,2,insufficient_funds,0,84,active,5.3,upi,enterprise,3.6,0,1
3915.79,6,0.7513,3,authentication_failed,0,804,active,6.5,upi,enterprise,5.5,1,0
3105.91,4,0.7368,3,card_expired,0,369,active,3.0,upi,regular,0.6,1,1
2760.49,6,0.5888,3,gateway_timeout,1,46,trialing,4.3,upi,starter,11.8,1,1
4300.82,14,0.3359,1,insufficient_funds,0,108,active,1.4,card,enterprise,9.9,1,1
1043.52,3,0.9113,0,authentication_failed,0,112,paused,15.1,upi,regular,5.6,0,0
1204.03,1,0.8502,1,insufficient_funds,1,64,canceled,0.7,upi,regular,1.2,0,1
10094.75,8,0.8791,1,authentication_failed,2,35,past_due,0.3,card,regular,4.9,1,1
14804.56,10,0.5329,3,insufficient_funds,1,455,trialing,1.7,card,regular,13.8,0,1
2536.51,11,0.4967,1,gateway_timeout,2,184,active,12.4,upi,regular,2.9,0,1
1778.66,20,0.8506,4,network_error,0,110,trialing,2.6,upi,regular,1.8,0,0
5364.12,4,0.603,1,insufficient_funds,0,16,active,0.3,card,regular,4.5,0,1
2827.45,0,0.5185,3,gateway_timeout,3,73,canceled,4.7,upi,enterprise,0.1,0,1
328.57,30,0.5624,0,card_expired,4,323,active,18.3,upi,enterprise,10.9,0,1
1048.92,5,0.8379,7,insufficient_funds,2,563,past_due,0.1,upi,starter,2.1,1,1
6493.42,9,0.6631,2,authentication_failed,2,556,trialing,2.6,upi,regular,15.3,1,1
5578.25,10,0.5395,2,card_expired,0,94,active,6.3,card,enterprise,14.0,0,1
337.35,7,0.6576,2,authentication_failed,5,309,active,2.4,card,regular,0.3,1,1
1454.96,2,0.8117,3,authentication_failed,0,40,active,1.7,card,starter,14.2,1,0
1513.81,13,0.7027,3,network_error,1,84,canceled,0.9,card,starter,5.0,0,0
5772.07,15,0.7318,2,card_expired,1,182,paused,0.6,card,regular,6.2,0,0
299.54,7,0.7924,0,authentication_failed,1,374,past_due,0.4,upi,regular,12.4,0,1
749.68,6,0.9055,1,authentication_failed,5,604,active,6.0,card,regular,1.8,0,1
8245.09,1,0.7515,1,insufficient_funds,1,713,active,1.5,card,regular,3.2,0,1
1183.39,0,0.5175,2,card_expired,0,45,active,2.4,card,regular,1.7,1,1
5488.5,3,0.6635,0,insufficient_funds,1,146,active,7.5,card,regular,1.3,1,1
1560.24,3,0.7751,2,insufficient_funds,0,282,canceled,2.0,wallet,enterprise,14.5,0,1
723.7,29,0.4801,1,insufficient_funds,1,350,trialing,0.3,upi,vip,1.5,0,1
1593.1,14,0.5903,1,insufficient_funds,0,176,trialing,2.2,netbanking,starter,1.0,0,1
6605.47,10,0.7869,2,card_expired,0,15,active,3.4,upi,regular,3.1,0,1
9879.18,6,0.9192,4,network_error,1,405,active,0.1,upi,enterprise,23.3,1,1
9066.25,1,0.635,3,gateway_timeout,2,496,active,3.5,upi,enterprise,0.4,0,1
2730.71,36,0.9476,2,insufficient_funds,2,555,active,0.6,upi,enterprise,8.7,1,1
5714.38,4,0.6659,0,card_expired,3,521,past_due,0.5,upi,regular,2.0,0,0
1346.97,1,0.9738,2,card_expired,0,351,canceled,4.9,card,regular,2.9,1,1
1934.67,6,0.6893,1,card_expired,1,135,active,0.6,upi,regular,6.6,1,0
11532.99,19,0.9211,2,insufficient_funds,1,50,canceled,0.4,netbanking,regular,2.7,1,1
265.44,20,0.8075,1,authentication_failed,3,36,trialing,2.4,upi,vip,1.3,1,1
646.94,0,0.5954,2,authentication_failed,2,309,active,2.1,card,regular,12.3,0,0
1365.25,20,0.9116,1,gateway_timeout,1,377,active,4.2,card,starter,9.7,0,1
334.45,3,0.7914,3,gateway_timeout,1,264,active,12.0,upi,starter,1.4,1,1
1201.02,0,0.7665,2,insufficient_funds,3,213,active,0.4,card,regular,4.7,1,1
4573.84,17,0.8284,1,network_error,5,223,active,11.1,upi,vip,14.6,0,1
2935.93,18,0.7358,1,authentication_failed,2,17,active,5.4,upi,regular,0.8,0,1
11359.32,8,0.8114,0,insufficient_funds,0,83,active,1.3,card,regular,0.9,0,1
8703.48,8,0.8463,1,gateway_timeout,3,47,trialing,9.0,card,regular,0.7,1,1
2291.36,15,0.549,0,insufficient_funds,1,152,active,0.2,card,regular,1.5,1,1
1701.63,14,0.8608,1,insufficient_funds,0,21,active,16.4,upi,starter,1.9,0,1
2587.7,20,0.5759,1,insufficient_funds,0,101,active,6.0,netbanking,vip,0.1,0,1
4661.59,7,0.4587,4,authentication_failed,2,522,past_due,1.6,netbanking,regular,10.4,0,1
1760.31,32,0.7817,3,insufficient_funds,3,26,canceled,4.6,upi,vip,5.0,1,1
5092.81,52,0.2351,2,insufficient_funds,1,209,active,14.5,card,regular,6.1,1,1
2833.18,1,0.9606,3,gateway_timeout,0,77,active,1.7,upi,starter,6.8,0,1
4215.34,17,0.5867,1,insufficient_funds,5,116,active,2.3,card,regular,0.3,1,1
3064.63,6,0.6461,2,gateway_timeout,1,90,past_due,7.4,card,regular,18.5,1,1
1944.0,4,0.7939,1,network_error,2,17,active,2.4,upi,starter,0.5,0,1
15026.34,9,0.7038,2,insufficient_funds,2,18,active,0.5,upi,regular,0.8,0,0
7411.27,0,0.7171,3,card_expired,0,159,active,4.2,wallet,regular,8.3,1,0
954.77,6,0.8887,0,insufficient_funds,3,470,active,1.7,upi,enterprise,3.9,0,1
10342.52,19,0.375,0,insufficient_funds,0,674,active,11.4,card,enterprise,6.5,0,1
3541.6,2,0.8004,1,network_error,4,65,active,0.5,upi,enterprise,2.3,0,1
11447.7,5,0.5932,1,gateway_timeout,5,570,past_due,2.7,card,regular,0.4,1,0
8243.57,26,0.8308,1,insufficient_funds,0,13,active,5.4,upi,vip,3.9,0,0
2968.78,5,0.9316,3,insufficient_funds,0,459,past_due,9.1,upi,enterprise,0.3,0,1
313.63,4,0.9102,1,insufficient_funds,0,200,active,5.5,card,regular,0.4,0,1
1764.5,5,0.6462,2,insufficient_funds,0,23,trialing,11.0,upi,regular,0.5,1,0
4100.44,6,0.4371,0,network_error,1,21,active,5.5,card,regular,1.4,1,1
5218.49,9,0.7205,1,insufficient_funds,0,39,past_due,1.4,card,starter,0.5,1,1
1691.27,15,0.4594,2,insufficient_funds,4,13,canceled,7.3,card,regular,6.9,0,0
950.37,5,0.7399,1,insufficient_funds,1,307,canceled,3.1,netbanking,regular,6.2,0,0
9206.94,16,0.5229,1,authentication_failed,1,240,canceled,4.9,upi,regular,2.7,0,0
21003.12,7,0.43,3,card_expired,1,457,canceled,1.4,netbanking,regular,12.5,0,0
3929.47,3,0.619,2,insufficient_funds,1,167,canceled,16.0,card,enterprise,0.4,0,0
1141.77,10,0.6124,0,insufficient_funds,1,219,trialing,3.8,wallet,enterprise,3.5,0,1
1789.38,12,0.4308,0,authentication_failed,0,39,active,7.8,wallet,regular,18.3,1,1
292.81,7,0.4914,0,gateway_timeout,1,185,active,9.9,upi,starter,0.9,1,0
12484.44,0,0.8362,0,insufficient_funds,0,95,active,3.0,wallet,regular,2.4,0,1
826.41,1,0.7433,1,insufficient_funds,0,151,active,5.7,netbanking,regular,2.5,1,1
4496.2,3,0.7119,0,insufficient_funds,0,454,canceled,10.6,upi,vip,2.0,0,1
1801.41,3,0.7794,1,insufficient_funds,2,279,unpaid,1.2,upi,vip,0.6,0,1
4239.18,10,0.4508,0,card_expired,0,16,active,1.5,upi,regular,1.4,0,1
5469.44,0,0.8601,2,authentication_failed,0,798,active,7.8,upi,starter,2.6,1,1
9052.2,13,0.8478,0,authentication_failed,0,75,active,1.6,card,regular,3.8,0,1
1356.01,2,0.8962,1,insufficient_funds,5,154,active,1.1,upi,vip,7.2,0,1
255.28,3,0.4536,1,gateway_timeout,0,159,active,0.2,wallet,starter,3.6,1,1
936.04,7,0.7336,2,card_expired,0,262,active,2.0,upi,regular,2.3,1,1
11713.86,2,0.8821,4,insufficient_funds,4,466,paused,8.4,upi,enterprise,0.7,1,1
10553.01,20,0.831,1,insufficient_funds,1,83,past_due,1.2,card,enterprise,17.0,0,0
4749.22,0,0.8337,0,gateway_timeout,1,88,paused,18.8,upi,regular,2.6,0,1
4787.92,5,0.5459,1,card_expired,2,63,active,0.1,card,regular,12.1,0,0
5668.67,17,0.9993,2,gateway_timeout,1,357,active,1.1,upi,regular,0.3,1,1
1164.11,9,0.9188,1,insufficient_funds,1,253,paused,3.4,card,vip,10.5,0,1
12491.05,3,0.8165,2,gateway_timeout,5,59,active,6.4,upi,vip,0.1,0,0
2913.05,5,0.7572,2,network_error,1,149,active,3.1,card,enterprise,2.6,0,1
2615.55,11,0.7906,0,authentication_failed,2,131,past_due,0.2,card,regular,0.5,1,1
3858.58,34,0.5153,0,authentication_failed,0,193,trialing,2.0,card,enterprise,4.6,0,1
440.52,21,0.5929,1,authentication_failed,0,431,canceled,7.9,upi,regular,2.3,1,1
1109.31,3,0.7492,1,authentication_failed,1,558,past_due,0.4,upi,regular,9.4,0,1
6897.7,59,0.9765,1,gateway_timeout,2,62,paused,2.9,upi,regular,1.7,0,1
632.14,0,0.6657,1,card_expired,2,231,past_due,4.1,upi,enterprise,18.7,0,0
4821.01,0,0.8617,2,gateway_timeout,2,406,active,22.0,upi,regular,6.3,0,1
1607.5,16,0.9332,2,insufficient_funds,2,37,past_due,1.0,upi,enterprise,1.8,0,1
2665.71,2,0.9531,2,insufficient_funds,0,105,active,11.5,card,starter,7.8,0,1
1903.26,0,0.9603,2,authentication_failed,2,44,active,2.5,card,regular,8.6,0,1
2397.74,2,0.9609,4,network_error,2,119,active,0.2,upi,starter,0.3,0,1
6547.82,5,0.7997,2,insufficient_funds,0,11,active,7.7,upi,enterprise,0.0,0,1
1962.86,12,0.7661,2,insufficient_funds,1,171,canceled,0.4,upi,regular,7.7,1,1
4378.22,9,0.9606,1,gateway_timeout,1,1416,active,0.4,card,enterprise,10.9,0,1
3431.8,2,0.6462,2,insufficient_funds,5,520,trialing,0.1,upi,regular,0.3,0,1
5648.33,6,0.8585,1,gateway_timeout,2,178,unpaid,2.0,card,enterprise,8.1,0,1
14009.61,24,0.5201,2,network_error,2,222,past_due,0.9,card,regular,2.9,0,1
6794.53,16,0.3691,0,authentication_failed,0,366,past_due,0.7,wallet,regular,8.3,0,1
1409.98,3,0.6807,1,authentication_failed,1,66,active,7.8,upi,vip,0.3,0,1
358.4,38,0.8456,5,card_expired,1,200,active,2.6,upi,regular,1.6,0,1
1720.85,11,0.6216,2,gateway_timeout,0,166,past_due,2.4,upi,regular,1.7,0,1
4720.3,0,0.6389,2,gateway_timeout,0,122,active,6.5,netbanking,enterprise,2.2,0,1
463.98,0,0.8165,3,insufficient_funds,0,153,active,2.2,card,regular,2.5,0,1
3629.53,1,0.9025,1,authentication_failed,3,367,past_due,0.6,card,enterprise,0.1,1,1
4742.14,12,0.6469,0,insufficient_funds,2,120,unpaid,0.4,netbanking,vip,1.5,0,1
2234.16,1,0.8995,5,insufficient_funds,1,630,past_due,1.6,upi,enterprise,5.3,0,1
7568.25,6,0.838,1,insufficient_funds,2,571,canceled,5.3,netbanking,enterprise,1.9,0,0
763.59,0,0.745,1,insufficient_funds,1,910,active,3.7,upi,vip,0.7,1,1
590.55,24,0.8052,1,insufficient_funds,3,17,active,8.3,upi,enterprise,2.6,0,1
6713.24,4,0.6319,1,network_error,0,234,active,0.7,upi,starter,5.4,0,1
3620.85,22,0.6971,0,insufficient_funds,0,58,past_due,2.6,card,regular,12.3,0,1
6030.21,27,0.9717,2,gateway_timeout,0,21,active,7.1,card,enterprise,2.0,1,1
3053.12,0,0.7617,3,authentication_failed,1,181,active,5.2,card,regular,1.8,0,1
1614.48,5,0.7483,5,insufficient_funds,0,677,past_due,1.3,netbanking,starter,12.4,0,0
8749.12,0,0.6681,2,insufficient_funds,4,88,active,1.3,netbanking,starter,17.7,1,1
8232.61,22,0.6015,1,insufficient_funds,3,128,active,2.1,card,regular,1.6,1,1
6132.24,6,0.5648,3,gateway_timeout,1,287,active,0.1,wallet,regular,11.1,1,1
1788.27,0,0.3234,2,insufficient_funds,0,521,past_due,0.7,card,regular,2.5,0,1
4660.8,1,0.6831,5,insufficient_funds,0,27,past_due,1.8,netbanking,enterprise,5.1,0,1
2439.05,4,0.9069,0,authentication_failed,0,226,trialing,5.2,upi,vip,12.4,0,1
680.25,26,0.523,3,authentication_failed,0,69,active,4.0,netbanking,regular,0.1,1,1
12663.5,11,0.9039,1,gateway_timeout,2,376,trialing,20.2,netbanking,enterprise,1.3,1,1
935.65,19,0.8405,3,gateway_timeout,3,78,active,1.7,card,enterprise,9.0,1,1
15202.45,4,0.3297,2,authentication_failed,5,326,past_due,7.8,upi,regular,8.6,0,0
3153.01,0,0.2687,1,gateway_timeout,1,314,active,1.7,card,regular,0.4,0,1
1223.65,34,0.4045,1,insufficient_funds,4,931,active,1.2,card,vip,4.0,1,0
4103.35,0,0.8653,0,insufficient_funds,1,171,paused,2.7,upi,regular,1.7,1,1
10515.71,27,0.8207,1,network_error,1,44,trialing,2.7,upi,enterprise,3.8,1,1
6788.04,4,0.5706,3,insufficient_funds,0,394,trialing,1.5,upi,starter,4.7,1,1
8413.97,0,0.8855,2,insufficient_funds,3,344,canceled,8.8,card,regular,0.3,0,0
5576.19,11,0.8117,4,card_expired,3,476,paused,10.6,card,regular,0.3,1,0
6092.77,37,0.7371,2,authentication_failed,3,205,active,3.1,card,vip,5.8,1,1
9658.86,31,0.8696,3,authentication_failed,4,269,active,4.2,card,regular,2.0,0,1
1636.2,1,0.4996,2,insufficient_funds,2,827,past_due,4.6,upi,regular,8.9,0,1
3561.09,1,0.7237,1,gateway_timeout,0,5,canceled,1.4,upi,regular,1.4,0,0
1450.07,7,0.295,1,insufficient_funds,2,276,past_due,4.5,upi,regular,3.0,0,1
22177.79,9,0.7612,3,insufficient_funds,1,155,active,2.1,card,regular,2.0,0,1
14617.32,12,0.7686,0,insufficient_funds,4,133,active,2.2,upi,regular,4.7,1,1
401.13,1,0.4466,1,gateway_timeout,2,89,active,8.4,upi,starter,2.7,0,1
6313.66,30,0.7154,1,gateway_timeout,2,324,active,3.3,upi,enterprise,10.3,0,1
13167.92,9,0.7435,2,insufficient_funds,0,31,active,10.9,netbanking,enterprise,2.8,0,1
1195.76,17,0.847,4,insufficient_funds,1,66,active,5.2,upi,starter,4.4,1,1
4396.01,7,0.706,1,insufficient_funds,1,97,active,3.2,upi,enterprise,8.6,1,1
12554.33,5,0.7827,0,authentication_failed,1,57,active,4.9,upi,enterprise,4.9,0,1
372.68,35,0.4842,2,insufficient_funds,2,40,active,1.6,upi,regular,4.9,1,1
6177.05,8,0.6792,0,network_error,0,167,active,2.5,netbanking,regular,6.1,0,1
1964.47,19,0.2933,4,gateway_timeout,0,32,active,2.4,card,starter,2.4,0,1
13111.24,29,0.5587,4,authentication_failed,3,92,active,7.0,card,starter,0.1,0,1
17912.35,10,0.6375,1,gateway_timeout,2,595,active,1.5,upi,starter,5.1,0,1
14635.87,7,0.8467,0,insufficient_funds,1,198,active,3.2,upi,regular,1.1,0,1
3414.31,0,0.9243,1,gateway_timeout,0,184,trialing,2.2,card,regular,2.8,0,1
10104.05,0,0.6889,4,insufficient_funds,2,417,active,11.4,card,regular,15.8,0,1
9507.14,2,0.4336,0,authentication_failed,0,294,active,7.7,card,regular,24.5,0,0
2121.7,1,0.8647,0,card_expired,0,113,active,10.7,card,regular,2.4,1,1
9027.99,2,0.3259,3,network_error,2,37,past_due,2.3,upi,regular,0.8,1,1
388.55,3,0.7275,4,gateway_timeout,0,350,canceled,2.0,netbanking,regular,2.5,0,0
4735.04,4,0.5322,2,gateway_timeout,1,30,active,1.3,wallet,enterprise,2.2,0,1
1506.88,5,0.7645,1,gateway_timeout,1,92,canceled,1.1,netbanking,regular,10.0,1,1
842.39,0,0.7295,6,authentication_failed,0,376,active,2.3,wallet,regular,1.5,0,1
600.38,0,0.788,2,insufficient_funds,0,305,active,0.7,card,starter,6.9,0,1
6158.39,10,0.9193,2,authentication_failed,0,467,paused,22.2,card,starter,1.4,0,1
2276.63,7,0.5652,0,insufficient_funds,2,233,trialing,0.8,card,regular,3.4,0,0
6650.68,5,0.7289,2,insufficient_funds,0,246,active,5.6,card,starter,0.5,0,1
537.95,9,0.8463,2,card_expired,4,172,active,7.2,card,regular,3.9,0,0
2093.8,16,0.7338,3,authentication_failed,0,91,active,12.8,netbanking,regular,5.5,0,0
4077.12,5,0.4827,0,insufficient_funds,2,167,active,1.4,card,regular,2.4,0,1
8020.49,9,0.7255,2,insufficient_funds,1,32,unpaid,8.4,upi,enterprise,3.8,0,1
2119.15,29,0.7025,2,gateway_timeout,0,1281,active,1.4,card,regular,4.7,1,1
5116.05,17,0.7743,0,network_error,3,106,past_due,2.8,upi,vip,5.1,1,1
11056.81,5,0.6904,2,card_expired,0,486,trialing,3.4,card,regular,2.9,1,0
4983.78,9,0.8206,1,insufficient_funds,2,605,active,2.9,upi,regular,8.4,1,1
1526.08,1,0.6832,0,insufficient_funds,2,7,active,0.7,netbanking,regular,4.9,1,1
323.52,7,0.7893,3,insufficient_funds,2,227,active,18.2,card,regular,1.8,1,1
10404.91,37,0.587,1,gateway_timeout,3,481,paused,0.8,card,regular,2.7,0,1
307.49,6,0.6826,2,card_expired,1,144,trialing,0.3,upi,regular,0.3,1,1
10585.29,24,0.6148,1,insufficient_funds,1,16,paused,0.1,card,enterprise,10.6,0,0
3963.82,4,0.4274,1,authentication_failed,1,121,active,5.5,card,starter,11.0,1,1
14189.96,64,0.8353,0,gateway_timeout,1,81,active,0.2,upi,regular,5.0,1,1
8216.86,8,0.8687,3,card_expired,0,546,past_due,1.0,upi,regular,0.9,1,1
31110.97,0,0.823,0,authentication_failed,4,275,past_due,3.0,upi,regular,3.8,1,0
2359.39,8,0.6621,1,card_expired,0,76,active,1.0,upi,regular,1.0,0,1
7487.63,3,0.7237,1,insufficient_funds,1,410,active,7.1,netbanking,regular,6.6,1,1
2770.25,0,0.9645,0,gateway_timeout,2,178,active,2.6,upi,regular,10.4,0,1
3468.44,16,0.6643,2,insufficient_funds,0,521,active,8.8,wallet,starter,2.5,0,1
5137.66,3,0.8998,1,network_error,0,404,canceled,8.7,card,regular,0.8,0,1
10544.57,15,0.7632,1,insufficient_funds,3,274,active,2.5,card,vip,28.8,0,1
20901.99,3,0.5041,0,gateway_timeout,1,31,active,1.0,card,enterprise,0.5,0,1
7510.99,2,0.679,0,network_error,0,231,active,1.8,upi,regular,2.1,0,1
2904.42,34,0.7185,1,gateway_timeout,3,240,active,8.7,card,starter,6.5,1,1
2935.35,4,0.7105,3,gateway_timeout,0,423,active,7.0,upi,enterprise,3.1,1,1
6889.09,8,0.4084,1,card_expired,1,51,active,1.1,upi,starter,5.8,0,0
1564.15,8,0.549,8,insufficient_funds,3,236,active,2.7,card,regular,2.0,1,0
785.33,7,0.6139,1,insufficient_funds,1,440,active,5.3,upi,regular,9.6,1,1
2389.6,23,0.7936,0,network_error,0,5,past_due,1.5,card,enterprise,7.1,0,1
1893.05,10,0.8964,1,insufficient_funds,1,238,active,4.9,netbanking,enterprise,17.8,0,1
1957.07,4,0.6828,0,authentication_failed,1,422,active,0.4,card,regular,1.3,1,1
1530.31,18,0.7477,1,insufficient_funds,1,150,past_due,3.0,card,starter,0.8,0,1
415.02,1,0.8414,6,authentication_failed,0,54,active,2.0,upi,enterprise,12.6,0,1
290.18,7,0.316,1,network_error,1,384,active,0.3,netbanking,starter,8.3,0,1
22199.89,28,0.4819,1,insufficient_funds,0,24,active,7.3,netbanking,regular,4.2,0,1
2991.1,9,0.8273,0,gateway_timeout,1,191,active,1.3,card,regular,4.2,0,1
2625.19,16,0.5291,0,insufficient_funds,0,2,active,0.8,card,enterprise,1.1,1,1
5891.66,10,0.9478,0,insufficient_funds,0,160,past_due,3.4,upi,regular,8.1,0,1
1431.13,17,0.639,2,gateway_timeout,0,568,active,8.8,card,regular,0.1,0,1
15174.78,27,0.9737,0,insufficient_funds,2,666,active,7.0,upi,starter,0.4,1,1
7916.96,3,0.5584,0,authentication_failed,0,45,active,0.5,upi,enterprise,6.1,1,1
668.32,1,0.8697,1,network_error,1,242,active,2.1,upi,regular,1.9,0,1
2902.82,6,0.6016,2,card_expired,1,15,unpaid,12.0,upi,regular,13.8,0,0
10764.71,11,0.715,4,card_expired,0,286,active,0.8,upi,regular,5.6,0,0
14677.81,2,0.7677,1,insufficient_funds,1,365,active,3.1,upi,regular,16.9,0,1
3349.94,0,0.7623,3,insufficient_funds,4,154,active,0.1,upi,regular,0.3,0,0
4951.97,3,0.8448,2,gateway_timeout,0,139,active,0.4,upi,regular,4.3,1,1
1113.81,32,0.6686,1,gateway_timeout,3,200,trialing,1.3,card,regular,4.7,0,1
23847.22,11,0.7126,0,insufficient_funds,1,87,active,1.1,card,enterprise,3.4,0,1
1517.69,4,0.7643,1,insufficient_funds,2,165,active,3.3,card,vip,8.5,1,1
14500.05,2,0.6544,5,authentication_failed,1,512,active,0.9,card,regular,2.1,1,1
5444.07,4,0.7209,0,authentication_failed,0,30,active,3.9,netbanking,enterprise,2.1,1,1
4879.11,1,0.8782,1,authentication_failed,1,200,canceled,8.3,wallet,regular,12.2,0,0
3794.26,1,0.8396,2,insufficient_funds,1,96,active,6.8,card,regular,4.4,0,1
1511.18,22,0.5035,1,insufficient_funds,1,358,unpaid,5.1,upi,regular,16.2,1,0
1171.13,57,0.471,0,network_error,1,103,canceled,0.5,upi,regular,11.4,1,1
1445.42,1,0.4801,1,insufficient_funds,1,398,active,1.1,card,starter,5.4,0,1
1231.67,0,0.9296,3,gateway_timeout,2,127,active,1.6,card,enterprise,0.9,0,1
7761.2,3,0.9027,1,authentication_failed,1,242,active,4.3,card,enterprise,7.7,1,1
2354.88,5,0.5355,1,gateway_timeout,2,302,active,1.4,upi,regular,4.9,0,0
497.92,2,0.6273,6,gateway_timeout,1,97,unpaid,0.1,netbanking,vip,13.6,1,1
17585.42,3,0.7564,2,network_error,0,136,active,5.9,upi,regular,5.1,1,1
10961.6,2,0.6778,0,gateway_timeout,4,464,unpaid,9.1,card,regular,0.1,0,0
13338.27,14,0.748,1,network_error,0,146,past_due,4.8,card,enterprise,1.7,0,1
26600.25,11,0.6822,1,insufficient_funds,1,158,active,1.6,upi,regular,6.3,0,1
1155.17,9,0.6331,3,insufficient_funds,1,220,past_due,4.2,upi,enterprise,1.3,0,1
2722.91,4,0.5244,2,gateway_timeout,1,381,active,5.1,card,regular,20.5,1,1
7299.02,22,0.7741,0,authentication_failed,1,19,past_due,0.7,card,regular,3.0,0,0
6153.98,33,0.7585,3,network_error,2,229,active,7.3,netbanking,enterprise,1.2,1,1
1035.56,1,0.4998,2,insufficient_funds,2,501,trialing,5.4,card,enterprise,0.3,0,1
8659.57,2,0.5398,2,authentication_failed,1,103,trialing,3.0,upi,enterprise,12.3,0,1
1470.85,7,0.7347,1,card_expired,0,289,active,0.6,upi,enterprise,0.3,0,1
1466.84,0,0.356,2,gateway_timeout,0,75,active,7.0,wallet,enterprise,1.5,1,1
4049.86,5,0.7234,1,gateway_timeout,2,29,active,1.7,card,enterprise,4.6,1,1
4693.97,8,0.7114,4,authentication_failed,1,48,active,0.8,netbanking,regular,0.4,1,1
4538.53,7,0.7736,1,insufficient_funds,0,320,active,19.4,card,regular,2.1,0,0
679.73,3,0.8955,1,authentication_failed,4,224,active,3.8,netbanking,vip,1.8,0,1
10696.62,7,0.7839,1,insufficient_funds,1,55,active,6.3,card,vip,4.5,1,1
1743.51,30,0.8355,1,authentication_failed,1,10,canceled,0.6,card,regular,8.1,1,1
893.52,2,0.7257,1,gateway_timeout,1,440,past_due,3.9,card,regular,10.4,1,1
11179.79,10,0.6537,2,insufficient_funds,1,302,trialing,5.3,netbanking,starter,8.0,1,1
15778.38,0,0.6006,4,authentication_failed,5,151,trialing,1.3,netbanking,vip,20.4,0,0
10107.13,0,0.6121,3,authentication_failed,2,58,active,0.6,card,regular,4.7,0,1
8490.94,7,0.5511,1,insufficient_funds,1,843,canceled,5.7,upi,regular,7.9,1,0
5524.56,1,0.6443,1,network_error,0,119,past_due,1.3,upi,enterprise,0.4,0,1
4202.07,0,0.3232,1,authentication_failed,2,654,active,3.6,wallet,regular,4.3,0,0
655.02,1,0.6029,2,card_expired,3,63,unpaid,6.0,card,regular,2.6,1,1
2825.07,7,0.8451,1,insufficient_funds,1,541,active,0.5,wallet,regular,0.3,1,1
2531.56,11,0.8123,2,gateway_timeout,3,197,active,3.0,upi,regular,1.6,0,1
1703.86,2,0.5509,0,insufficient_funds,1,720,active,5.8,upi,regular,5.6,0,1
6626.28,10,0.8164,2,insufficient_funds,0,34,past_due,0.6,upi,enterprise,4.2,1,1
3624.66,1,0.9025,1,insufficient_funds,1,1176,active,0.2,upi,regular,3.3,0,1
622.6,9,0.4518,4,gateway_timeout,1,57,active,1.6,upi,regular,0.3,0,1
1443.48,5,0.8814,2,network_error,0,25,trialing,7.1,netbanking,regular,0.7,1,1
5948.35,10,0.926,1,card_expired,1,208,active,1.0,upi,enterprise,0.4,0,1
595.92,50,0.5281,0,insufficient_funds,2,286,active,1.2,upi,starter,11.2,0,1
9725.99,26,0.7168,0,authentication_failed,0,120,active,0.2,card,regular,1.4,1,1
3617.44,0,0.4441,1,authentication_failed,2,300,active,1.2,upi,regular,8.3,1,1
3475.28,20,0.5154,2,insufficient_funds,0,730,past_due,3.1,wallet,regular,5.7,0,1
4687.44,0,0.8117,2,authentication_failed,0,398,active,6.7,netbanking,starter,4.2,1,1
8905.74,29,0.789,1,authentication_failed,2,544,active,0.8,card,regular,2.5,0,1
2337.09,3,0.9234,2,authentication_failed,0,571,active,1.4,upi,enterprise,7.4,0,1
5866.27,4,0.5833,1,insufficient_funds,0,89,active,1.3,upi,vip,8.7,0,1
4370.47,0,0.6256,5,insufficient_funds,2,308,active,3.4,card,regular,0.1,0,1
1753.24,1,0.9837,4,authentication_failed,0,344,active,3.1,card,regular,1.2,0,1
10744.56,12,0.9107,2,insufficient_funds,3,33,active,1.9,upi,regular,14.7,0,0
8183.25,27,0.9278,0,insufficient_funds,0,166,past_due,8.8,card,regular,10.2,1,0
5571.33,8,0.7136,1,insufficient_funds,0,267,past_due,5.7,card,regular,1.4,0,1
9705.03,11,0.6007,3,gateway_timeout,3,86,active,3.0,card,regular,1.9,1,1
10298.1,13,0.7439,0,insufficient_funds,0,255,active,3.7,netbanking,vip,7.6,0,1
6361.23,2,0.9948,1,network_error,1,14,active,1.4,card,regular,0.5,0,1
9270.43,0,0.6651,3,authentication_failed,0,224,active,14.7,card,starter,5.4,1,1
6177.9,0,0.4922,2,insufficient_funds,1,27,past_due,1.4,card,regular,1.3,1,1
5899.37,4,0.7975,2,insufficient_funds,2,287,past_due,4.0,upi,regular,11.3,1,0
5019.68,2,0.4749,0,insufficient_funds,3,268,active,7.0,upi,vip,8.9,0,1
7186.1,0,0.8569,0,authentication_failed,1,244,unpaid,15.9,upi,vip,0.2,0,1
1063.47,1,0.8563,1,gateway_timeout,0,75,paused,5.5,card,vip,10.3,1,1
10837.73,1,0.7775,3,gateway_timeout,0,277,trialing,0.2,upi,starter,2.8,0,1
10472.52,23,0.3241,2,authentication_failed,0,134,past_due,0.9,card,starter,5.0,1,1
348.42,1,0.2716,2,insufficient_funds,1,193,active,4.0,upi,regular,7.4,1,0
8938.24,7,0.7805,2,authentication_failed,2,289,active,0.7,upi,starter,0.3,0,1
889.82,8,0.7421,0,network_error,0,116,canceled,3.2,netbanking,regular,1.2,1,1
2240.73,7,0.9219,3,network_error,0,1313,active,5.1,card,enterprise,3.1,1,1
7003.29,0,0.8206,0,card_expired,0,17,canceled,5.5,upi,regular,1.7,0,0
1076.29,3,0.9507,1,insufficient_funds,1,328,active,2.5,netbanking,enterprise,3.3,1,1
8717.84,0,0.7399,2,network_error,0,69,active,0.4,card,regular,1.9,1,1
9122.95,4,0.4898,1,authentication_failed,1,1003,active,2.0,wallet,starter,3.2,0,0
3740.98,1,0.6705,1,authentication_failed,0,190,past_due,1.1,upi,regular,2.9,0,0
232.03,7,0.4932,2,authentication_failed,2,385,past_due,7.4,upi,regular,4.2,1,1
1891.64,11,0.7155,1,authentication_failed,1,57,active,10.5,card,vip,0.0,0,1
4997.65,7,0.5585,3,authentication_failed,1,531,active,9.1,netbanking,vip,1.4,0,1
20065.82,5,0.8102,0,insufficient_funds,0,835,active,2.5,upi,enterprise,9.2,1,1
5195.83,4,0.7274,1,card_expired,3,194,active,1.5,netbanking,enterprise,2.2,0,1
1704.2,17,0.9387,1,authentication_failed,4,477,active,6.8,upi,vip,7.0,0,1
5225.69,2,0.4454,1,insufficient_funds,2,277,past_due,2.5,upi,regular,5.4,1,0
4082.49,12,0.8409,0,insufficient_funds,0,70,active,5.5,upi,regular,8.9,1,1
7767.13,13,0.8378,2,insufficient_funds,2,627,active,1.6,netbanking,regular,5.5,1,1
765.74,5,0.5924,0,authentication_failed,2,378,active,9.5,upi,starter,0.5,0,1
7357.04,3,0.7995,0,insufficient_funds,0,555,past_due,10.9,card,enterprise,5.4,1,0
4096.43,6,0.7226,0,authentication_failed,0,113,active,1.0,card,regular,6.2,1,1
16683.11,0,0.4343,1,network_error,0,152,past_due,3.1,netbanking,regular,1.8,0,1
2291.78,0,0.9323,7,network_error,3,86,active,4.7,card,enterprise,9.1,0,1
5206.82,1,0.7767,2,insufficient_funds,0,103,past_due,1.2,upi,regular,1.1,0,1
13643.3,1,0.8697,3,insufficient_funds,2,76,trialing,0.8,card,regular,1.1,0,1
740.76,6,0.7557,2,insufficient_funds,0,325,active,1.0,card,vip,1.4,0,1
14041.27,17,0.8026,2,insufficient_funds,2,120,trialing,7.3,card,regular,13.8,0,1
6021.93,2,0.5991,1,authentication_failed,3,329,trialing,1.5,upi,regular,2.4,1,1
551.24,25,0.9411,4,authentication_failed,2,281,past_due,2.8,wallet,enterprise,0.4,0,1
1990.26,29,0.4761,1,insufficient_funds,1,203,active,0.1,card,regular,2.7,0,1
6357.95,30,0.9643,3,insufficient_funds,0,279,active,1.1,upi,regular,2.9,0,1
548.63,17,0.5927,2,insufficient_funds,0,202,canceled,3.0,upi,vip,8.0,0,1
4563.41,4,0.389,2,gateway_timeout,2,318,active,1.7,upi,enterprise,3.4,0,1
2322.35,0,0.6155,1,insufficient_funds,0,99,active,8.5,upi,vip,13.9,0,0
5049.98,7,0.8915,2,authentication_failed,4,381,past_due,3.1,upi,regular,5.0,0,1
434.11,7,0.8337,1,authentication_failed,4,89,canceled,5.4,upi,vip,14.4,0,0
10460.56,18,0.9037,5,authentication_failed,0,967,paused,3.8,upi,regular,5.7,0,1
18350.97,52,0.8087,1,gateway_timeout,0,123,active,14.4,card,enterprise,12.8,0,1
17549.18,6,0.7243,2,insufficient_funds,2,4,canceled,2.6,card,regular,0.5,0,1
7124.51,4,0.6748,2,insufficient_funds,0,157,active,1.2,netbanking,regular,0.6,0,0
896.81,1,0.8922,1,insufficient_funds,2,780,active,0.5,card,starter,2.1,0,1
7299.53,0,0.5798,1,card_expired,0,252,active,12.2,upi,starter,3.9,0,0
324.47,6,0.8608,1,authentication_failed,0,27,canceled,0.3,card,regular,11.0,1,0
311.86,7,0.8326,0,network_error,1,29,active,1.8,upi,starter,8.7,1,1
2154.93,16,0.7914,3,gateway_timeout,0,149,past_due,0.2,card,enterprise,3.4,0,1
3553.44,6,0.6049,3,card_expired,4,64,active,2.7,card,regular,10.6,0,0
7557.24,23,0.6779,0,gateway_timeout,0,232,active,0.4,upi,enterprise,1.0,0,1
5948.93,9,0.6853,4,insufficient_funds,4,680,paused,0.8,wallet,vip,4.2,1,1
3152.07,17,0.3845,4,card_expired,0,846,canceled,5.3,card,enterprise,0.8,0,1
1798.46,1,0.8644,0,authentication_failed,1,636,active,0.3,card,regular,19.1,1,1
29457.64,18,0.4524,0,insufficient_funds,5,88,active,4.1,card,regular,6.3,0,0
2977.21,10,0.5843,4,insufficient_funds,0,940,canceled,10.6,upi,regular,5.6,0,0
3201.81,1,0.9281,2,authentication_failed,1,93,active,7.2,card,enterprise,14.0,0,1
1093.38,1,0.5946,1,authentication_failed,0,246,active,3.2,card,regular,1.0,0,1
8119.08,24,0.8817,1,insufficient_funds,0,554,paused,0.1,upi,enterprise,5.0,0,1
6115.66,0,0.9421,2,authentication_failed,0,269,active,12.1,card,enterprise,0.4,0,1
1447.24,5,0.2863,0,insufficient_funds,2,1419,active,0.9,upi,regular,3.1,0,1
629.87,3,0.8063,4,card_expired,1,108,past_due,6.2,wallet,vip,2.2,1,1
5904.98,10,0.8863,2,insufficient_funds,1,32,active,1.5,upi,enterprise,5.8,1,1
5513.98,17,0.8903,0,gateway_timeout,0,63,active,2.5,card,regular,2.4,0,1
1795.93,4,0.4562,3,card_expired,0,51,active,2.1,card,enterprise,0.2,1,1
15265.77,5,0.7882,4,insufficient_funds,1,585,canceled,6.7,upi,vip,1.0,0,0
1018.82,38,0.8509,1,authentication_failed,0,157,active,1.4,upi,regular,5.5,0,1
3031.12,14,0.4503,2,insufficient_funds,1,182,past_due,0.7,card,enterprise,3.6,1,0
14577.84,21,0.3305,1,insufficient_funds,0,48,trialing,0.1,upi,regular,17.7,1,1
2921.29,5,0.9694,2,insufficient_funds,1,61,active,0.2,upi,regular,0.2,0,1
5287.83,2,0.4952,3,network_error,2,402,active,3.6,card,enterprise,32.9,0,1
2734.12,5,0.434,2,insufficient_funds,3,288,canceled,10.7,upi,vip,0.2,0,1
1802.51,11,0.4434,0,authentication_failed,1,100,active,1.8,netbanking,regular,0.4,0,1
20868.85,1,0.6563,2,insufficient_funds,1,397,active,1.9,upi,regular,2.7,0,0
2832.52,2,0.728,1,gateway_timeout,1,14,active,1.8,card,regular,1.7,0,1
11426.26,0,0.6161,0,authentication_failed,1,19,canceled,5.3,card,regular,2.9,0,0
1506.53,5,0.3741,2,insufficient_funds,0,24,active,7.8,card,enterprise,0.2,0,1
1398.3,16,0.6023,1,authentication_failed,2,304,active,1.0,netbanking,regular,6.2,1,1
358.15,0,0.8187,2,insufficient_funds,0,227,trialing,1.7,upi,regular,2.5,0,1
5472.98,10,0.6789,3,insufficient_funds,1,495,active,1.1,upi,regular,6.2,0,1
2498.5,25,0.7301,2,gateway_timeout,1,866,active,5.3,upi,regular,2.7,1,1
10188.69,2,0.8315,3,insufficient_funds,0,105,active,1.5,upi,regular,3.2,1,1
3404.77,11,0.6804,0,authentication_failed,0,248,trialing,1.7,upi,starter,9.7,1,1
17440.41,35,0.6901,1,insufficient_funds,1,511,active,14.9,card,enterprise,5.0,1,1
1226.06,31,0.6788,1,authentication_failed,1,67,active,3.5,upi,enterprise,0.6,0,1
10348.43,2,0.6394,2,authentication_failed,2,26,canceled,2.6,netbanking,regular,7.2,0,0
7693.89,1,0.8069,0,gateway_timeout,1,1017,canceled,1.2,upi,regular,8.7,0,0
7568.46,1,0.4851,0,authentication_failed,1,575,canceled,1.8,card,regular,13.0,1,0
9514.66,11,0.5661,3,card_expired,0,236,trialing,0.8,card,regular,13.6,1,1
7356.96,12,0.8628,1,insufficient_funds,1,3,active,0.9,wallet,regular,5.3,1,1
5120.44,10,0.5488,0,gateway_timeout,1,65,active,9.1,card,enterprise,0.4,1,1
903.47,3,0.4451,3,insufficient_funds,2,298,unpaid,10.1,netbanking,regular,3.7,0,1
365.33,1,0.8253,0,card_expired,1,112,trialing,9.2,upi,regular,4.7,1,1
12881.92,8,0.7088,0,insufficient_funds,1,211,active,2.1,card,regular,15.9,1,1
4994.04,6,0.9247,4,gateway_timeout,1,15,active,3.5,card,starter,6.0,1,1
8161.36,12,0.7345,1,card_expired,4,199,active,3.7,card,regular,2.4,0,1
3484.29,5,0.8188,3,insufficient_funds,3,39,trialing,2.8,card,regular,0.9,1,1
823.9,3,0.7132,3,card_expired,0,28,active,1.6,upi,regular,2.0,0,0
868.72,3,0.4676,1,insufficient_funds,3,168,past_due,1.7,upi,vip,4.5,1,0
5984.89,2,0.9117,2,authentication_failed,0,180,active,13.6,upi,starter,2.4,1,1
3013.28,2,0.6728,2,authentication_failed,0,578,past_due,7.0,upi,regular,3.4,1,1
1319.0,0,0.8045,2,authentication_failed,0,1119,active,3.5,netbanking,enterprise,6.7,1,1
3582.38,4,0.7442,0,gateway_timeout,3,29,active,0.4,upi,regular,7.2,0,1
531.82,0,0.8822,1,card_expired,3,95,past_due,2.3,card,starter,9.7,1,0
4561.03,1,0.7887,2,insufficient_funds,4,333,active,2.2,netbanking,starter,5.1,0,1
1766.66,13,0.8973,1,insufficient_funds,2,268,past_due,2.8,netbanking,enterprise,1.6,0,1
8186.54,3,0.7556,1,insufficient_funds,0,22,paused,1.7,upi,enterprise,0.9,0,1
2057.94,10,0.7769,2,gateway_timeout,0,16,canceled,6.9,upi,regular,8.9,1,1
3236.87,11,0.4486,0,authentication_failed,3,134,trialing,2.9,upi,regular,5.1,1,1
258.44,8,0.4743,1,insufficient_funds,1,172,active,9.6,upi,starter,2.5,1,1
576.03,30,0.6933,0,authentication_failed,0,213,active,11.5,wallet,vip,1.3,1,1
2691.96,0,0.4875,2,network_error,0,255,unpaid,2.3,card,regular,1.1,0,1
3469.04,12,0.8543,3,authentication_failed,0,165,active,1.2,upi,enterprise,3.9,1,1
4781.71,30,0.6573,0,card_expired,0,317,active,6.3,card,vip,2.1,1,1
1924.17,18,0.9307,1,insufficient_funds,1,32,trialing,8.5,card,regular,2.6,1,1
6136.92,1,0.7039,2,network_error,0,339,active,0.7,card,regular,18.1,0,1
10034.94,3,0.7787,4,authentication_failed,0,242,canceled,3.1,card,regular,8.2,0,1
7767.25,1,0.4762,3,authentication_failed,1,3,active,0.1,netbanking,regular,18.4,0,1
402.13,8,0.794,3,insufficient_funds,2,160,active,1.2,wallet,starter,5.0,0,1
3474.51,11,0.6993,2,authentication_failed,1,109,active,7.7,wallet,enterprise,0.4,1,1
754.27,3,0.6954,2,authentication_failed,0,74,past_due,3.7,card,starter,1.0,1,1
1585.66,7,0.5107,2,insufficient_funds,1,15,past_due,2.5,netbanking,regular,6.8,1,0
21785.91,11,0.6667,1,insufficient_funds,1,947,active,2.0,card,regular,10.8,1,0
968.64,5,0.8788,2,card_expired,0,83,trialing,0.3,card,enterprise,0.7,1,1
3654.63,18,0.7354,0,insufficient_funds,0,154,active,2.9,upi,regular,7.0,0,1
5013.71,14,0.4038,2,authentication_failed,1,25,active,10.1,upi,regular,0.2,1,1
6261.12,0,0.7877,0,gateway_timeout,2,399,active,4.1,upi,starter,2.2,1,1
4300.91,9,0.7542,1,network_error,0,7,active,1.8,card,enterprise,1.1,1,1
249.09,2,0.594,2,gateway_timeout,1,223,active,5.0,wallet,regular,0.3,0,1
2176.05,7,0.7635,0,insufficient_funds,1,81,active,3.7,netbanking,regular,6.4,0,0
3846.07,29,0.7603,1,gateway_timeout,1,106,trialing,2.0,upi,enterprise,2.9,1,1
659.84,20,0.8997,1,gateway_timeout,2,187,active,1.0,card,regular,2.7,0,1
2358.74,4,0.6113,0,authentication_failed,1,159,active,1.8,upi,enterprise,17.2,0,0
368.83,3,0.797,2,insufficient_funds,3,133,active,3.6,card,regular,2.1,0,1
609.19,2,0.7754,2,insufficient_funds,0,247,past_due,3.9,card,starter,1.8,1,1
2728.55,7,0.5203,1,network_error,0,199,active,2.3,wallet,starter,2.5,1,1
911.94,1,0.8516,3,card_expired,2,101,past_due,2.7,card,starter,0.9,0,0
4391.34,7,0.7489,1,insufficient_funds,0,53,past_due,23.0,card,starter,1.8,1,0
6047.29,0,0.376,1,insufficient_funds,4,43,active,5.3,upi,vip,6.6,0,0
8261.88,3,0.4415,3,gateway_timeout,0,10,active,1.8,netbanking,regular,8.1,1,1
1316.66,2,0.7314,1,authentication_failed,2,148,trialing,3.3,netbanking,starter,3.0,1,1
1116.51,33,0.7978,0,authentication_failed,0,49,active,9.7,upi,regular,4.4,1,1
752.24,12,0.7964,0,network_error,0,535,past_due,2.0,card,enterprise,11.7,1,1
5258.92,4,0.8798,4,network_error,1,138,active,3.8,wallet,enterprise,1.1,0,1
6328.97,0,0.7167,0,card_expired,0,247,past_due,0.5,card,regular,4.3,0,0
360.48,6,0.6192,0,insufficient_funds,0,94,active,4.5,wallet,regular,0.7,0,1
13960.97,2,0.8748,1,card_expired,4,76,canceled,2.9,wallet,enterprise,2.0,1,0
466.85,7,0.9205,0,card_expired,2,424,active,4.0,card,regular,0.2,1,1
4096.75,17,0.769,1,insufficient_funds,0,116,trialing,0.2,card,enterprise,0.8,1,1
6373.2,9,0.8512,1,insufficient_funds,1,26,past_due,0.4,upi,regular,1.1,1,1
10438.52,9,0.8496,4,insufficient_funds,2,98,trialing,2.4,upi,starter,0.7,1,1
6460.34,7,0.8765,2,card_expired,0,32,unpaid,1.1,upi,regular,1.2,1,1
8290.58,24,0.9301,0,insufficient_funds,2,156,active,4.4,netbanking,vip,2.1,0,1
2273.41,25,0.6813,3,authentication_failed,2,87,active,0.9,card,regular,2.0,0,1
8632.27,6,0.6193,2,authentication_failed,0,430,active,0.8,card,enterprise,1.3,1,1
617.53,3,0.8585,0,network_error,5,17,active,5.0,netbanking,regular,2.0,0,1
11460.25,5,0.681,0,authentication_failed,0,1042,active,0.4,upi,regular,0.0,0,1
4165.86,1,0.768,0,insufficient_funds,3,397,active,0.7,upi,starter,4.8,1,1
8699.49,9,0.4297,2,card_expired,3,275,active,0.5,card,starter,2.7,1,0
3210.3,6,0.868,2,authentication_failed,2,14,canceled,1.9,upi,starter,3.7,1,0
5358.2,1,0.4262,1,gateway_timeout,0,976,active,0.4,card,enterprise,3.2,0,1
3936.99,2,0.9162,2,gateway_timeout,1,358,active,3.9,upi,regular,4.4,0,1
6776.19,6,0.8724,1,card_expired,0,151,canceled,11.0,card,regular,8.3,0,0
625.77,20,0.6197,3,gateway_timeout,0,442,active,1.4,card,regular,7.2,0,1
511.25,7,0.6611,1,insufficient_funds,0,104,active,0.2,upi,vip,4.2,0,1
1619.14,10,0.9481,0,network_error,1,132,past_due,4.1,card,regular,1.9,0,1
1069.06,3,0.7789,4,insufficient_funds,1,279,paused,1.6,netbanking,regular,14.5,0,1
10470.18,8,0.7616,0,insufficient_funds,0,639,past_due,3.0,card,enterprise,0.2,0,0
1437.27,5,0.791,1,authentication_failed,1,630,past_due,0.3,card,regular,1.0,1,1
18820.51,10,0.6749,0,insufficient_funds,0,68,active,1.9,card,starter,13.4,1,1
2254.12,0,0.803,1,insufficient_funds,0,257,active,7.8,upi,regular,3.9,1,0
1205.19,6,0.8612,2,insufficient_funds,0,540,trialing,1.4,wallet,regular,3.8,1,0
7996.07,3,0.4643,1,card_expired,1,28,trialing,4.3,card,vip,4.5,1,1
5575.08,3,0.4627,3,authentication_failed,2,52,active,5.4,upi,starter,1.0,1,0
3647.73,30,0.5778,1,insufficient_funds,1,386,active,1.4,card,starter,0.4,0,1
4252.49,1,0.651,2,gateway_timeout,3,207,canceled,5.7,card,regular,1.0,1,0
6550.59,3,0.645,2,authentication_failed,1,15,active,3.0,upi,regular,2.0,1,1
1496.8,6,0.5217,1,insufficient_funds,0,192,past_due,1.6,card,regular,10.4,0,0
28243.16,18,0.6038,0,authentication_failed,1,637,active,1.0,wallet,vip,16.1,0,1
18603.2,5,0.6392,1,insufficient_funds,0,51,active,1.2,card,starter,1.7,0,0
5453.77,12,0.8795,2,authentication_failed,1,18,active,1.3,upi,starter,8.2,0,1
1312.86,18,0.8067,3,network_error,0,732,active,1.8,netbanking,vip,1.1,1,1
5900.74,3,0.7156,2,gateway_timeout,2,120,past_due,6.7,upi,enterprise,8.2,1,1
574.69,4,0.6196,4,authentication_failed,0,375,active,5.2,upi,starter,4.5,1,1
355.66,4,0.6626,0,authentication_failed,0,234,canceled,8.6,card,starter,10.2,1,1
1689.89,16,0.6116,2,gateway_timeout,1,52,active,0.7,upi,regular,0.6,1,1
3305.28,0,0.921,1,insufficient_funds,1,57,active,3.8,upi,regular,3.4,0,1
10335.1,3,0.7082,1,insufficient_funds,0,340,active,1.6,upi,starter,3.0,0,1
6694.51,10,0.783,0,authentication_failed,0,252,canceled,8.6,wallet,regular,5.0,0,0
6987.69,7,0.702,1,gateway_timeout,1,4,active,1.5,upi,regular,1.0,0,1
2971.22,5,0.9204,0,insufficient_funds,1,171,active,6.5,netbanking,vip,13.4,1,1
2322.74,7,0.7677,1,insufficient_funds,0,628,active,12.9,card,starter,4.4,1,1
2518.43,2,0.5302,0,authentication_failed,1,191,past_due,9.1,upi,enterprise,19.3,1,1
22170.32,5,0.4553,2,gateway_timeout,0,8,active,10.2,wallet,enterprise,0.1,0,1
404.68,6,0.9213,1,gateway_timeout,0,169,unpaid,4.2,wallet,regular,0.5,0,1
10288.21,21,0.3227,0,authentication_failed,1,12,trialing,2.1,card,regular,14.1,0,1
4521.76,2,0.5967,2,insufficient_funds,2,151,canceled,1.7,card,enterprise,2.0,0,1
3086.75,19,0.7655,4,insufficient_funds,0,335,past_due,0.6,card,regular,0.4,1,1
6659.61,9,0.8365,4,insufficient_funds,2,36,active,0.8,card,regular,10.5,0,0
3534.17,0,0.5912,2,insufficient_funds,2,105,active,0.6,card,regular,8.2,0,0
10534.53,12,0.7545,0,gateway_timeout,1,56,active,1.6,upi,regular,2.8,1,1
11748.14,0,0.543,1,gateway_timeout,3,126,active,3.1,upi,starter,0.8,0,1
2938.49,56,0.6762,0,network_error,4,41,active,6.7,card,enterprise,4.4,0,1
1820.54,19,0.7872,2,insufficient_funds,0,80,active,1.2,upi,regular,0.8,0,0
4686.74,3,0.509,0,insufficient_funds,2,37,active,1.3,card,regular,1.9,0,1
12372.78,2,0.5123,2,gateway_timeout,0,133,active,2.3,card,enterprise,10.5,1,1
1382.8,4,0.6615,3,authentication_failed,1,160,trialing,0.1,card,vip,6.2,0,1
5077.11,4,0.67,0,gateway_timeout,1,222,active,0.7,netbanking,enterprise,7.0,1,1
5192.39,4,0.6125,1,insufficient_funds,2,354,trialing,5.2,netbanking,regular,1.0,0,1
6804.65,3,0.6417,4,insufficient_funds,0,28,active,1.6,netbanking,enterprise,0.4,0,1
905.33,9,0.6161,4,gateway_timeout,4,509,unpaid,0.6,netbanking,enterprise,1.3,1,1
6490.82,1,0.7919,0,insufficient_funds,1,301,past_due,7.8,wallet,enterprise,5.9,1,0
12186.27,17,0.359,1,insufficient_funds,0,29,active,4.4,card,regular,10.5,1,1
1190.32,15,0.8577,0,insufficient_funds,2,120,past_due,1.3,card,regular,4.0,0,1
1556.05,6,0.8856,2,insufficient_funds,4,119,active,10.1,upi,regular,7.8,1,0
17970.89,18,0.7695,1,insufficient_funds,4,305,active,12.1,upi,regular,3.6,0,1
1198.22,2,0.7359,1,gateway_timeout,0,41,past_due,1.0,upi,regular,8.4,0,1
9833.95,0,0.9376,1,gateway_timeout,0,16,trialing,8.0,card,regular,16.0,1,1
3589.1,9,0.8567,4,gateway_timeout,0,7,canceled,1.2,netbanking,regular,0.4,1,1
1619.98,5,0.8813,3,insufficient_funds,3,506,past_due,4.6,upi,enterprise,0.1,0,1
10430.03,7,0.8641,2,network_error,2,242,canceled,1.3,upi,regular,17.1,1,0
3146.69,21,0.6324,1,insufficient_funds,0,6,active,7.3,upi,regular,13.9,0,1
3816.15,33,0.891,0,card_expired,0,692,active,1.0,card,regular,0.7,1,1
2425.45,9,0.6413,1,insufficient_funds,1,29,active,0.1,upi,regular,6.8,0,0
4694.11,13,0.8125,5,insufficient_funds,1,346,canceled,0.7,netbanking,starter,4.8,1,0
1092.79,0,0.5618,1,authentication_failed,1,483,past_due,2.5,upi,starter,2.9,0,1
2680.35,1,0.6847,3,authentication_failed,0,263,active,0.8,card,regular,2.8,0,0
17635.79,12,0.7871,4,network_error,2,19,active,2.2,card,starter,2.6,0,0
1692.93,5,0.7158,0,gateway_timeout,0,210,past_due,1.0,netbanking,enterprise,5.4,1,1
5546.29,5,0.5021,1,card_expired,4,151,paused,1.5,netbanking,regular,8.7,0,0
2166.62,3,0.5346,1,card_expired,3,356,active,12.2,wallet,enterprise,5.6,1,1
7624.46,8,0.9507,0,authentication_failed,5,79,canceled,0.3,upi,regular,2.9,1,0
901.33,1,0.4634,2,network_error,1,298,active,2.7,card,enterprise,0.6,1,1
17703.05,9,0.6633,2,gateway_timeout,1,57,past_due,8.0,upi,regular,1.2,1,1
3223.75,1,0.9074,1,insufficient_funds,0,309,trialing,2.0,upi,regular,10.9,1,1
1546.27,0,0.8417,1,insufficient_funds,0,77,unpaid,16.0,netbanking,enterprise,6.3,0,1
581.69,3,0.8821,3,insufficient_funds,2,1085,active,0.8,upi,regular,3.1,1,1
1130.19,2,0.6082,0,authentication_failed,1,651,canceled,0.2,upi,regular,15.9,1,1
3867.49,20,0.7713,0,insufficient_funds,0,178,active,0.2,upi,regular,1.8,0,1
2254.93,0,0.7386,2,network_error,3,303,past_due,3.9,upi,regular,4.2,0,1
9027.05,1,0.8829,1,card_expired,0,422,active,1.9,upi,starter,3.5,0,1
3018.39,7,0.5139,2,gateway_timeout,1,288,trialing,4.1,netbanking,starter,2.6,1,1
1629.85,6,0.6003,1,card_expired,1,420,unpaid,10.7,card,starter,2.0,0,0
5000.49,0,0.6753,1,card_expired,0,93,trialing,4.8,upi,enterprise,0.8,1,1
6334.11,0,0.8451,0,insufficient_funds,2,33,active,6.6,card,starter,3.1,0,0
1113.86,42,0.8179,1,insufficient_funds,0,33,active,1.1,card,regular,0.1,1,1
1117.33,10,0.4818,1,gateway_timeout,2,259,active,1.4,card,vip,2.4,0,1
386.8,4,0.8115,1,insufficient_funds,2,159,past_due,2.5,upi,enterprise,5.8,0,1
6866.65,6,0.7199,3,authentication_failed,0,427,trialing,0.1,upi,starter,26.1,0,0
5650.31,2,0.8611,1,authentication_failed,1,16,past_due,2.5,card,enterprise,10.4,1,1
3418.27,4,0.6494,2,card_expired,2,198,past_due,5.4,upi,regular,1.2,1,1
9494.96,9,0.4526,2,insufficient_funds,0,44,canceled,1.9,netbanking,regular,0.9,0,0
8390.99,20,0.8945,3,card_expired,1,305,active,4.1,card,starter,3.1,1,0
4601.66,1,0.7261,1,insufficient_funds,0,98,active,1.1,upi,starter,1.3,1,1
10335.05,17,0.9563,1,card_expired,1,68,active,3.0,wallet,vip,2.7,1,1
1352.36,1,0.6705,2,insufficient_funds,3,3,paused,3.0,upi,regular,35.4,0,0
793.47,2,0.7495,0,insufficient_funds,0,180,unpaid,2.5,card,regular,10.2,1,0
1771.84,0,0.6578,2,authentication_failed,1,231,active,4.3,card,regular,4.8,1,1
493.91,1,0.9529,5,network_error,4,300,active,8.4,card,regular,3.2,1,1
3987.57,23,0.5716,0,authentication_failed,1,1087,trialing,7.9,card,regular,3.2,0,0
13991.91,5,0.6454,0,insufficient_funds,0,209,active,0.2,card,regular,14.3,0,1
400.69,0,0.5908,0,card_expired,5,265,active,0.2,upi,regular,0.9,0,0
851.17,30,0.6187,0,authentication_failed,1,225,canceled,0.5,upi,enterprise,0.4,0,0
3209.22,20,0.7638,4,authentication_failed,1,292,active,9.3,card,regular,2.7,0,1
13781.04,13,0.7849,0,insufficient_funds,1,638,active,0.3,upi,regular,3.0,1,1
2100.13,25,0.9271,2,insufficient_funds,2,845,active,3.5,upi,regular,12.2,0,0
3738.61,2,0.6144,5,authentication_failed,0,218,active,4.0,card,regular,15.8,0,1
412.31,17,0.6535,0,insufficient_funds,0,222,active,3.6,upi,regular,1.3,1,1
1002.86,11,0.4098,0,insufficient_funds,0,443,active,5.3,upi,starter,1.2,0,1
21773.76,19,0.8449,3,network_error,0,4,active,1.7,netbanking,regular,4.0,1,1
16979.02,15,0.4587,2,insufficient_funds,2,54,unpaid,5.1,upi,enterprise,20.2,1,1
224.76,4,0.5435,0,insufficient_funds,1,49,active,4.4,card,starter,7.5,0,1
15363.2,14,0.9453,0,network_error,1,19,active,0.7,upi,regular,0.3,1,1
5296.05,2,0.9044,2,insufficient_funds,0,112,canceled,2.7,upi,regular,8.9,1,0
10321.67,3,0.667,2,insufficient_funds,5,349,active,6.8,upi,starter,10.0,0,0
3232.46,1,0.518,1,insufficient_funds,0,227,past_due,2.7,card,enterprise,2.0,0,1
3824.18,25,0.7577,2,insufficient_funds,1,78,active,2.8,netbanking,regular,1.9,1,1
3555.43,3,0.772,2,card_expired,1,556,active,13.7,upi,enterprise,3.8,1,1
5696.03,6,0.8769,3,insufficient_funds,2,94,active,1.1,upi,starter,11.9,1,1
952.09,4,0.8578,0,card_expired,0,186,active,5.0,card,enterprise,0.9,1,1
352.16,30,0.777,1,authentication_failed,0,12,active,4.1,upi,enterprise,4.4,0,0
2040.34,3,0.7084,2,card_expired,1,460,trialing,13.5,netbanking,starter,3.4,1,1
6298.49,14,0.6641,3,authentication_failed,1,947,past_due,3.4,upi,starter,2.0,0,1
1327.32,18,0.6142,3,gateway_timeout,0,555,unpaid,0.5,card,regular,5.0,1,1
5795.59,5,0.6994,4,authentication_failed,2,132,active,15.7,upi,regular,2.3,1,1
17718.15,4,0.8644,1,insufficient_funds,0,43,active,1.1,card,starter,0.6,1,1
693.03,13,0.7895,0,authentication_failed,1,91,canceled,1.4,netbanking,vip,10.1,0,1
5782.9,23,0.8077,2,gateway_timeout,0,620,active,2.0,upi,starter,1.2,1,1
3132.69,13,0.8316,0,insufficient_funds,1,913,past_due,6.1,upi,vip,4.8,1,1
10330.16,2,0.6642,1,insufficient_funds,0,16,active,0.1,card,enterprise,20.4,0,1
1174.91,20,0.8544,1,card_expired,2,36,active,7.4,upi,regular,1.5,1,1
6098.45,4,0.386,2,insufficient_funds,0,431,active,13.2,upi,enterprise,3.3,1,1
9304.35,8,0.564,3,insufficient_funds,0,48,active,5.5,card,vip,5.5,0,1
14667.16,16,0.4933,1,insufficient_funds,1,123,unpaid,0.1,card,starter,12.6,1,1
5948.18,1,0.5592,0,insufficient_funds,0,10,active,12.5,netbanking,regular,10.3,0,1
3637.56,14,0.8745,2,card_expired,1,59,active,0.1,card,enterprise,20.5,1,1
5009.67,8,0.788,1,gateway_timeout,3,49,past_due,4.5,upi,regular,4.4,0,1
10359.16,21,0.6043,1,insufficient_funds,1,424,active,0.1,wallet,starter,0.2,1,1
4426.95,1,0.9073,3,authentication_failed,0,16,active,1.4,card,regular,0.7,1,1
354.29,5,0.861,3,network_error,3,227,canceled,5.5,netbanking,regular,12.1,0,0
13564.53,16,0.7426,0,insufficient_funds,1,220,trialing,11.3,card,regular,3.3,1,1
6048.29,0,0.5992,1,card_expired,4,745,canceled,0.1,wallet,enterprise,1.9,1,0
5842.99,1,0.7498,1,authentication_failed,3,27,active,7.0,upi,regular,6.4,0,0
1414.66,44,0.7894,3,insufficient_funds,3,257,past_due,2.6,card,regular,15.8,0,1
5577.68,3,0.7779,2,network_error,0,357,active,3.5,upi,regular,6.4,0,1
2703.26,35,0.6859,2,gateway_timeout,1,3,canceled,2.1,upi,enterprise,1.6,0,1
5466.76,1,0.6486,2,insufficient_funds,2,261,active,1.6,upi,starter,0.9,0,1
763.57,4,0.6698,1,insufficient_funds,2,31,active,0.8,upi,vip,3.9,1,1
5562.46,13,0.8877,0,card_expired,1,249,trialing,1.8,wallet,enterprise,0.8,1,1
37408.61,10,0.4882,2,authentication_failed,5,85,active,8.8,card,starter,10.3,1,1
447.06,8,0.8309,1,insufficient_funds,3,30,past_due,0.4,upi,vip,1.2,0,1
19099.32,7,0.5601,0,insufficient_funds,1,153,paused,13.3,card,starter,5.8,1,0
2812.03,17,0.9051,2,insufficient_funds,0,245,active,0.6,upi,regular,0.3,1,1
10430.17,2,0.5048,1,gateway_timeout,0,96,unpaid,0.2,wallet,regular,0.8,1,1
7825.15,5,0.8924,1,insufficient_funds,0,188,active,3.2,upi,regular,5.6,1,1
4385.28,1,0.4993,3,authentication_failed,1,116,trialing,30.0,upi,starter,5.8,0,1
6905.63,8,0.5656,2,insufficient_funds,2,701,active,6.3,card,enterprise,11.4,1,1
10739.85,2,0.7997,1,insufficient_funds,0,227,trialing,2.2,wallet,regular,23.8,1,1
2788.75,3,0.4742,2,gateway_timeout,0,99,active,6.3,card,regular,6.6,0,1
2180.3,6,0.456,0,authentication_failed,4,62,trialing,7.2,netbanking,regular,1.1,0,1
5706.98,0,0.845,3,insufficient_funds,1,216,past_due,1.1,upi,starter,3.2,0,1
8447.29,0,0.7603,1,insufficient_funds,1,984,active,0.2,card,regular,0.3,0,1
7383.42,10,0.7767,0,network_error,0,164,past_due,9.5,netbanking,regular,5.1,0,1
8192.83,5,0.8017,2,authentication_failed,1,607,active,1.0,upi,regular,4.7,0,1
3059.81,18,0.6555,2,authentication_failed,4,189,canceled,2.7,card,regular,0.7,0,1
8714.19,11,0.6909,1,network_error,2,408,active,1.0,card,regular,10.8,0,1
840.35,0,0.8922,4,gateway_timeout,2,223,past_due,1.8,card,enterprise,0.5,0,1
4131.68,9,0.9828,1,insufficient_funds,3,220,active,4.1,card,regular,0.4,0,1
228.88,0,0.6055,4,authentication_failed,0,137,past_due,3.2,upi,regular,1.5,0,1
2162.15,14,0.4694,1,insufficient_funds,5,291,active,10.9,upi,starter,16.0,0,0
2482.17,45,0.8182,3,authentication_failed,1,171,active,1.9,card,vip,14.4,1,1
2722.34,7,0.6495,4,authentication_failed,2,467,past_due,2.3,card,vip,0.8,1,1
6144.88,10,0.8713,0,network_error,0,639,active,0.1,upi,vip,2.6,0,0
2659.68,2,0.9023,1,gateway_timeout,1,169,canceled,1.4,card,regular,3.4,1,1
3177.32,5,0.5859,2,gateway_timeout,0,77,past_due,5.2,card,enterprise,5.3,0,1
1556.05,18,0.7986,1,insufficient_funds,4,150,active,5.0,upi,regular,4.0,0,1
2536.05,1,0.6877,1,insufficient_funds,0,305,active,0.8,upi,vip,3.0,0,1
1489.13,2,0.9116,3,insufficient_funds,1,175,paused,16.9,upi,regular,2.1,1,1
580.07,5,0.4371,1,insufficient_funds,0,127,active,2.4,upi,starter,17.2,1,1
4824.75,11,0.8268,4,card_expired,1,7,active,1.2,upi,vip,0.6,0,1
5716.31,4,0.8764,4,card_expired,0,51,active,5.2,wallet,regular,2.7,0,0
5031.22,24,0.638,2,gateway_timeout,0,460,active,3.7,netbanking,vip,0.8,0,1
3313.39,0,0.8843,2,insufficient_funds,2,362,active,2.4,upi,regular,3.7,0,1
2588.45,4,0.777,1,authentication_failed,1,22,active,6.6,card,enterprise,6.8,1,1
10151.06,11,0.7514,4,authentication_failed,0,29,past_due,3.9,card,regular,4.2,1,1
3860.29,2,0.9533,1,authentication_failed,1,679,trialing,13.7,card,starter,0.9,1,1
3461.77,10,0.9696,0,gateway_timeout,0,400,active,7.1,card,enterprise,2.2,0,1
329.88,1,0.9534,1,insufficient_funds,1,131,active,3.2,upi,regular,1.7,0,1
2287.04,0,0.7583,1,insufficient_funds,0,900,active,4.1,card,starter,5.0,1,1
2591.76,1,0.9641,2,insufficient_funds,3,904,past_due,2.9,netbanking,enterprise,0.3,0,0
2744.33,25,0.9441,2,authentication_failed,1,1500,past_due,2.4,wallet,vip,2.8,0,1
4539.56,7,0.9042,0,authentication_failed,1,120,trialing,4.4,upi,starter,4.7,0,1
4013.59,15,0.465,0,insufficient_funds,2,191,canceled,1.0,upi,regular,10.4,0,0
4881.26,3,0.815,2,insufficient_funds,0,264,paused,1.3,upi,regular,6.1,0,1
7438.37,8,0.677,3,authentication_failed,0,427,active,0.9,card,vip,16.1,0,1
8582.85,6,0.7608,0,insufficient_funds,0,55,canceled,3.6,card,regular,7.7,1,0
6531.42,27,0.5042,1,insufficient_funds,1,100,unpaid,9.5,upi,regular,6.7,0,0
15763.99,13,0.6891,3,insufficient_funds,1,111,unpaid,13.0,card,regular,10.1,0,1
292.0,12,0.7112,1,insufficient_funds,2,450,active,0.8,upi,starter,6.4,0,0
1289.4,0,0.8106,1,insufficient_funds,4,163,past_due,1.0,upi,regular,11.6,0,0
237.96,7,0.6778,1,insufficient_funds,0,217,canceled,2.6,upi,starter,0.8,1,1
5413.16,5,0.4707,1,insufficient_funds,1,381,active,3.6,card,enterprise,10.5,0,1
11615.41,24,0.9874,1,insufficient_funds,2,254,active,2.7,card,regular,0.7,0,1
1595.15,2,0.9667,1,insufficient_funds,1,613,active,1.4,card,regular,6.6,0,1
13288.85,2,0.5694,2,card_expired,3,42,active,5.0,card,regular,6.4,0,0
510.8,5,0.8245,0,card_expired,1,160,active,0.8,upi,regular,7.6,0,1
13823.64,2,0.8417,1,card_expired,2,123,active,0.4,card,regular,0.6,1,1
2366.41,1,0.7358,1,insufficient_funds,0,424,trialing,0.9,upi,enterprise,10.1,1,1
734.7,18,0.648,1,card_expired,1,165,past_due,9.0,upi,regular,0.3,1,1
3526.41,7,0.7048,4,network_error,4,636,active,0.9,upi,regular,0.8,0,1
1683.79,18,0.6713,0,network_error,1,83,active,2.5,card,regular,6.7,1,1
1876.47,16,0.7946,1,insufficient_funds,0,71,active,1.1,card,regular,20.9,0,1
2035.72,3,0.5949,1,card_expired,0,221,canceled,10.1,card,starter,1.8,0,0
8323.42,7,0.7943,3,insufficient_funds,3,13,active,6.5,upi,enterprise,15.4,1,1
4073.54,0,0.8799,0,insufficient_funds,0,270,active,1.9,upi,starter,4.8,1,1
2064.8,23,0.9078,1,gateway_timeout,1,364,active,6.6,upi,regular,1.2,1,1
4912.32,4,0.6352,0,gateway_timeout,3,77,trialing,14.9,card,starter,13.9,0,0
6496.56,4,0.4829,0,card_expired,2,111,active,3.6,card,regular,20.3,1,0
1791.56,3,0.586,0,network_error,1,274,active,1.0,upi,regular,5.4,1,1
2868.33,5,0.7231,6,gateway_timeout,1,204,active,1.7,upi,regular,6.7,1,1
849.89,2,0.5027,1,insufficient_funds,0,248,active,3.0,wallet,vip,6.6,1,1
1199.27,4,0.9373,1,authentication_failed,4,206,active,3.5,upi,regular,0.6,1,1
5914.67,15,0.9074,0,insufficient_funds,0,173,trialing,6.8,card,starter,1.5,0,1
1201.03,17,0.7124,0,card_expired,0,8,trialing,2.5,upi,regular,0.3,1,1
3923.92,3,0.2937,1,authentication_failed,0,117,active,0.2,card,regular,7.6,1,1
6372.95,6,0.8401,3,card_expired,2,232,past_due,0.3,upi,regular,3.5,1,1
765.15,19,0.5948,1,network_error,1,402,active,9.6,card,enterprise,3.1,1,1
4388.69,0,0.5282,1,insufficient_funds,3,497,active,4.0,card,regular,10.2,0,1
1682.35,20,0.5176,1,insufficient_funds,0,113,active,6.5,wallet,regular,0.7,0,1
16674.31,2,0.4817,3,insufficient_funds,0,301,canceled,4.6,netbanking,regular,12.6,0,0
3503.84,10,0.5248,0,authentication_failed,0,22,active,9.3,card,regular,0.5,1,0
8399.29,8,0.7185,0,card_expired,0,113,trialing,0.1,card,regular,2.3,1,1
4195.06,7,0.7277,2,gateway_timeout,0,44,canceled,2.4,upi,regular,2.8,0,0
421.92,18,0.9425,1,card_expired,0,159,active,0.6,netbanking,enterprise,9.7,0,1
5214.03,1,0.6667,1,network_error,1,256,active,2.8,upi,regular,6.5,0,1
15321.0,4,0.7587,2,insufficient_funds,0,708,unpaid,9.3,card,regular,10.3,0,1
4801.64,7,0.5908,1,insufficient_funds,1,466,active,2.0,wallet,regular,0.4,1,1
8751.51,15,0.5581,2,insufficient_funds,0,45,active,0.5,card,regular,5.6,1,1
10979.73,2,0.5673,6,card_expired,0,360,active,1.0,card,regular,12.3,1,0
1494.37,15,0.5289,2,gateway_timeout,0,216,active,2.8,card,vip,2.1,0,1
1391.57,4,0.654,1,insufficient_funds,2,428,active,4.2,card,vip,0.2,0,0
4920.64,1,0.4828,2,insufficient_funds,0,162,unpaid,0.1,upi,regular,8.3,1,0
2846.89,13,0.7876,0,network_error,4,57,active,2.0,card,regular,8.2,1,1
9358.57,0,0.552,0,authentication_failed,4,21,active,4.2,wallet,regular,0.5,0,1
11714.08,6,0.5339,3,authentication_failed,1,78,active,4.2,upi,vip,1.6,0,1
2380.3,0,0.7895,1,insufficient_funds,0,54,active,3.8,card,enterprise,0.9,1,1
1551.64,4,0.8537,2,authentication_failed,0,236,active,0.1,card,starter,3.3,0,1
7782.6,8,0.9378,1,card_expired,0,259,canceled,7.2,netbanking,regular,0.3,0,1
1806.58,7,0.5636,1,network_error,1,146,trialing,5.6,card,regular,0.6,1,1
8847.14,4,0.8943,2,authentication_failed,1,152,active,1.1,upi,regular,2.2,1,1
2955.97,5,0.7974,2,authentication_failed,1,503,active,2.4,upi,vip,1.2,1,1
5706.33,2,0.8544,3,gateway_timeout,1,39,trialing,11.2,upi,regular,8.1,0,0
702.06,5,0.9573,1,insufficient_funds,0,29,active,3.8,upi,regular,0.8,0,1
5088.96,29,0.9202,4,insufficient_funds,1,19,active,5.5,card,regular,3.7,0,1
3205.28,18,0.4594,0,insufficient_funds,1,162,active,5.2,upi,regular,2.7,1,1
4616.8,1,0.5661,1,insufficient_funds,1,380,active,3.3,upi,regular,1.7,0,1
1119.7,0,0.7782,3,network_error,0,277,trialing,2.9,upi,regular,4.2,1,1
6875.61,25,0.7212,1,card_expired,2,24,active,10.7,upi,starter,2.6,0,1
10131.47,7,0.4246,5,insufficient_funds,1,176,active,2.8,card,vip,3.3,0,1
1421.45,7,0.7917,1,card_expired,0,11,active,0.6,card,regular,8.2,1,1
703.05,14,0.9132,1,gateway_timeout,1,35,active,3.9,card,regular,6.9,0,1
319.61,3,0.598,1,network_error,0,59,active,1.8,card,regular,0.2,0,1
5335.71,6,0.7027,1,insufficient_funds,0,140,trialing,0.2,wallet,regular,2.2,0,1
4870.92,32,0.8729,2,authentication_failed,2,115,active,1.7,card,enterprise,4.2,0,1
4155.98,10,0.5764,2,gateway_timeout,1,286,trialing,13.6,wallet,regular,7.4,0,1
1519.48,1,0.6194,1,card_expired,0,358,past_due,5.0,upi,enterprise,3.5,1,1
2678.91,1,0.7212,1,card_expired,1,595,trialing,2.4,card,regular,3.5,0,1
4712.88,2,0.8587,0,insufficient_funds,3,234,active,8.9,card,starter,14.0,1,1
3633.51,13,0.8956,0,gateway_timeout,0,76,active,2.1,wallet,regular,7.2,0,1
22225.67,3,0.7555,0,card_expired,0,179,active,5.1,card,regular,1.2,0,0
933.46,0,0.6659,2,authentication_failed,2,255,active,11.2,card,enterprise,3.4,1,1
6139.59,27,0.709,2,authentication_failed,0,51,trialing,0.1,netbanking,regular,4.8,0,1
2790.25,1,0.667,1,insufficient_funds,0,135,paused,8.2,upi,regular,12.8,0,1
2994.83,0,0.2425,1,insufficient_funds,1,97,past_due,1.4,card,enterprise,0.6,0,0
6522.11,2,0.4087,1,card_expired,3,260,active,2.9,netbanking,enterprise,2.3,1,1
6095.36,2,0.8593,1,authentication_failed,0,25,canceled,3.8,upi,enterprise,4.2,1,1
23896.93,5,0.8992,1,insufficient_funds,2,430,past_due,2.1,upi,regular,0.6,1,1
887.09,24,0.7028,0,network_error,0,26,canceled,2.4,netbanking,vip,5.7,0,1
749.69,20,0.6496,2,card_expired,1,446,past_due,1.3,card,regular,3.1,1,0
6642.91,5,0.775,1,insufficient_funds,1,38,active,6.2,netbanking,starter,4.4,0,1
4518.34,5,0.7692,1,gateway_timeout,0,373,active,0.9,upi,regular,6.2,1,1
1802.13,7,0.9356,1,insufficient_funds,3,503,active,3.3,card,regular,4.4,0,0
613.75,2,0.5814,1,network_error,0,216,paused,2.3,card,regular,7.1,1,1
647.75,0,0.7412,0,insufficient_funds,3,589,active,3.5,upi,regular,1.4,0,1
11430.59,26,0.7456,0,card_expired,2,87,past_due,3.2,card,starter,1.0,1,0
1265.15,1,0.5956,0,network_error,2,103,active,1.8,card,starter,0.6,1,1
2153.16,2,0.595,1,insufficient_funds,0,118,paused,3.5,upi,vip,3.9,0,1
1485.16,6,0.5795,3,card_expired,0,821,active,1.5,upi,regular,4.6,0,1
2392.5,6,0.9204,2,network_error,1,19,active,1.7,card,enterprise,5.9,0,1
559.76,0,0.8272,2,network_error,0,2,active,2.8,wallet,starter,6.8,0,1
3860.06,1,0.8306,1,gateway_timeout,1,14,active,2.2,card,starter,0.9,1,1
550.03,4,0.7396,1,authentication_failed,0,168,active,6.7,card,regular,17.4,0,0
8256.11,10,0.7454,1,insufficient_funds,0,63,active,4.7,upi,vip,11.0,0,0
1530.99,2,0.5195,3,authentication_failed,3,167,active,0.3,upi,regular,2.6,0,1
4082.77,5,0.8893,2,insufficient_funds,0,190,paused,0.1,card,regular,3.0,1,1
10804.61,7,0.7891,1,insufficient_funds,0,166,active,2.6,card,starter,4.9,0,1
5461.66,20,0.8497,3,insufficient_funds,3,149,active,2.0,upi,enterprise,0.9,1,1
4006.68,3,0.9028,2,gateway_timeout,2,125,paused,0.7,upi,starter,1.7,1,1
2160.28,1,0.6447,3,insufficient_funds,0,98,active,0.9,card,enterprise,15.4,0,1
2224.84,6,0.7287,0,insufficient_funds,0,98,past_due,0.4,card,regular,1.0,0,1
5735.55,13,0.6433,2,gateway_timeout,2,60,active,0.1,card,enterprise,3.9,1,1
25897.48,1,0.7303,0,card_expired,1,127,active,3.9,card,vip,0.5,0,1
5621.17,5,0.7079,1,insufficient_funds,2,199,trialing,0.8,card,regular,0.1,1,1
4279.78,0,0.5703,2,card_expired,0,702,active,17.2,card,vip,11.0,0,0
6758.73,0,0.5916,2,gateway_timeout,0,323,active,1.7,card,regular,2.4,1,1
3329.36,6,0.5929,5,authentication_failed,2,605,past_due,0.8,card,regular,4.3,1,1
510.13,3,0.8067,1,insufficient_funds,1,62,past_due,1.0,wallet,regular,9.0,0,0
4331.07,17,0.5225,0,network_error,1,72,active,4.2,upi,regular,1.0,1,1
16006.02,8,0.9019,2,insufficient_funds,0,91,active,2.3,upi,regular,8.5,1,1
1163.7,5,0.5637,1,gateway_timeout,1,855,active,0.1,card,enterprise,0.5,0,1
6055.99,4,0.5145,3,gateway_timeout,0,188,canceled,0.4,card,regular,6.5,1,0
1321.56,6,0.6578,4,network_error,2,432,canceled,1.6,card,starter,0.2,0,0
4037.5,0,0.8114,2,network_error,1,421,active,0.6,card,starter,10.7,0,1
708.37,21,0.4629,1,insufficient_funds,1,542,active,0.1,upi,regular,0.5,1,1
3192.56,60,0.9114,0,insufficient_funds,0,58,past_due,8.9,card,enterprise,3.8,0,1
7256.28,1,0.6008,2,insufficient_funds,1,183,active,4.0,wallet,vip,4.1,1,1
2335.27,1,0.5182,2,network_error,0,225,paused,1.9,card,regular,11.1,1,1
5666.81,1,0.831,0,gateway_timeout,0,181,trialing,18.2,netbanking,enterprise,4.3,1,1
8134.71,10,0.4764,3,network_error,0,482,active,22.0,card,starter,1.1,0,0
13298.67,10,0.7591,1,insufficient_funds,0,693,trialing,4.9,wallet,vip,4.5,1,1
1537.06,17,0.571,2,insufficient_funds,1,63,trialing,3.1,card,vip,2.2,0,1
2748.43,13,0.9269,1,insufficient_funds,1,15,active,3.8,wallet,enterprise,3.0,0,1
1026.83,5,0.7958,2,insufficient_funds,1,333,active,3.7,netbanking,starter,1.1,0,1
24653.27,9,0.5824,2,card_expired,1,179,active,1.2,card,starter,6.0,0,0
13286.55,11,0.7158,1,card_expired,1,699,trialing,3.3,netbanking,regular,1.0,0,1
4082.18,6,0.9036,0,network_error,1,309,paused,0.5,card,regular,1.9,0,1
9426.85,6,0.5244,1,insufficient_funds,0,94,canceled,0.3,card,regular,23.6,1,1
3879.83,9,0.701,1,authentication_failed,0,190,canceled,1.4,upi,regular,2.7,0,1
5085.32,7,0.9507,1,insufficient_funds,0,573,past_due,1.3,netbanking,regular,8.5,1,0
666.74,9,0.6082,0,insufficient_funds,2,472,trialing,6.2,card,regular,3.3,0,0
7238.01,9,0.6145,2,insufficient_funds,5,158,active,0.3,card,regular,9.0,1,0
883.19,12,0.5824,1,authentication_failed,2,63,active,0.2,card,regular,1.8,1,1
8945.44,9,0.9151,3,insufficient_funds,0,29,paused,2.2,upi,regular,3.6,0,0
7816.95,6,0.5674,0,insufficient_funds,1,48,active,4.9,upi,starter,4.1,1,1
6367.78,10,0.5122,0,network_error,0,146,active,13.9,upi,starter,0.6,0,1
384.15,5,0.7197,0,network_error,0,316,past_due,1.4,card,regular,5.3,0,1
2005.77,2,0.741,0,gateway_timeout,0,48,active,0.2,card,regular,7.6,0,1
1726.6,0,0.6373,1,insufficient_funds,1,287,active,6.9,upi,vip,3.4,0,0
2432.5,7,0.592,1,insufficient_funds,1,91,active,4.0,wallet,regular,10.8,0,0
658.62,8,0.8276,5,insufficient_funds,0,246,active,7.3,card,regular,7.5,1,1
14019.76,33,0.5743,0,insufficient_funds,2,167,active,0.2,wallet,regular,1.1,0,1
4234.97,4,0.5477,1,authentication_failed,2,516,active,0.9,wallet,regular,13.4,1,1
2022.99,4,0.5335,2,insufficient_funds,2,647,active,9.3,netbanking,vip,9.5,0,0
2729.04,2,0.7184,1,card_expired,1,122,active,7.6,upi,regular,2.2,0,1
3163.82,0,0.7374,1,gateway_timeout,0,116,unpaid,2.4,upi,regular,3.7,0,1
4788.89,14,0.5093,1,insufficient_funds,3,238,active,8.1,card,regular,1.2,1,1
3825.04,2,0.627,1,card_expired,3,87,unpaid,5.3,card,starter,5.2,1,0
12790.79,8,0.8923,2,insufficient_funds,1,221,active,6.7,card,regular,1.0,1,1
3635.46,11,0.7999,1,card_expired,3,133,active,1.1,upi,starter,4.6,1,0
24441.32,6,0.953,0,authentication_failed,0,162,active,1.3,upi,regular,2.3,1,1
9733.33,19,0.4209,0,authentication_failed,1,392,canceled,5.9,card,regular,0.7,1,0
1369.19,5,0.8527,2,insufficient_funds,1,30,active,7.7,upi,regular,1.3,0,0
13539.0,3,0.7154,0,insufficient_funds,1,41,active,6.2,card,regular,3.1,1,1
818.56,21,0.8046,4,gateway_timeout,2,31,canceled,0.9,netbanking,regular,0.7,0,1
8703.65,18,0.556,1,insufficient_funds,1,244,active,10.2,card,regular,7.4,1,1
2595.21,1,0.3953,2,insufficient_funds,0,506,active,14.9,wallet,enterprise,0.9,1,1
10717.62,0,0.799,2,insufficient_funds,2,581,unpaid,0.2,upi,regular,1.2,1,0
10326.91,0,0.561,1,gateway_timeout,2,186,past_due,8.8,upi,enterprise,0.3,1,1
8397.56,3,0.5713,0,gateway_timeout,1,262,unpaid,5.7,card,regular,13.1,0,0
8003.96,34,0.8007,2,gateway_timeout,1,294,active,0.9,card,regular,0.1,1,1
2016.91,7,0.6616,4,gateway_timeout,1,155,active,0.9,upi,regular,5.6,0,1
621.91,4,0.8144,1,network_error,1,265,past_due,1.1,upi,regular,6.9,0,1
2779.02,20,0.5383,0,network_error,0,110,paused,0.2,card,starter,3.7,1,1
1152.93,5,0.7438,1,insufficient_funds,2,247,past_due,1.5,netbanking,starter,2.5,0,0
6136.42,3,0.5717,1,gateway_timeout,3,172,past_due,6.6,netbanking,regular,1.6,0,1
2324.0,26,0.6597,1,gateway_timeout,0,44,active,1.0,upi,vip,4.0,0,1
18767.95,17,0.7343,3,insufficient_funds,1,467,trialing,1.1,upi,regular,7.1,0,1
5321.78,17,0.5668,0,gateway_timeout,0,78,past_due,5.2,card,vip,5.8,0,0
8843.38,6,0.8098,4,card_expired,0,28,active,5.3,card,regular,2.4,1,1
910.84,14,0.4199,4,insufficient_funds,0,445,active,2.1,upi,enterprise,2.4,0,1
10103.03,1,0.5749,2,authentication_failed,2,501,past_due,7.3,card,regular,0.3,0,0
13004.01,8,0.4254,0,insufficient_funds,0,13,active,1.8,upi,starter,14.0,0,0
3538.0,39,0.8227,0,network_error,1,692,unpaid,1.0,upi,regular,7.3,1,1
4860.23,3,0.7341,2,insufficient_funds,1,19,past_due,1.1,card,regular,7.1,0,1
7436.8,15,0.5785,0,gateway_timeout,1,59,active,1.2,upi,starter,14.7,0,1
1160.88,6,0.878,3,authentication_failed,1,2,active,0.8,wallet,regular,8.5,0,1
3691.46,0,0.8626,2,insufficient_funds,1,4,paused,0.5,netbanking,regular,9.1,1,1
2743.0,13,0.7534,0,gateway_timeout,2,23,canceled,0.6,card,regular,4.8,1,1
991.31,1,0.7996,3,insufficient_funds,0,542,active,1.0,wallet,regular,1.9,1,1
2490.65,9,0.7651,1,gateway_timeout,0,15,active,5.8,upi,regular,2.5,0,1
553.04,0,0.8211,1,insufficient_funds,0,342,trialing,0.6,card,regular,6.5,1,1
330.75,27,0.7565,2,insufficient_funds,1,212,active,2.4,upi,vip,4.1,1,1
926.09,3,0.8084,1,insufficient_funds,0,388,active,0.6,card,enterprise,2.0,1,1
16699.77,2,0.9424,0,authentication_failed,2,447,paused,2.1,wallet,vip,2.7,1,1
4187.31,1,0.8409,0,authentication_failed,2,138,active,0.7,upi,regular,11.2,0,1
17080.89,27,0.7098,0,authentication_failed,0,42,past_due,1.5,upi,regular,3.7,0,0
3032.55,11,0.8247,2,insufficient_funds,0,1,active,0.4,upi,enterprise,10.8,0,1
2068.5,12,0.804,1,authentication_failed,1,549,active,6.0,card,regular,4.5,0,0
3727.53,6,0.8243,1,insufficient_funds,2,197,active,0.2,card,regular,3.9,1,1
3094.73,6,0.9604,2,insufficient_funds,0,181,active,9.4,upi,regular,17.3,1,1
758.37,1,0.5999,0,network_error,0,338,active,5.7,card,regular,0.4,1,1
5319.75,7,0.5609,0,card_expired,0,100,trialing,3.1,card,starter,2.9,1,0
1416.97,2,0.9129,3,insufficient_funds,0,1260,canceled,1.1,card,regular,0.6,1,1
5032.5,35,0.4936,3,insufficient_funds,0,210,unpaid,0.4,upi,starter,7.1,0,0
5451.98,15,0.8089,2,authentication_failed,0,19,active,6.7,upi,starter,4.5,1,1
1024.52,5,0.8403,3,insufficient_funds,1,48,active,3.5,wallet,regular,2.3,0,0
516.56,1,0.4565,0,authentication_failed,1,89,trialing,2.3,card,regular,2.5,0,1
7787.98,14,0.6164,1,authentication_failed,3,43,active,2.7,card,regular,0.8,1,1
3279.08,1,0.836,1,network_error,2,598,trialing,2.1,upi,starter,1.5,0,1
499.62,1,0.8839,1,insufficient_funds,1,154,trialing,2.4,upi,enterprise,7.3,0,1
26559.66,2,0.8164,0,card_expired,2,136,unpaid,0.8,card,enterprise,8.7,1,0
497.59,7,0.6253,4,network_error,3,351,active,4.5,card,regular,9.2,1,1
6137.8,14,0.9533,0,authentication_failed,0,435,active,1.2,card,starter,0.3,0,1
20776.49,3,0.8387,2,authentication_failed,1,77,active,1.6,card,regular,1.0,0,1
1566.79,0,0.6537,2,insufficient_funds,0,13,active,2.7,netbanking,enterprise,2.7,1,1
967.21,5,0.807,3,gateway_timeout,5,39,unpaid,17.0,netbanking,regular,2.9,1,1
847.04,13,0.6495,2,gateway_timeout,3,493,active,2.4,upi,starter,1.6,1,1
2006.82,2,0.9725,1,gateway_timeout,0,135,past_due,0.7,netbanking,starter,20.0,0,0
732.62,2,0.7988,0,insufficient_funds,1,64,active,4.3,card,starter,13.0,1,1
6090.9,27,0.5729,0,gateway_timeout,1,1083,active,0.9,card,starter,0.5,1,1
521.58,29,0.5342,1,insufficient_funds,2,62,active,8.7,card,regular,6.1,0,1
3760.86,44,0.7165,0,insufficient_funds,1,407,active,5.2,card,starter,1.2,0,1
28764.4,15,0.6595,3,insufficient_funds,0,1500,active,0.3,upi,enterprise,17.3,1,1
8609.24,1,0.7114,0,gateway_timeout,1,38,past_due,1.3,upi,vip,5.7,1,1
4975.41,2,0.8603,0,authentication_failed,0,286,active,1.4,upi,regular,0.4,0,1
2028.24,3,0.8063,3,gateway_timeout,2,450,trialing,8.1,netbanking,vip,0.2,1,1
5089.45,3,0.8549,0,gateway_timeout,0,634,unpaid,6.9,upi,enterprise,1.9,0,1
3943.74,29,0.6263,1,gateway_timeout,0,88,canceled,8.0,upi,enterprise,4.0,0,1
2976.36,14,0.91,4,insufficient_funds,0,21,active,24.7,card,regular,4.0,1,0
900.39,12,0.7553,3,gateway_timeout,0,10,active,3.3,upi,regular,3.8,1,1
11084.36,1,0.9483,5,gateway_timeout,4,111,trialing,0.3,card,starter,7.1,1,1
3187.23,22,0.3425,1,insufficient_funds,3,42,past_due,3.0,upi,regular,8.1,0,0
1282.22,16,0.6016,1,network_error,1,113,active,2.9,upi,vip,1.2,0,1
2492.43,1,0.9386,0,insufficient_funds,1,571,canceled,2.6,upi,enterprise,0.3,1,1
2873.28,19,0.6128,3,gateway_timeout,0,67,active,0.1,upi,regular,0.4,0,1
8987.89,3,0.4695,1,authentication_failed,0,219,active,0.6,card,regular,9.3,0,1
6814.05,0,0.7349,3,insufficient_funds,0,946,active,0.9,upi,vip,4.0,1,1
7533.29,10,0.8707,2,authentication_failed,0,120,active,8.3,upi,starter,2.4,0,1
255.46,10,0.6515,3,network_error,1,61,active,0.5,netbanking,starter,6.6,0,1
2890.59,0,0.4363,2,card_expired,0,733,active,2.3,card,regular,9.8,0,1
3482.57,3,0.6395,1,insufficient_funds,0,218,past_due,3.6,card,regular,5.6,1,1
296.89,46,0.3756,3,insufficient_funds,3,15,past_due,1.1,upi,starter,0.3,0,1
1704.26,10,0.3655,1,insufficient_funds,0,35,past_due,1.3,upi,starter,11.9,1,0
7341.62,12,0.6899,1,insufficient_funds,1,218,past_due,5.3,wallet,regular,2.9,1,1
937.34,2,0.8633,1,gateway_timeout,1,166,paused,6.6,upi,regular,3.0,1,1
4031.93,0,0.7954,2,authentication_failed,0,149,trialing,4.9,upi,regular,10.9,0,1
1411.64,3,0.8206,1,gateway_timeout,0,199,active,12.1,upi,vip,8.6,0,1
260.97,2,0.5442,0,card_expired,2,113,active,1.3,card,vip,9.3,0,1
1580.09,2,0.8059,1,insufficient_funds,0,449,active,33.0,netbanking,regular,0.2,1,1
18822.28,2,0.7821,1,gateway_timeout,0,731,trialing,0.2,upi,enterprise,3.4,0,1
8285.77,8,0.52,3,authentication_failed,0,95,trialing,1.3,card,regular,9.6,0,1
16241.74,3,0.6832,1,insufficient_funds,1,284,active,2.9,upi,regular,7.3,1,1
3545.73,16,0.376,2,insufficient_funds,0,120,unpaid,1.7,card,starter,21.5,1,1
781.19,1,0.7428,2,insufficient_funds,1,43,active,0.6,netbanking,enterprise,2.9,1,1
4169.92,5,0.3811,0,card_expired,0,59,active,6.0,upi,enterprise,8.6,1,1
3229.14,0,0.6345,3,gateway_timeout,1,70,unpaid,1.2,upi,regular,12.6,1,1
9500.95,6,0.9067,0,card_expired,3,170,active,4.0,card,vip,2.2,1,1
716.16,0,0.8365,3,authentication_failed,0,76,active,4.9,card,regular,0.2,0,1
3549.51,36,0.9383,2,authentication_failed,1,181,past_due,0.5,card,starter,0.7,0,1
1012.88,14,0.7798,1,authentication_failed,3,1,active,0.2,upi,regular,3.4,1,1
2162.81,6,0.8291,4,insufficient_funds,0,94,active,14.7,card,regular,6.5,0,1
6884.8,0,0.4004,2,card_expired,0,124,past_due,6.2,card,regular,2.8,0,0
3431.49,8,0.7663,0,authentication_failed,0,244,active,1.9,upi,regular,3.7,0,1
2557.13,13,0.7417,1,insufficient_funds,4,13,past_due,5.1,upi,vip,10.8,0,1
2708.31,2,0.4769,1,gateway_timeout,1,642,trialing,5.4,card,enterprise,1.4,1,1
3275.81,7,0.607,1,insufficient_funds,4,93,active,6.1,upi,enterprise,15.2,1,1
7885.97,15,0.6778,1,insufficient_funds,0,171,past_due,6.7,upi,regular,0.6,0,1
11332.04,13,0.7728,1,gateway_timeout,2,297,trialing,2.5,upi,regular,3.4,1,0
15742.79,15,0.5362,0,insufficient_funds,0,115,active,1.7,upi,enterprise,3.1,0,1
7930.05,20,0.9274,1,insufficient_funds,1,249,active,1.9,card,regular,3.3,0,1
2094.65,26,0.8969,2,gateway_timeout,3,171,past_due,2.5,card,regular,5.6,0,0
6025.92,4,0.7415,1,card_expired,0,161,trialing,1.5,card,regular,1.8,0,1
3077.74,7,0.835,3,insufficient_funds,0,51,past_due,0.9,upi,regular,3.0,0,0
1669.65,14,0.7363,1,insufficient_funds,0,125,trialing,5.6,upi,regular,2.0,0,1
9390.22,11,0.6941,0,insufficient_funds,0,58,canceled,8.6,upi,regular,14.6,1,1
395.92,51,0.8987,4,card_expired,0,392,trialing,8.4,upi,regular,1.8,0,0
11801.81,0,0.8703,2,insufficient_funds,0,36,active,1.4,wallet,vip,1.5,1,1
3294.63,4,0.7799,1,card_expired,0,11,active,0.6,upi,regular,1.0,1,1
5269.54,3,0.8516,1,gateway_timeout,0,125,active,2.5,upi,starter,2.6,1,1
5584.56,2,0.9895,1,authentication_failed,0,4,active,1.0,upi,starter,1.6,0,0
11474.58,2,0.8897,0,gateway_timeout,0,111,active,2.5,upi,regular,3.1,1,1
5262.21,11,0.7873,1,insufficient_funds,0,380,canceled,3.5,card,regular,1.0,0,0
4958.73,0,0.3613,5,insufficient_funds,0,402,active,6.9,upi,regular,18.7,0,1
544.89,12,0.9122,1,insufficient_funds,0,120,active,6.3,netbanking,regular,4.9,1,1
3853.29,11,0.5437,0,network_error,1,243,active,0.1,card,regular,5.3,1,1
1013.59,2,0.8085,0,gateway_timeout,3,243,active,0.3,card,enterprise,5.4,1,1
6886.26,2,0.7033,1,network_error,1,143,active,14.3,upi,regular,1.6,0,1
3789.47,9,0.8194,1,gateway_timeout,0,195,canceled,1.5,card,regular,7.8,1,1
5900.73,13,0.8724,1,insufficient_funds,1,245,active,8.5,card,enterprise,1.5,0,1
412.83,19,0.6903,1,network_error,4,146,active,0.9,upi,enterprise,1.3,0,1
643.02,18,0.6835,4,authentication_failed,0,728,active,7.7,wallet,regular,0.2,0,1
6499.6,31,0.8903,0,network_error,0,501,active,0.3,card,vip,0.7,1,1
574.07,8,0.7824,3,insufficient_funds,0,303,active,0.7,upi,regular,3.5,1,1
569.61,22,0.6582,1,insufficient_funds,0,209,canceled,6.7,card,starter,4.4,1,0
260.91,15,0.3931,2,insufficient_funds,2,294,past_due,8.4,card,regular,5.6,1,0
15875.13,21,0.4541,1,insufficient_funds,0,444,canceled,2.8,upi,regular,9.2,0,0
6887.68,0,0.6276,5,gateway_timeout,2,31,paused,0.9,card,regular,9.4,0,0
2378.99,32,0.7574,1,card_expired,1,30,active,5.0,wallet,regular,2.5,1,1
1958.69,6,0.6264,3,network_error,0,119,active,0.5,card,starter,1.8,0,1
2351.63,15,0.7559,2,gateway_timeout,1,720,past_due,4.4,netbanking,regular,1.4,0,1
7650.58,1,0.384,0,insufficient_funds,2,37,past_due,4.0,upi,enterprise,0.6,0,1
5614.25,4,0.8696,1,insufficient_funds,0,180,past_due,2.5,card,starter,0.9,0,1
1224.04,3,0.8948,3,insufficient_funds,1,64,trialing,3.9,card,enterprise,6.9,1,1
1156.46,3,0.7817,1,insufficient_funds,2,42,active,4.4,card,regular,1.7,1,0
717.9,1,0.7812,0,authentication_failed,5,523,active,3.4,card,regular,2.9,0,0
5598.5,15,0.8235,1,card_expired,1,296,active,0.4,upi,regular,9.2,1,1
7427.52,0,0.907,3,insufficient_funds,0,259,active,0.3,netbanking,regular,2.2,0,1
1739.74,3,0.5923,1,gateway_timeout,0,212,active,17.2,netbanking,regular,2.7,0,1
305.84,1,0.6407,0,authentication_failed,1,318,active,6.8,upi,regular,1.6,1,1
628.72,8,0.9652,2,gateway_timeout,4,360,past_due,1.9,card,regular,1.6,0,1
17388.28,2,0.8431,1,card_expired,0,116,active,5.8,card,starter,11.0,1,0
1950.94,2,0.5724,0,network_error,0,125,active,0.1,card,enterprise,2.7,1,1
7531.52,6,0.6763,3,insufficient_funds,1,55,active,2.8,upi,enterprise,0.9,0,1
5099.66,10,0.7901,2,card_expired,1,497,active,0.1,netbanking,vip,3.0,1,1
2605.85,1,0.628,1,insufficient_funds,4,37,trialing,2.5,card,regular,11.7,1,1
1351.39,1,0.504,0,insufficient_funds,0,200,active,5.3,netbanking,starter,0.5,1,1
847.05,2,0.71,0,network_error,1,8,canceled,3.1,upi,regular,0.6,0,0
4972.73,34,0.7001,1,network_error,0,178,trialing,1.5,wallet,regular,0.4,0,1
7650.14,4,0.7296,1,insufficient_funds,2,490,past_due,6.1,card,regular,4.5,0,1
5362.78,8,0.8057,0,insufficient_funds,0,655,trialing,5.6,upi,enterprise,1.0,1,1
3978.33,2,0.9268,2,card_expired,1,464,past_due,6.7,upi,starter,11.8,0,0
414.28,6,0.8917,0,card_expired,0,361,active,3.6,wallet,regular,18.8,1,1
17487.06,0,0.8603,3,insufficient_funds,0,44,active,5.3,upi,regular,10.6,0,1
8215.15,0,0.7836,1,network_error,1,228,active,7.0,upi,enterprise,5.1,0,1
1932.36,6,0.8782,0,gateway_timeout,0,33,active,2.1,upi,regular,0.9,1,1
19752.7,4,0.3931,1,insufficient_funds,0,22,past_due,2.6,wallet,enterprise,1.0,0,1
4805.03,1,0.6617,2,authentication_failed,1,3,active,3.9,upi,regular,5.1,0,1
4566.43,11,0.5426,2,insufficient_funds,1,64,active,2.7,wallet,enterprise,4.3,1,1
7093.08,46,0.4093,2,gateway_timeout,1,340,active,0.5,wallet,regular,3.8,0,1
8550.45,4,0.4005,2,authentication_failed,0,164,past_due,20.9,netbanking,regular,11.1,1,0
5542.53,9,0.5906,3,gateway_timeout,1,46,active,8.7,card,starter,4.2,0,1
885.38,31,0.863,0,authentication_failed,0,72,trialing,6.9,netbanking,regular,1.5,0,1
2264.47,16,0.7503,3,insufficient_funds,0,78,canceled,9.5,card,regular,0.8,1,0
13361.26,5,0.6762,1,card_expired,0,433,active,1.1,card,regular,4.2,1,1
1471.98,12,0.7914,4,authentication_failed,0,82,active,6.2,wallet,enterprise,0.1,0,1
2527.41,1,0.4435,1,gateway_timeout,4,60,active,1.3,upi,regular,10.9,0,1
3028.85,6,0.7641,5,insufficient_funds,0,138,past_due,8.7,upi,regular,0.0,1,0
3093.78,3,0.5577,1,insufficient_funds,1,539,active,0.7,upi,regular,1.7,0,1
4945.87,1,0.5418,1,insufficient_funds,2,344,trialing,11.0,card,regular,9.5,1,1
14530.18,5,0.7562,2,insufficient_funds,1,277,active,2.4,card,regular,2.1,1,1
1576.74,1,0.858,5,insufficient_funds,1,630,active,1.5,card,vip,1.0,1,1
847.7,11,0.7723,2,insufficient_funds,0,399,trialing,9.9,upi,starter,0.6,0,1
1299.93,5,0.7494,2,insufficient_funds,0,103,active,6.8,card,regular,4.5,0,1
11098.52,7,0.7214,2,insufficient_funds,3,15,canceled,5.0,card,vip,0.7,1,1
5389.62,1,0.8578,3,network_error,1,26,unpaid,2.7,upi,enterprise,2.8,1,1
1883.71,1,0.5634,1,insufficient_funds,0,120,past_due,1.6,upi,regular,1.5,1,1
8662.66,8,0.8047,1,insufficient_funds,2,110,trialing,0.7,upi,regular,8.4,0,1
10079.73,39,0.5339,2,card_expired,0,463,active,14.0,card,starter,4.5,1,1
9570.74,0,0.4808,0,insufficient_funds,1,1002,active,2.5,upi,regular,1.6,0,1
12762.0,3,0.3665,2,gateway_timeout,0,791,active,7.9,upi,enterprise,0.2,0,1
1653.37,19,0.7315,2,insufficient_funds,1,268,trialing,2.6,wallet,vip,2.7,1,1
7233.34,0,0.8085,2,insufficient_funds,1,130,trialing,3.3,netbanking,enterprise,2.3,1,1
3285.93,19,0.4135,2,insufficient_funds,1,116,active,2.5,card,enterprise,1.9,1,1
9425.76,7,0.6736,0,card_expired,1,7,past_due,12.1,upi,regular,1.6,1,1
6718.79,4,0.7917,1,insufficient_funds,0,509,active,0.9,upi,starter,2.8,0,1
7690.54,3,0.7171,1,authentication_failed,0,582,active,0.2,card,starter,0.6,1,1
5537.92,3,0.6128,1,insufficient_funds,1,58,past_due,3.5,netbanking,starter,2.6,0,0
1176.6,3,0.3274,2,card_expired,0,109,active,1.4,card,vip,0.2,1,1
4137.59,20,0.691,0,insufficient_funds,0,242,active,1.6,card,enterprise,5.7,1,1
21089.63,12,0.3152,1,network_error,2,88,past_due,11.5,card,vip,2.8,0,1
14054.0,10,0.6215,3,insufficient_funds,1,110,active,9.6,wallet,enterprise,3.5,0,1
420.67,15,0.5189,0,insufficient_funds,3,155,active,0.3,upi,starter,10.1,1,1
1100.51,2,0.621,1,authentication_failed,1,113,trialing,16.9,card,regular,1.5,1,1
906.26,9,0.5472,2,insufficient_funds,4,29,trialing,1.3,upi,regular,1.1,1,0
6672.77,5,0.8334,1,insufficient_funds,0,326,past_due,0.3,wallet,regular,0.1,0,0
8712.85,14,0.3046,2,network_error,0,44,trialing,0.9,card,starter,5.1,0,1
1400.89,3,0.7855,4,authentication_failed,0,487,active,7.5,card,vip,19.5,1,1
3724.61,9,0.464,1,insufficient_funds,0,99,active,8.5,card,regular,5.3,0,0
9384.93,20,0.9183,3,authentication_failed,0,74,unpaid,1.7,card,regular,11.6,1,1
6798.82,4,0.4672,3,authentication_failed,0,310,active,4.0,upi,regular,1.5,0,1
4107.02,0,0.7788,0,insufficient_funds,3,371,unpaid,1.0,card,starter,3.5,0,0
4662.23,6,0.6393,3,card_expired,0,94,active,0.8,upi,starter,0.2,0,1
3750.05,4,0.7746,0,card_expired,2,581,active,13.0,wallet,regular,7.9,0,0
1965.89,10,0.8766,2,insufficient_funds,0,273,active,7.7,upi,regular,5.0,0,1
4362.3,28,0.7499,1,gateway_timeout,1,35,active,9.6,wallet,enterprise,9.8,0,0
6037.97,6,0.4084,2,authentication_failed,3,40,active,8.6,upi,regular,3.6,0,1
10530.57,5,0.9332,1,card_expired,1,64,active,8.3,card,enterprise,1.2,0,1
5257.01,10,0.7203,1,authentication_failed,0,382,active,2.6,card,enterprise,3.0,0,1
7359.0,1,0.7858,5,insufficient_funds,0,686,paused,5.9,card,regular,9.8,0,1
1072.19,2,0.7783,1,insufficient_funds,2,372,active,3.2,upi,enterprise,13.4,0,1
3295.37,23,0.5901,1,authentication_failed,0,7,trialing,0.2,upi,enterprise,1.6,0,0
246.88,10,0.3767,2,network_error,2,41,active,0.6,card,regular,0.5,1,1
1616.32,0,0.7949,3,card_expired,2,189,past_due,1.8,netbanking,starter,2.1,1,0
6681.57,2,0.7591,0,card_expired,1,216,active,1.6,netbanking,enterprise,9.8,0,1
24224.18,10,0.7101,1,authentication_failed,0,456,active,3.5,card,starter,9.4,0,1
722.24,13,0.7223,3,insufficient_funds,0,113,paused,1.7,netbanking,vip,17.6,1,1
2766.6,17,0.7736,1,insufficient_funds,0,494,active,2.4,netbanking,regular,1.0,0,1
8248.96,3,0.9448,1,insufficient_funds,2,44,canceled,2.2,upi,enterprise,1.0,1,0
1341.0,25,0.6034,2,gateway_timeout,1,54,active,2.0,card,regular,4.1,1,1
4249.36,7,0.7306,1,insufficient_funds,0,85,active,2.7,wallet,regular,6.9,0,1
6803.87,11,0.8493,2,insufficient_funds,1,71,active,7.4,upi,enterprise,0.4,0,1
4985.37,8,0.7995,2,insufficient_funds,0,383,past_due,3.1,card,regular,4.2,1,1
1241.43,1,0.4731,1,gateway_timeout,5,105,active,6.8,upi,regular,20.3,0,1
2395.51,31,0.6707,0,insufficient_funds,0,30,past_due,0.9,netbanking,vip,10.4,0,1
7857.57,1,0.6442,0,authentication_failed,2,183,trialing,3.2,upi,enterprise,2.1,1,1
4239.72,2,0.8587,3,authentication_failed,1,34,trialing,5.0,netbanking,regular,3.3,0,1
226.22,15,0.9539,1,network_error,3,434,active,1.9,netbanking,regular,1.3,0,1
7356.27,9,0.7015,4,network_error,0,102,active,6.6,netbanking,regular,6.7,0,1
379.75,17,0.8834,3,insufficient_funds,1,171,active,3.9,upi,starter,3.1,0,1
7046.87,6,0.7537,3,card_expired,1,539,active,0.1,upi,regular,2.1,0,1
1331.25,4,0.6058,1,insufficient_funds,1,129,paused,6.9,card,starter,4.2,0,1
16059.18,24,0.9853,4,insufficient_funds,0,26,past_due,0.7,card,starter,6.1,0,1
2493.86,0,0.9857,2,insufficient_funds,2,502,canceled,7.7,card,vip,0.7,1,1
2179.54,18,0.4281,0,gateway_timeout,0,37,active,5.4,wallet,regular,8.5,0,1
1006.06,2,0.4986,2,insufficient_funds,0,349,active,4.9,wallet,regular,0.5,0,1
2023.57,17,0.8393,0,authentication_failed,1,146,active,4.8,card,vip,9.6,0,1
10663.68,1,0.8106,2,insufficient_funds,2,368,active,1.1,upi,regular,0.8,0,1
28243.73,8,0.6044,2,insufficient_funds,0,28,active,18.0,netbanking,starter,0.0,1,1
2496.78,20,0.5773,1,gateway_timeout,3,340,active,3.5,card,vip,3.9,1,1
3176.57,6,0.7277,0,insufficient_funds,1,235,past_due,3.4,wallet,enterprise,1.5,0,1
6601.95,13,0.7284,2,insufficient_funds,0,64,active,6.5,upi,regular,4.7,0,1
11066.38,15,0.8007,0,insufficient_funds,0,143,active,0.5,card,vip,0.4,0,1
4695.26,12,0.68,0,insufficient_funds,0,490,active,7.9,upi,regular,3.2,1,1
2684.0,24,0.7096,1,insufficient_funds,1,194,active,3.7,upi,vip,5.2,0,1
2860.43,5,0.7119,1,insufficient_funds,0,36,active,0.3,card,regular,3.3,1,1
6147.36,1,0.5119,1,card_expired,1,353,active,3.0,upi,regular,1.9,0,0
216.12,0,0.9138,1,network_error,0,34,past_due,8.7,upi,vip,4.4,0,1
5032.52,2,0.6929,0,authentication_failed,0,109,active,9.8,card,regular,27.4,0,0
2396.35,1,0.819,2,card_expired,0,28,trialing,4.0,card,enterprise,1.3,0,1
8104.19,7,0.8852,1,insufficient_funds,0,127,past_due,3.0,upi,starter,1.6,0,1
688.01,1,0.3838,1,gateway_timeout,0,486,active,2.8,card,enterprise,5.2,1,1
4636.11,0,0.6599,2,card_expired,0,377,paused,0.7,card,starter,10.7,0,1
3479.0,0,0.7609,2,authentication_failed,4,602,active,0.8,upi,regular,1.9,1,1
5340.66,16,0.8011,3,gateway_timeout,0,195,canceled,4.9,card,regular,4.3,1,0
535.26,8,0.9215,0,insufficient_funds,2,267,active,4.8,netbanking,enterprise,9.6,1,1
4537.31,4,0.8381,1,insufficient_funds,1,251,active,0.1,card,regular,11.7,1,1
4321.8,21,0.9353,2,insufficient_funds,0,13,past_due,1.7,upi,regular,10.4,1,1
4312.41,0,0.8191,2,insufficient_funds,3,233,active,5.1,upi,regular,3.4,0,1
4825.24,37,0.4609,1,insufficient_funds,1,160,active,0.6,upi,vip,1.6,0,1
5842.29,9,0.6054,1,network_error,0,112,trialing,5.5,card,regular,2.4,0,1
8373.5,1,0.8569,3,insufficient_funds,2,44,active,1.8,card,regular,3.0,0,1
1772.33,10,0.6008,3,authentication_failed,1,34,active,11.2,card,vip,2.9,1,1
8916.26,13,0.7805,0,gateway_timeout,0,177,past_due,10.7,card,regular,0.6,1,1
3648.32,5,0.6152,0,authentication_failed,0,46,active,0.9,upi,regular,4.6,1,1
600.95,18,0.432,3,authentication_failed,1,346,active,6.7,upi,enterprise,4.0,0,1
501.68,1,0.8231,2,network_error,0,371,active,1.7,upi,enterprise,19.1,1,1
2234.12,3,0.8368,0,gateway_timeout,1,86,active,1.8,card,regular,9.6,0,1
7883.19,0,0.8853,2,gateway_timeout,0,241,active,7.7,card,starter,0.9,0,1
6349.55,2,0.9171,1,insufficient_funds,0,17,active,2.9,card,regular,6.6,0,1
7970.37,2,0.6265,1,gateway_timeout,0,595,active,5.1,upi,starter,3.5,0,1
3841.48,23,0.4246,3,insufficient_funds,0,247,active,1.5,upi,regular,1.0,1,1
3100.87,0,0.7877,3,insufficient_funds,1,110,past_due,6.1,upi,regular,0.5,1,1
997.63,5,0.6979,3,card_expired,1,201,active,5.2,netbanking,regular,2.1,0,1
2188.92,7,0.9215,2,network_error,1,108,canceled,12.5,card,starter,6.0,0,0
3045.98,21,0.7041,0,authentication_failed,2,22,trialing,0.8,upi,regular,2.7,1,1
663.87,57,0.6187,0,card_expired,3,77,active,1.1,netbanking,regular,12.7,1,1
1446.23,13,0.8255,1,insufficient_funds,0,3,trialing,20.7,upi,regular,2.5,0,1
4759.32,33,0.512,3,authentication_failed,1,371,active,4.0,upi,regular,10.2,1,1
6852.65,14,0.6185,0,insufficient_funds,2,850,active,0.6,upi,enterprise,0.7,0,1
32227.36,31,0.6022,0,insufficient_funds,1,92,paused,5.3,upi,vip,2.8,1,1
13723.78,11,0.5079,2,authentication_failed,0,316,active,0.7,upi,regular,20.1,1,1
5344.01,0,0.7619,0,authentication_failed,1,186,canceled,2.8,wallet,regular,4.3,1,1
2934.41,4,0.6426,3,insufficient_funds,3,6,active,12.1,wallet,regular,13.9,0,0
5255.44,9,0.5098,2,insufficient_funds,0,918,unpaid,2.9,upi,starter,0.2,1,1
7900.76,4,0.6582,0,insufficient_funds,0,821,canceled,3.7,wallet,vip,1.4,1,1
829.72,3,0.7172,2,insufficient_funds,2,552,active,2.2,wallet,regular,2.0,0,1
2837.36,8,0.5834,2,gateway_timeout,3,95,trialing,6.6,card,vip,16.9,0,1
9356.73,25,0.6124,2,authentication_failed,3,36,active,0.9,upi,starter,4.3,1,1
2621.19,0,0.6002,0,insufficient_funds,2,95,past_due,2.9,card,enterprise,0.8,1,1
4441.67,13,0.9113,0,insufficient_funds,1,334,past_due,1.7,upi,enterprise,0.1,0,1
4630.86,12,0.6919,3,network_error,0,163,trialing,7.7,card,enterprise,2.0,1,1
1219.62,31,0.7408,2,insufficient_funds,1,623,past_due,2.4,card,regular,7.4,0,0
2448.93,25,0.7098,0,insufficient_funds,0,5,paused,1.0,wallet,regular,7.6,0,1
2236.17,13,0.8427,3,authentication_failed,0,815,active,8.9,card,regular,4.0,0,1
332.73,6,0.7176,1,network_error,2,793,trialing,3.1,upi,starter,12.1,0,1
322.45,2,0.8301,4,gateway_timeout,1,384,active,7.3,card,regular,0.7,1,1
9109.95,7,0.3897,2,card_expired,0,177,active,1.9,upi,regular,7.1,1,1
1794.63,13,0.8823,0,gateway_timeout,1,111,active,12.7,upi,enterprise,7.9,1,1
3849.87,21,0.8369,1,insufficient_funds,0,779,trialing,4.6,upi,regular,3.0,0,1
1974.28,14,0.7069,1,insufficient_funds,0,293,active,12.4,upi,regular,6.9,1,1
14323.98,2,0.4771,3,authentication_failed,5,362,past_due,1.3,upi,enterprise,1.4,0,1
1700.78,8,0.5369,0,insufficient_funds,1,413,past_due,3.7,card,starter,3.4,0,0
3007.59,3,0.9168,3,insufficient_funds,3,493,active,0.8,upi,starter,1.2,0,1
10507.23,0,0.4014,1,insufficient_funds,0,175,active,0.2,upi,vip,3.5,1,1
9423.7,2,0.9061,0,gateway_timeout,2,784,active,0.6,card,regular,5.7,0,1
1229.6,1,0.8178,1,insufficient_funds,1,88,active,5.3,netbanking,regular,0.0,0,1
8313.71,17,0.5744,1,gateway_timeout,1,392,active,8.0,netbanking,enterprise,0.5,0,1
3264.17,2,0.9754,2,authentication_failed,5,34,active,0.3,upi,enterprise,3.3,1,1
3498.26,3,0.6615,2,insufficient_funds,0,115,active,1.8,card,regular,0.5,1,1
916.35,30,0.9351,2,insufficient_funds,3,147,past_due,3.0,card,starter,2.2,0,1
620.18,4,0.7263,1,gateway_timeout,3,202,active,2.4,wallet,starter,10.4,0,1
6708.65,0,0.5243,0,card_expired,0,20,trialing,0.3,upi,regular,5.1,1,1
3630.47,3,0.6341,3,card_expired,0,126,active,1.3,upi,regular,1.5,1,1
3071.05,1,0.5644,3,insufficient_funds,2,94,active,2.4,card,regular,0.2,1,0
6737.57,1,0.8217,1,network_error,4,155,canceled,0.1,card,regular,1.8,0,0
7451.77,0,0.6445,2,insufficient_funds,1,328,active,3.3,upi,regular,16.9,0,0
1065.27,8,0.6001,1,insufficient_funds,3,42,canceled,5.3,upi,regular,2.1,1,0
4910.93,1,0.4183,0,insufficient_funds,0,287,active,0.9,upi,regular,1.1,1,1
927.18,4,0.9602,1,insufficient_funds,2,111,canceled,2.6,upi,enterprise,2.9,1,1
7159.05,18,0.8892,4,authentication_failed,2,92,active,2.3,card,regular,6.7,0,0
5549.47,5,0.6109,1,authentication_failed,1,129,active,1.6,card,enterprise,9.8,0,1
15888.16,23,0.6912,0,insufficient_funds,0,485,active,5.0,wallet,vip,0.4,0,1
557.25,6,0.606,1,insufficient_funds,0,18,past_due,5.8,card,starter,2.0,0,1
493.74,4,0.7348,2,gateway_timeout,2,214,past_due,1.2,netbanking,vip,9.8,0,0
1857.73,13,0.3091,2,insufficient_funds,1,332,active,18.4,card,regular,2.3,0,0
1717.06,0,0.7845,0,gateway_timeout,3,245,active,2.6,wallet,starter,2.4,0,1
1618.31,0,0.7888,3,gateway_timeout,2,192,active,13.1,upi,enterprise,9.6,0,1
12035.86,10,0.7749,1,gateway_timeout,0,244,active,0.4,card,starter,3.1,0,1
1635.39,6,0.7484,2,gateway_timeout,0,110,active,7.2,netbanking,vip,0.7,0,1
1786.93,14,0.6862,2,insufficient_funds,4,139,active,3.5,card,regular,1.7,1,0
7323.06,23,0.4837,3,insufficient_funds,0,123,active,12.5,upi,regular,5.4,0,1
3186.82,4,0.7016,3,authentication_failed,1,217,canceled,4.2,upi,regular,2.1,0,0
7696.43,8,0.8902,2,network_error,1,541,active,4.6,upi,regular,4.1,0,1
538.0,6,0.8779,3,insufficient_funds,1,161,trialing,4.1,netbanking,regular,1.8,1,1
3542.97,37,0.3885,1,network_error,1,130,active,0.7,card,enterprise,10.8,0,1
370.96,16,0.8264,2,card_expired,0,283,trialing,3.8,card,regular,7.7,0,0
523.51,23,0.5994,2,gateway_timeout,0,56,active,2.1,upi,enterprise,1.1,0,1
12045.63,2,0.6151,0,gateway_timeout,2,558,canceled,5.1,upi,enterprise,5.2,0,1
949.73,14,0.7301,2,authentication_failed,1,354,active,1.7,card,regular,0.5,0,1
4000.93,2,0.7174,3,insufficient_funds,3,108,paused,5.6,upi,enterprise,2.3,0,0
2847.46,2,0.631,1,authentication_failed,3,59,trialing,12.8,card,regular,4.1,1,1
2333.52,27,0.4075,0,insufficient_funds,0,256,trialing,0.5,wallet,starter,15.4,0,1
11704.6,0,0.9026,0,authentication_failed,2,800,active,3.1,upi,regular,7.2,0,1
310.33,31,0.5945,0,authentication_failed,3,519,active,4.2,card,vip,2.2,1,1
5650.09,1,0.8464,0,insufficient_funds,1,21,active,2.1,card,vip,13.5,1,1
16737.77,16,0.7925,0,insufficient_funds,1,82,past_due,6.6,upi,regular,1.2,0,1
4306.81,3,0.8577,0,gateway_timeout,0,291,past_due,8.5,upi,regular,8.9,1,1
14009.03,4,0.662,2,card_expired,0,196,trialing,3.1,upi,regular,3.6,0,0
468.36,2,0.7526,0,authentication_failed,1,55,trialing,2.4,upi,regular,14.3,0,1
2913.24,8,0.385,1,authentication_failed,0,503,trialing,5.3,card,regular,3.1,0,1
1706.59,4,0.753,2,insufficient_funds,2,844,paused,0.5,card,starter,0.1,1,1
6761.89,10,0.4691,0,gateway_timeout,1,123,past_due,3.7,card,enterprise,2.0,1,1
20095.38,0,0.8132,1,insufficient_funds,4,226,active,1.1,netbanking,enterprise,1.6,1,1
1682.13,0,0.6561,2,authentication_failed,2,110,active,12.4,card,enterprise,20.1,0,1
5509.11,0,0.7586,1,insufficient_funds,0,58,unpaid,3.5,upi,regular,2.1,1,1
1303.84,5,0.8586,0,authentication_failed,1,572,past_due,8.7,upi,vip,2.9,1,1
4365.84,16,0.7464,2,authentication_failed,1,137,past_due,1.4,card,regular,15.1,0,1
3317.48,20,0.7938,4,insufficient_funds,0,7,past_due,2.9,card,enterprise,10.3,0,1
18078.71,2,0.7138,0,insufficient_funds,1,98,active,1.0,upi,regular,0.8,1,1
4889.2,8,0.7011,5,gateway_timeout,3,127,past_due,6.1,upi,regular,9.1,0,0
2350.12,13,0.682,1,insufficient_funds,0,47,active,2.6,upi,enterprise,5.3,1,1
805.73,3,0.8884,0,insufficient_funds,0,333,active,0.6,upi,regular,0.4,1,1
1019.93,4,0.4557,2,gateway_timeout,1,49,active,0.8,upi,enterprise,0.1,0,1
1476.51,7,0.8387,1,insufficient_funds,3,505,active,6.0,card,regular,12.9,0,1
1644.86,1,0.4231,5,insufficient_funds,2,234,canceled,0.4,card,regular,2.8,0,0
9706.18,0,0.7642,2,insufficient_funds,1,393,active,2.6,card,regular,7.9,0,1
4318.82,1,0.6676,0,network_error,0,286,active,1.2,netbanking,enterprise,0.3,0,1
3905.29,9,0.3941,1,insufficient_funds,2,360,past_due,10.3,upi,regular,9.2,0,0
809.53,0,0.4323,1,card_expired,1,135,paused,1.1,wallet,vip,4.2,0,0
10035.56,1,0.6317,0,authentication_failed,4,225,canceled,0.7,upi,regular,1.1,0,0
6615.34,3,0.7327,4,insufficient_funds,0,121,active,2.4,upi,regular,1.5,1,1
550.33,0,0.6386,0,card_expired,0,319,paused,4.5,card,regular,20.3,1,1
6352.18,2,0.6999,1,insufficient_funds,1,93,past_due,4.7,card,enterprise,3.5,1,1
4121.25,22,0.5082,2,authentication_failed,1,102,active,4.2,card,regular,1.0,1,1
626.29,0,0.8176,2,authentication_failed,1,440,paused,1.5,netbanking,enterprise,5.5,0,0
3265.22,10,0.855,3,gateway_timeout,0,50,past_due,0.1,upi,regular,0.4,0,1
3514.99,4,0.9127,2,insufficient_funds,0,128,past_due,4.3,upi,regular,7.0,0,1
1106.26,10,0.7411,2,insufficient_funds,0,213,unpaid,9.2,upi,regular,10.5,1,0
14765.98,8,0.792,4,card_expired,1,36,active,1.5,card,regular,1.0,1,1
9684.78,2,0.8183,5,insufficient_funds,0,238,active,0.7,upi,regular,3.1,0,1
5728.52,17,0.9399,0,authentication_failed,0,118,active,1.4,card,regular,11.1,0,1
3302.23,6,0.4347,1,insufficient_funds,0,61,active,3.2,upi,enterprise,8.2,1,1
2853.15,16,0.6488,1,insufficient_funds,0,15,active,5.8,card,regular,0.2,0,1
5463.04,4,0.8114,1,insufficient_funds,0,208,active,4.6,upi,regular,0.8,1,1
4142.04,39,0.9924,2,insufficient_funds,0,889,canceled,3.3,card,regular,20.6,1,1
521.48,13,0.6273,0,insufficient_funds,1,371,active,8.4,upi,starter,1.5,0,0
3792.35,32,0.3718,1,card_expired,1,127,trialing,5.9,card,enterprise,3.7,0,1
8409.9,6,0.6627,2,network_error,3,53,active,0.9,netbanking,regular,0.2,1,1
3273.9,6,0.383,1,insufficient_funds,0,348,past_due,5.3,upi,regular,0.8,0,1
466.77,13,0.7878,2,insufficient_funds,1,499,paused,1.2,upi,enterprise,2.8,0,1
7915.4,20,0.6499,4,network_error,3,106,active,17.2,card,regular,1.2,1,1
1324.25,31,0.6154,3,gateway_timeout,1,17,active,1.3,upi,regular,4.5,0,1
1696.22,3,0.7994,1,insufficient_funds,3,242,active,0.3,upi,regular,14.6,0,1
1099.86,15,0.5103,4,insufficient_funds,1,25,active,4.0,card,starter,6.3,0,0
2203.99,2,0.6427,1,gateway_timeout,2,48,unpaid,3.9,card,regular,4.6,0,1
7268.36,7,0.673,1,gateway_timeout,0,2,active,5.7,upi,enterprise,0.1,1,1
3863.45,1,0.7712,1,card_expired,0,76,active,6.6,card,regular,9.1,0,1
1346.32,4,0.8022,2,gateway_timeout,0,359,past_due,14.5,netbanking,vip,4.5,1,0
10711.71,25,0.6958,2,network_error,3,430,paused,5.8,upi,regular,1.3,1,1
10783.93,1,0.7291,1,authentication_failed,1,740,active,7.7,card,vip,6.3,1,1
10423.4,9,0.7715,1,insufficient_funds,0,433,past_due,11.0,upi,enterprise,6.3,1,1
1564.27,8,0.6417,0,insufficient_funds,1,60,trialing,1.2,card,regular,5.1,0,0
3200.46,1,0.8333,4,insufficient_funds,0,186,active,0.8,card,regular,5.1,0,0
21195.08,3,0.6628,3,insufficient_funds,1,221,active,3.2,card,regular,3.4,0,1
7592.32,7,0.5881,1,authentication_failed,0,35,past_due,1.8,upi,regular,3.1,1,1
337.72,1,0.457,3,insufficient_funds,0,143,trialing,0.2,upi,vip,0.1,1,1
537.14,15,0.4188,1,gateway_timeout,0,92,active,6.8,netbanking,regular,8.7,1,1
3317.47,33,0.8503,3,insufficient_funds,0,350,canceled,1.0,card,enterprise,14.0,1,0
12196.59,2,0.8485,1,insufficient_funds,1,21,active,2.4,card,vip,14.3,0,1
4068.55,1,0.8132,0,authentication_failed,1,81,active,5.9,upi,regular,4.7,1,1
3643.91,5,0.5329,1,network_error,1,28,active,3.5,upi,regular,5.1,1,1
757.3,13,0.4801,1,authentication_failed,0,156,active,15.6,card,starter,4.2,1,1
5546.92,3,0.6171,2,insufficient_funds,2,53,active,7.3,card,starter,2.4,1,1
8832.76,0,0.7807,0,insufficient_funds,5,28,past_due,7.2,card,vip,9.5,0,1
2593.57,7,0.8753,1,network_error,1,269,active,6.4,upi,regular,0.0,1,1
7671.89,29,0.876,2,card_expired,1,467,active,5.5,card,vip,1.6,0,1
16887.83,4,0.8398,0,insufficient_funds,0,57,active,3.5,card,starter,13.0,0,1
1339.31,5,0.6584,0,insufficient_funds,0,33,active,5.9,upi,enterprise,0.9,0,1
3904.65,32,0.7331,0,authentication_failed,0,270,active,3.7,upi,regular,10.7,1,1
1892.34,11,0.7154,0,gateway_timeout,1,12,active,2.3,netbanking,starter,7.6,0,1
8071.67,12,0.6211,1,insufficient_funds,0,69,unpaid,3.0,card,regular,5.2,0,0
4508.93,7,0.6033,0,authentication_failed,5,91,past_due,3.1,upi,enterprise,5.0,0,1
5233.57,34,0.8258,4,authentication_failed,1,631,active,16.8,upi,regular,2.8,0,0
8195.31,11,0.6415,0,insufficient_funds,0,109,active,2.7,netbanking,regular,0.1,0,1
2720.66,21,0.8617,1,insufficient_funds,2,191,paused,5.9,card,starter,4.9,0,1
12530.82,11,0.8648,2,insufficient_funds,0,371,active,3.6,netbanking,regular,1.4,0,1
4007.44,12,0.9473,4,gateway_timeout,3,467,past_due,2.6,card,regular,1.2,1,1
1059.61,3,0.6198,2,insufficient_funds,1,26,past_due,8.6,upi,regular,1.7,0,1
6151.98,3,0.6393,1,insufficient_funds,1,351,active,4.3,card,regular,2.1,1,1
8081.5,14,0.6495,3,gateway_timeout,0,351,active,7.4,netbanking,regular,1.0,0,1
2104.56,3,0.7934,0,insufficient_funds,0,527,active,9.8,card,regular,19.6,1,0
9930.82,7,0.5169,2,gateway_timeout,5,363,active,4.8,upi,regular,5.1,1,1
12029.93,2,0.9189,2,gateway_timeout,2,35,active,0.9,upi,regular,2.6,0,1
1821.07,16,0.5621,0,insufficient_funds,2,90,active,7.7,netbanking,regular,0.2,0,0
20728.49,1,0.4999,1,insufficient_funds,0,138,trialing,0.4,card,starter,9.3,0,1
958.25,16,0.4095,0,gateway_timeout,1,31,active,0.5,upi,regular,2.3,0,1
1328.33,8,0.9096,0,insufficient_funds,0,33,past_due,2.3,card,regular,4.9,0,0
1218.08,1,0.5476,1,insufficient_funds,0,389,unpaid,0.2,card,vip,7.3,1,1
11421.1,7,0.5882,1,card_expired,2,47,active,0.2,upi,regular,5.0,1,1
5510.81,3,0.8708,1,insufficient_funds,0,589,active,19.4,card,regular,6.2,0,1
1024.99,3,0.6607,2,insufficient_funds,1,60,active,4.9,upi,vip,3.0,1,1
3101.98,4,0.7032,4,insufficient_funds,1,169,past_due,6.0,card,enterprise,0.3,0,0
4976.43,0,0.7901,0,gateway_timeout,0,60,active,8.1,wallet,starter,10.3,0,1
635.77,40,0.9458,0,insufficient_funds,0,709,active,0.2,netbanking,regular,0.7,0,1
10903.03,0,0.6811,5,insufficient_funds,1,196,past_due,2.2,card,regular,14.6,0,1
8338.1,10,0.6798,1,authentication_failed,2,206,canceled,7.7,netbanking,enterprise,6.8,1,1
3718.08,4,0.4345,1,authentication_failed,0,513,active,5.6,upi,regular,5.5,1,1
17275.46,9,0.7361,2,insufficient_funds,0,41,past_due,0.5,card,vip,3.9,0,1
2904.37,4,0.367,2,authentication_failed,1,23,active,11.2,upi,regular,10.1,1,0
20910.43,10,0.8135,2,insufficient_funds,4,919,canceled,7.2,card,starter,8.4,1,0
5711.9,12,0.6109,3,authentication_failed,1,627,active,2.0,card,regular,1.9,0,1
5234.79,11,0.6811,2,insufficient_funds,2,73,active,10.9,upi,vip,2.7,1,1
1107.34,1,0.7821,2,gateway_timeout,1,225,trialing,6.6,upi,regular,1.5,1,1
10882.29,10,0.8856,2,authentication_failed,0,296,active,0.6,upi,regular,1.4,0,1
2988.62,3,0.8864,1,network_error,0,654,past_due,1.9,card,regular,5.6,0,1
1085.08,0,0.3342,1,authentication_failed,1,59,past_due,2.0,upi,regular,12.8,1,0
263.44,5,0.4294,2,card_expired,1,388,unpaid,11.0,card,enterprise,9.7,1,0
4302.13,5,0.8651,2,authentication_failed,0,50,active,2.5,upi,regular,1.3,1,1
3947.53,5,0.6427,0,card_expired,1,205,active,2.8,upi,regular,13.7,1,1
6553.3,11,0.7314,2,gateway_timeout,0,56,active,0.7,wallet,enterprise,3.0,1,1
11248.12,3,0.5908,1,insufficient_funds,0,89,canceled,1.2,card,enterprise,2.0,0,0
613.68,3,0.7941,0,insufficient_funds,2,190,active,1.3,card,enterprise,1.1,1,1
6774.46,0,0.8155,0,gateway_timeout,0,97,active,7.4,upi,enterprise,5.4,1,1
1237.65,11,0.9942,1,gateway_timeout,0,1466,unpaid,2.0,upi,enterprise,3.0,1,1
9965.88,7,0.5438,1,authentication_failed,0,259,active,1.8,upi,enterprise,3.6,0,1
8748.05,4,0.5034,2,insufficient_funds,3,453,past_due,3.3,netbanking,enterprise,1.5,0,1
4091.28,11,0.7541,3,gateway_timeout,1,55,active,1.2,upi,starter,5.6,0,0
6393.56,7,0.7374,2,authentication_failed,2,35,canceled,0.2,wallet,regular,0.6,1,0
2086.94,6,0.7303,3,insufficient_funds,2,83,active,3.2,upi,enterprise,11.2,1,1
3385.42,6,0.4483,0,card_expired,0,422,active,1.9,card,starter,4.6,1,1
8819.67,9,0.8402,1,gateway_timeout,0,56,active,2.5,upi,starter,3.1,1,1
3274.13,10,0.7992,0,gateway_timeout,4,71,canceled,4.3,upi,vip,0.9,0,0
2414.26,3,0.9516,0,authentication_failed,0,340,past_due,8.2,netbanking,regular,4.1,0,1
3608.19,1,0.5752,2,network_error,3,404,past_due,1.6,card,vip,1.7,0,0
9008.55,1,0.6446,2,insufficient_funds,3,199,canceled,8.5,upi,starter,9.0,1,0
2241.41,9,0.737,0,gateway_timeout,1,39,active,4.0,card,starter,3.6,0,1
1154.36,19,0.6063,2,network_error,0,451,past_due,11.2,netbanking,regular,0.0,1,1
6424.22,4,0.8546,1,authentication_failed,1,219,active,3.3,card,regular,2.7,0,1
8942.87,1,0.7443,3,authentication_failed,1,673,trialing,5.6,card,enterprise,10.8,0,1
730.35,13,0.4398,1,gateway_timeout,4,58,trialing,0.2,card,regular,1.9,0,0
1571.36,16,0.7466,1,insufficient_funds,0,40,active,0.2,upi,starter,1.2,1,1
965.59,20,0.5783,0,insufficient_funds,1,64,unpaid,0.4,card,regular,0.3,1,1
2338.1,8,0.6867,2,card_expired,1,53,active,8.1,netbanking,regular,2.1,0,1
3192.38,18,0.2675,1,gateway_timeout,0,410,active,0.7,upi,enterprise,12.4,1,1
7108.05,0,0.6758,0,network_error,3,26,active,0.9,upi,regular,1.8,0,0
5465.53,1,0.5892,1,insufficient_funds,0,418,canceled,0.3,card,regular,1.1,1,1
5050.15,0,0.6998,2,insufficient_funds,1,260,active,8.0,card,regular,2.7,0,1
2372.22,11,0.7867,4,gateway_timeout,0,623,past_due,0.4,card,enterprise,3.3,1,1
9408.35,0,0.6966,1,insufficient_funds,2,158,active,4.5,wallet,vip,13.5,1,0
3386.55,6,0.7071,2,insufficient_funds,2,79,active,1.8,upi,enterprise,2.8,1,1
19541.21,6,0.7642,1,card_expired,0,582,past_due,1.4,card,starter,13.4,0,0
5227.55,3,0.7347,4,card_expired,4,2,paused,6.9,upi,regular,0.1,0,1
874.89,19,0.6409,1,authentication_failed,0,626,active,1.8,upi,regular,0.6,1,1
5837.8,1,0.7995,2,insufficient_funds,1,246,active,0.1,upi,enterprise,1.1,0,1
2165.98,4,0.7349,1,authentication_failed,1,45,active,0.9,netbanking,enterprise,2.6,1,1
5997.02,14,0.7631,2,insufficient_funds,1,87,active,2.2,card,starter,1.3,1,1
560.92,0,0.8194,5,insufficient_funds,1,223,unpaid,0.5,netbanking,regular,10.5,0,0
1161.14,10,0.4459,2,authentication_failed,5,26,unpaid,0.4,upi,regular,0.0,0,0
9880.6,16,0.8167,2,authentication_failed,0,15,active,0.9,upi,starter,25.4,0,1
1488.54,25,0.7055,2,insufficient_funds,2,183,active,3.1,upi,enterprise,2.5,0,1
9271.29,19,0.6323,1,insufficient_funds,1,9,active,4.9,card,enterprise,2.0,0,1
1837.5,3,0.7339,2,authentication_failed,4,369,active,4.3,card,regular,6.1,0,0
5348.44,8,0.7559,4,insufficient_funds,0,299,trialing,0.1,card,regular,4.8,1,1
6123.31,0,0.4496,2,authentication_failed,0,657,active,2.4,upi,vip,2.1,1,1
3793.91,2,0.8522,2,authentication_failed,2,437,active,2.3,card,enterprise,0.3,1,1
2021.45,0,0.4591,4,insufficient_funds,2,17,active,1.0,wallet,regular,8.1,0,0
1395.38,3,0.8867,1,gateway_timeout,2,57,active,3.6,wallet,regular,5.2,1,1
368.76,19,0.3966,2,insufficient_funds,0,56,past_due,1.2,upi,regular,32.7,1,1
2011.64,4,0.6924,3,insufficient_funds,0,146,active,18.1,netbanking,starter,3.8,0,0
5494.5,7,0.6988,1,authentication_failed,0,198,active,4.7,netbanking,enterprise,0.1,1,1
14127.75,5,0.8529,3,network_error,2,156,active,10.0,card,vip,3.8,0,1
10447.65,5,0.7698,2,insufficient_funds,3,65,canceled,0.2,upi,vip,5.5,0,0
7463.56,33,0.6421,2,authentication_failed,1,617,active,1.9,card,regular,1.3,1,1
7966.41,3,0.7917,2,insufficient_funds,0,10,past_due,0.3,upi,starter,4.9,0,1
5667.9,9,0.8987,1,insufficient_funds,3,8,active,4.0,upi,starter,2.0,1,1
1707.46,5,0.6256,1,card_expired,1,356,active,0.6,netbanking,enterprise,5.6,0,1
12086.28,0,0.7686,2,card_expired,0,84,active,1.3,card,enterprise,18.7,1,1
5754.42,6,0.7722,0,insufficient_funds,1,341,active,2.8,upi,regular,8.2,1,1
4309.91,15,0.6616,3,card_expired,0,89,unpaid,11.8,netbanking,enterprise,10.6,0,1
788.23,0,0.7335,2,insufficient_funds,1,209,active,11.3,upi,regular,13.1,1,1
3162.49,0,0.9773,2,insufficient_funds,4,502,active,2.7,upi,regular,3.7,1,0
3284.25,1,0.7857,1,insufficient_funds,1,52,active,2.0,upi,regular,2.3,0,1
10196.27,13,0.8655,1,gateway_timeout,3,316,active,1.6,card,vip,15.0,0,1
4155.43,12,0.5847,1,insufficient_funds,3,418,active,12.8,upi,regular,4.8,1,1
2593.41,7,0.532,0,authentication_failed,0,911,active,5.5,card,enterprise,1.6,1,1
19018.09,5,0.7372,0,insufficient_funds,1,53,past_due,3.3,netbanking,vip,1.2,0,1
786.72,20,0.9127,1,insufficient_funds,1,174,active,0.4,wallet,regular,5.9,1,1
2945.65,13,0.7265,1,gateway_timeout,0,88,past_due,0.6,upi,regular,2.5,1,1
414.67,15,0.6259,2,card_expired,0,144,active,7.8,card,enterprise,1.7,1,1
6933.52,15,0.6012,1,gateway_timeout,0,18,trialing,13.1,wallet,regular,1.3,0,1
12709.85,9,0.5934,2,insufficient_funds,1,561,active,6.6,card,regular,0.8,1,1
1842.78,5,0.8317,0,network_error,0,97,active,2.2,wallet,regular,3.2,0,1
9971.69,18,0.7682,0,insufficient_funds,0,1126,trialing,1.1,card,enterprise,2.1,1,1
1928.1,24,0.7508,1,gateway_timeout,0,146,active,0.6,card,regular,3.2,0,1
12282.7,0,0.6082,1,gateway_timeout,0,110,active,0.7,upi,regular,1.4,0,1
7211.34,0,0.8078,0,authentication_failed,5,176,past_due,1.8,upi,vip,15.6,0,1
8371.39,30,0.8649,1,authentication_failed,0,38,past_due,5.5,upi,vip,0.8,1,1
290.85,3,0.6316,1,insufficient_funds,1,469,past_due,5.1,netbanking,starter,14.6,0,1
16658.62,19,0.7784,0,network_error,0,413,active,2.3,card,enterprise,2.8,1,1
6685.4,4,0.8597,1,insufficient_funds,0,434,active,1.9,card,enterprise,3.4,1,1
2017.43,1,0.7128,4,network_error,1,134,trialing,2.0,upi,starter,1.0,1,1
9042.01,0,0.7065,0,insufficient_funds,1,112,active,6.5,upi,enterprise,2.9,0,0
1853.1,1,0.819,3,insufficient_funds,1,798,active,0.6,card,enterprise,0.6,1,1
10508.16,2,0.5808,2,gateway_timeout,0,210,active,0.6,upi,regular,16.8,1,1
797.19,6,0.706,0,card_expired,1,550,active,0.4,card,regular,2.3,1,1
6281.68,11,0.8653,4,gateway_timeout,3,76,active,9.8,card,vip,1.2,0,1
4090.24,40,0.5662,2,insufficient_funds,1,197,trialing,0.3,upi,regular,6.9,0,1
707.59,5,0.6357,2,insufficient_funds,2,281,trialing,4.6,card,regular,2.0,0,1
1584.66,6,0.5714,6,authentication_failed,3,26,active,2.6,upi,regular,4.7,0,0
262.41,7,0.7901,1,network_error,2,539,trialing,0.5,upi,starter,0.7,1,1
3362.78,7,0.8046,1,insufficient_funds,1,146,active,2.3,card,vip,3.0,1,1
1992.42,6,0.6041,1,insufficient_funds,3,399,trialing,1.4,wallet,regular,1.6,0,0
4760.96,0,0.6455,2,insufficient_funds,1,401,active,2.4,upi,regular,7.7,1,0
1963.68,0,0.6024,1,card_expired,1,286,active,9.1,netbanking,starter,0.7,1,0
1982.8,0,0.5758,2,insufficient_funds,0,120,unpaid,0.9,upi,starter,5.0,1,0
6997.16,1,0.8198,4,authentication_failed,0,207,past_due,1.4,upi,starter,0.0,0,1
446.7,11,0.5839,2,card_expired,1,411,active,6.9,upi,regular,0.2,1,0
11859.81,2,0.7747,4,card_expired,2,28,active,3.8,upi,enterprise,4.4,1,0
9761.64,21,0.9298,0,insufficient_funds,1,426,active,0.8,card,regular,10.1,0,1
5710.16,25,0.7485,2,gateway_timeout,0,85,past_due,10.6,card,enterprise,3.1,0,1
4697.43,35,0.77,2,network_error,1,119,unpaid,2.7,card,vip,2.7,1,1
11342.14,26,0.962,3,gateway_timeout,1,84,canceled,11.7,card,regular,0.5,1,1
1224.86,3,0.7604,3,gateway_timeout,0,1008,active,0.1,upi,regular,8.3,0,1
611.31,6,0.5749,1,authentication_failed,0,313,active,2.2,card,regular,3.3,0,1
1568.96,1,0.5363,1,gateway_timeout,1,1500,active,2.3,card,vip,1.4,1,1
8113.45,15,0.8623,1,authentication_failed,0,26,active,1.5,netbanking,enterprise,8.0,1,1
376.43,20,0.843,2,insufficient_funds,0,864,trialing,1.2,card,starter,3.0,1,1
4571.03,18,0.9082,2,authentication_failed,2,65,past_due,0.9,netbanking,vip,0.8,1,1
27149.44,5,0.4275,1,gateway_timeout,1,5,unpaid,3.7,netbanking,regular,0.5,0,1
9879.17,13,0.5347,0,authentication_failed,0,61,active,11.3,netbanking,regular,16.9,0,1
3884.93,0,0.7882,1,gateway_timeout,1,51,active,5.4,card,regular,5.1,1,1
528.78,0,0.5805,1,network_error,0,344,active,1.3,card,regular,1.4,1,1
9100.35,13,0.7349,3,insufficient_funds,0,279,past_due,3.4,card,regular,3.5,1,1
4768.7,5,0.5749,2,network_error,0,110,active,4.7,netbanking,regular,7.5,1,1
810.46,51,0.9349,3,insufficient_funds,0,52,past_due,2.8,wallet,regular,11.1,0,0
692.79,0,0.6436,3,authentication_failed,0,112,trialing,3.6,upi,starter,4.5,1,1
12219.04,18,0.8584,2,network_error,4,844,past_due,3.5,card,regular,12.0,0,0
5731.21,6,0.5607,0,insufficient_funds,0,90,active,4.8,card,regular,2.9,1,1
9038.85,16,0.5159,2,network_error,4,291,active,2.3,netbanking,regular,9.8,1,1
10758.95,16,0.8368,5,network_error,1,103,active,5.2,card,enterprise,0.2,0,1
4440.5,23,0.7829,4,card_expired,0,410,past_due,8.5,card,starter,5.6,0,0
3843.32,3,0.9495,1,authentication_failed,3,215,active,1.3,netbanking,vip,2.5,1,1
3014.35,28,0.6841,1,insufficient_funds,1,275,active,1.5,card,vip,6.6,1,1
2105.91,1,0.6993,2,insufficient_funds,0,10,active,1.9,upi,regular,6.2,0,1
3051.07,0,0.9695,1,insufficient_funds,0,333,trialing,0.9,card,vip,4.0,1,1
7633.44,5,0.7748,2,authentication_failed,0,79,active,13.5,card,regular,9.7,1,1
4805.55,16,0.9892,0,gateway_timeout,1,259,active,2.7,card,regular,8.7,0,1
11352.41,6,0.897,2,insufficient_funds,4,136,active,1.5,card,regular,19.0,0,1
3129.36,16,0.5743,1,authentication_failed,0,97,past_due,3.7,netbanking,starter,1.5,1,1
4870.87,12,0.6898,3,authentication_failed,0,108,active,5.9,card,regular,3.8,1,1
5188.96,2,0.6439,3,card_expired,4,31,active,1.6,upi,regular,6.2,0,0
4678.73,28,0.4988,0,insufficient_funds,0,36,active,0.8,wallet,starter,13.4,0,1
6263.95,0,0.9384,0,gateway_timeout,0,32,active,12.2,wallet,vip,10.1,1,1
1555.33,21,0.7917,2,gateway_timeout,5,281,unpaid,21.1,card,regular,3.4,0,0
3790.93,3,0.8094,2,gateway_timeout,1,83,active,1.3,upi,regular,3.6,1,1
750.33,6,0.6045,3,insufficient_funds,0,804,past_due,2.6,upi,regular,0.9,0,1
2626.69,5,0.7362,2,insufficient_funds,0,430,past_due,0.1,card,regular,10.1,0,0
3543.9,1,0.7464,0,gateway_timeout,1,106,active,6.7,upi,enterprise,1.7,0,1
5480.99,4,0.8985,2,authentication_failed,0,182,canceled,0.2,wallet,regular,6.2,0,0
15232.05,2,0.743,2,authentication_failed,0,385,past_due,5.9,card,regular,4.9,0,1
4789.6,2,0.7773,1,card_expired,0,40,active,1.3,card,regular,1.7,1,1
7004.96,1,0.8834,1,insufficient_funds,1,51,trialing,10.9,card,regular,12.7,0,0
3728.79,6,0.5704,1,insufficient_funds,0,119,active,1.1,card,enterprise,3.3,0,1
5227.03,15,0.865,1,insufficient_funds,4,185,active,28.1,card,regular,11.3,0,0
567.87,7,0.294,2,insufficient_funds,1,34,paused,0.6,upi,regular,1.4,0,1
1667.77,21,0.9224,1,network_error,4,158,active,9.1,card,enterprise,1.0,0,1
2445.93,9,0.8882,0,insufficient_funds,2,55,unpaid,0.7,card,starter,4.5,0,1
3397.97,11,0.5857,2,card_expired,0,529,trialing,7.0,upi,regular,3.3,1,1
433.62,10,0.8808,1,authentication_failed,2,685,past_due,1.4,card,starter,2.5,1,1
954.25,5,0.8021,5,insufficient_funds,1,333,paused,2.4,upi,regular,5.6,0,1
1820.45,11,0.7503,1,gateway_timeout,1,37,canceled,3.0,upi,vip,18.6,1,1
17994.99,0,0.885,3,gateway_timeout,1,291,canceled,9.2,upi,vip,2.0,1,1
2212.45,18,0.6034,3,insufficient_funds,1,194,active,0.7,netbanking,regular,4.9,1,1
3489.3,14,0.59,1,insufficient_funds,0,474,active,11.7,card,regular,7.8,1,0
1291.39,2,0.5121,0,insufficient_funds,2,121,active,1.0,card,enterprise,1.7,0,0
4918.05,13,0.73,2,insufficient_funds,0,986,active,4.2,upi,regular,1.8,0,1
1847.27,0,0.6196,1,gateway_timeout,0,404,active,5.0,wallet,enterprise,12.9,1,1
1359.61,2,0.502,2,authentication_failed,1,57,past_due,6.9,upi,regular,0.7,0,1
3834.27,0,0.9309,1,insufficient_funds,2,277,trialing,15.2,card,regular,1.9,1,1
227.61,14,0.6556,0,network_error,3,183,past_due,0.2,card,regular,4.0,0,1
238.47,13,0.9665,1,gateway_timeout,0,333,trialing,6.1,wallet,regular,3.5,1,0
1436.34,15,0.9789,2,insufficient_funds,1,118,past_due,1.9,card,regular,5.4,0,1
387.06,0,0.8702,1,gateway_timeout,0,4,past_due,4.9,card,regular,0.6,0,1
771.59,6,0.8244,1,card_expired,1,123,past_due,1.3,card,starter,14.4,1,1
2268.95,11,0.503,0,insufficient_funds,0,269,trialing,11.5,upi,vip,2.5,0,1
8312.25,1,0.3907,1,gateway_timeout,3,37,active,5.5,card,vip,5.2,0,0
4443.73,9,0.2487,1,insufficient_funds,0,698,trialing,2.1,card,regular,6.6,1,1
3794.05,0,0.4319,3,insufficient_funds,1,103,active,13.4,wallet,enterprise,5.7,1,1
1937.08,1,0.667,1,network_error,1,223,unpaid,6.2,card,regular,6.5,1,1
13623.16,6,0.902,1,insufficient_funds,1,30,active,5.0,upi,enterprise,4.0,1,1
2729.32,10,0.8645,4,authentication_failed,0,7,paused,7.0,card,enterprise,14.6,1,1
655.61,1,0.8143,2,insufficient_funds,0,186,active,4.2,card,vip,3.1,1,1
4999.47,1,0.8456,2,authentication_failed,2,160,active,2.6,upi,regular,9.5,1,1
804.28,2,0.5978,0,insufficient_funds,1,1500,past_due,1.3,upi,starter,1.4,0,1
2317.3,2,0.659,2,insufficient_funds,0,436,canceled,0.4,upi,regular,8.0,0,0
3740.41,2,0.6765,0,gateway_timeout,3,304,trialing,2.1,upi,regular,5.0,0,0
10566.21,4,0.5271,2,card_expired,1,256,active,2.5,card,enterprise,11.0,1,1
3601.61,10,0.9321,1,gateway_timeout,0,726,past_due,11.5,netbanking,vip,5.0,0,1
6257.65,5,0.5845,2,insufficient_funds,0,559,past_due,3.9,netbanking,vip,1.4,1,1
24880.08,14,0.9302,1,insufficient_funds,0,27,active,0.2,card,regular,0.3,0,1
904.88,12,0.6002,1,gateway_timeout,5,95,past_due,0.1,netbanking,enterprise,5.9,1,1
1806.07,1,0.5237,2,insufficient_funds,0,61,active,7.4,wallet,vip,1.4,1,1
2709.13,0,0.5986,1,insufficient_funds,2,278,active,3.6,card,regular,12.2,0,1
2939.42,19,0.6599,1,insufficient_funds,0,482,active,3.3,upi,starter,17.2,1,1
2846.82,0,0.3623,4,network_error,0,741,active,1.8,upi,regular,16.1,1,0
12108.74,1,0.8967,2,card_expired,0,1365,active,5.1,upi,regular,1.2,1,1
6459.39,0,0.8521,1,authentication_failed,3,497,past_due,7.2,card,vip,3.9,0,0
4881.26,9,0.8471,0,gateway_timeout,5,105,active,9.1,card,starter,15.5,1,1
2050.77,8,0.6875,2,gateway_timeout,0,57,active,2.3,wallet,regular,0.0,0,0
8880.4,41,0.9019,0,authentication_failed,0,80,active,0.3,upi,enterprise,0.8,1,1
15712.19,20,0.5622,2,insufficient_funds,0,300,active,8.1,upi,regular,4.0,1,0
8807.39,5,0.7563,1,gateway_timeout,0,261,active,4.6,upi,regular,2.8,1,1
207.83,4,0.4808,2,gateway_timeout,0,458,active,5.0,upi,enterprise,1.0,1,1
5258.52,3,0.8427,0,insufficient_funds,2,78,active,11.5,card,starter,2.7,1,1
462.45,1,0.7297,0,authentication_failed,2,208,trialing,1.0,card,regular,0.6,1,1
1689.38,1,0.4494,1,gateway_timeout,1,593,paused,6.6,card,regular,1.8,0,0
506.85,1,0.7055,2,gateway_timeout,0,19,active,2.3,card,regular,0.4,0,1
4829.12,1,0.9469,1,network_error,1,112,active,11.1,card,regular,2.8,0,0
6001.21,2,0.4431,2,authentication_failed,1,21,active,1.6,upi,regular,16.7,1,1
807.94,3,0.6435,1,card_expired,1,348,active,3.4,card,enterprise,6.0,1,1
2621.23,30,0.9328,0,insufficient_funds,1,15,active,4.4,upi,enterprise,2.1,0,1
3246.2,8,0.7417,2,authentication_failed,1,730,active,0.2,upi,regular,10.0,0,1
2502.67,41,0.7699,0,insufficient_funds,0,451,active,4.1,upi,regular,0.3,1,1
844.99,4,0.7718,0,insufficient_funds,1,15,trialing,4.7,upi,enterprise,0.9,0,1
2914.57,5,0.715,2,gateway_timeout,0,427,active,7.1,upi,enterprise,0.8,0,1
7155.09,3,0.6655,2,insufficient_funds,1,30,active,1.6,netbanking,regular,4.1,0,0
568.27,1,0.8322,3,authentication_failed,1,302,active,5.1,wallet,regular,0.6,0,1
617.89,1,0.5776,0,card_expired,0,298,active,6.9,wallet,enterprise,0.3,0,0
2390.75,27,0.5522,2,authentication_failed,1,832,past_due,6.9,upi,starter,15.2,0,1
14412.97,41,0.8868,2,insufficient_funds,0,153,trialing,1.1,card,starter,15.9,1,1
5721.73,0,0.6549,1,authentication_failed,0,348,active,12.4,upi,regular,1.8,0,0
5876.43,1,0.8674,4,network_error,2,209,canceled,5.2,card,regular,16.4,1,0
2446.46,5,0.6546,1,insufficient_funds,2,984,trialing,4.7,upi,regular,3.3,1,1
4702.83,1,0.7688,0,insufficient_funds,4,175,active,6.7,upi,regular,4.9,1,0
250.91,4,0.9689,3,network_error,1,708,past_due,6.1,upi,vip,0.3,1,1
5254.33,1,0.5233,2,network_error,1,131,active,1.0,card,vip,4.9,1,1
12425.75,5,0.8307,4,authentication_failed,1,53,active,3.7,netbanking,starter,6.5,1,1
4941.15,3,0.8528,2,insufficient_funds,2,119,active,6.8,card,regular,5.0,1,0
10545.42,4,0.8692,3,card_expired,1,149,past_due,4.4,upi,regular,7.0,0,0
6636.28,0,0.8075,0,authentication_failed,2,268,unpaid,3.5,upi,regular,4.9,1,1
842.34,5,0.9076,2,authentication_failed,0,240,active,1.3,upi,enterprise,8.6,0,1
11837.12,38,0.357,1,network_error,0,52,active,6.0,card,enterprise,6.8,0,1
543.77,3,0.4912,2,insufficient_funds,0,34,active,0.2,card,enterprise,10.5,1,1
4017.5,19,0.3329,0,insufficient_funds,0,183,active,4.7,netbanking,enterprise,7.9,0,0
966.56,17,0.5056,2,authentication_failed,1,16,active,5.9,card,starter,6.3,0,1
258.88,28,0.619,0,insufficient_funds,1,240,active,10.5,card,enterprise,6.5,0,1
2941.2,14,0.433,0,card_expired,1,238,active,5.4,netbanking,enterprise,5.8,0,1
1948.08,10,0.6218,4,gateway_timeout,2,56,past_due,3.0,upi,vip,1.9,1,1
3527.66,18,0.9013,2,insufficient_funds,1,725,active,0.9,card,regular,1.4,1,1
4504.28,0,0.7703,2,insufficient_funds,1,214,active,2.0,upi,regular,8.0,1,0
423.62,5,0.8755,4,insufficient_funds,1,1500,active,0.4,netbanking,regular,13.0,0,1
856.26,43,0.961,4,card_expired,1,11,active,2.3,upi,enterprise,10.6,1,1
4289.5,13,0.728,3,insufficient_funds,0,355,active,0.6,netbanking,regular,7.9,1,1
2301.63,31,0.7698,3,insufficient_funds,1,75,active,0.7,upi,starter,2.6,0,1
6731.38,14,0.8917,3,gateway_timeout,1,183,active,0.9,upi,regular,2.7,0,1
5481.96,19,0.4982,3,authentication_failed,1,28,past_due,4.8,upi,regular,7.7,0,1
9541.18,11,0.8758,3,insufficient_funds,0,41,active,1.4,card,starter,3.5,0,1
6096.28,13,0.6277,1,authentication_failed,0,96,unpaid,4.6,upi,starter,10.5,0,0
3009.99,7,0.7401,2,network_error,0,378,active,6.3,card,vip,0.2,1,1
5788.47,24,0.6417,2,authentication_failed,0,435,trialing,12.4,netbanking,starter,14.4,0,1
1810.55,16,0.5238,3,insufficient_funds,0,50,active,0.4,wallet,regular,7.8,0,1
2028.68,17,0.8236,1,gateway_timeout,1,36,active,0.1,upi,regular,5.5,0,1
7979.13,10,0.7612,0,network_error,3,736,past_due,2.2,upi,regular,1.5,0,1
3156.74,3,0.6854,0,insufficient_funds,3,320,active,0.7,card,enterprise,20.0,1,1
8206.86,0,0.5474,0,authentication_failed,2,38,active,1.1,card,regular,7.9,0,1
8841.74,26,0.7682,2,insufficient_funds,1,22,active,13.5,netbanking,enterprise,4.6,0,1
9944.25,8,0.6733,2,authentication_failed,1,122,active,25.1,card,regular,4.8,1,1
12622.65,3,0.6624,1,insufficient_funds,0,30,active,16.8,netbanking,regular,7.3,0,0
3019.24,1,0.3652,1,gateway_timeout,0,311,active,9.6,upi,regular,6.9,0,1
2119.99,16,0.3444,1,insufficient_funds,4,51,active,15.9,card,enterprise,2.9,0,0
4563.75,17,0.7549,0,insufficient_funds,0,170,active,0.8,upi,regular,0.8,1,1
2519.49,15,0.6294,2,authentication_failed,1,115,past_due,0.1,netbanking,starter,0.6,0,0
4794.9,9,0.3468,0,insufficient_funds,1,244,active,1.7,card,vip,3.2,1,1
6313.84,4,0.4113,1,network_error,0,653,trialing,3.4,card,regular,1.7,1,1
6030.26,3,0.765,4,insufficient_funds,2,136,active,2.5,card,enterprise,0.5,1,1
2546.44,0,0.5928,1,gateway_timeout,0,163,active,18.6,card,enterprise,3.7,1,1
1112.77,17,0.9316,0,network_error,0,502,active,0.9,upi,regular,12.2,0,1
3015.24,0,0.7345,2,insufficient_funds,1,251,active,0.9,card,regular,5.4,1,1
969.22,9,0.4619,2,network_error,1,14,active,6.8,card,enterprise,0.8,0,1
11240.79,6,0.9284,2,insufficient_funds,2,8,paused,2.2,upi,regular,7.6,0,1
2322.3,7,0.6591,1,authentication_failed,4,673,active,2.4,upi,enterprise,1.1,1,1
1038.9,24,0.9195,1,insufficient_funds,0,57,active,4.5,upi,regular,3.6,0,1
328.89,0,0.7968,1,insufficient_funds,0,607,active,7.8,upi,enterprise,14.7,0,1
5389.78,14,0.4777,2,insufficient_funds,0,144,active,36.3,upi,regular,7.0,0,0
5265.42,0,0.8802,2,insufficient_funds,2,154,active,17.1,upi,regular,8.6,1,1
2282.16,0,0.7431,2,network_error,2,1218,canceled,7.6,netbanking,regular,3.4,0,1
572.07,5,0.7,2,gateway_timeout,1,181,active,0.7,card,regular,38.4,1,0
2835.02,0,0.6358,0,insufficient_funds,1,907,active,0.6,upi,vip,1.3,1,1
2064.15,14,0.7394,0,gateway_timeout,0,255,active,5.2,card,vip,6.0,0,1
5852.38,7,0.7814,0,authentication_failed,0,369,active,3.3,netbanking,vip,11.1,0,1
4854.22,0,0.7009,1,network_error,0,17,active,6.8,netbanking,enterprise,4.7,0,1
2467.45,0,0.9625,2,insufficient_funds,0,4,unpaid,0.8,wallet,regular,14.1,1,0
1428.82,9,0.8446,2,authentication_failed,0,319,active,11.0,card,regular,14.7,1,1
22329.25,15,0.8991,3,insufficient_funds,3,177,active,0.1,netbanking,enterprise,10.4,1,1
3225.7,5,0.8548,2,gateway_timeout,0,401,unpaid,0.9,card,vip,6.0,0,1
6028.16,7,0.9363,0,authentication_failed,0,50,active,2.7,wallet,regular,11.2,0,1
957.33,15,0.4428,3,authentication_failed,1,424,canceled,13.1,netbanking,regular,1.2,1,1
3523.67,8,0.8537,1,gateway_timeout,0,274,past_due,7.7,upi,regular,5.2,1,1
339.61,2,0.414,0,insufficient_funds,1,74,trialing,4.7,card,starter,1.6,0,0
3720.59,9,0.7762,4,insufficient_funds,4,604,past_due,6.2,card,regular,0.5,1,1
16823.6,9,0.9632,3,insufficient_funds,0,874,active,1.5,netbanking,starter,6.6,0,1
2624.22,12,0.8323,3,gateway_timeout,0,154,paused,4.6,wallet,starter,1.4,1,1
398.88,9,0.4711,1,network_error,1,151,active,7.8,card,regular,0.7,1,1
357.23,33,0.8521,3,insufficient_funds,1,212,active,4.4,card,regular,4.1,1,1
2655.01,2,0.7093,1,insufficient_funds,0,315,active,7.5,upi,regular,0.6,1,1
1071.92,28,0.8417,1,insufficient_funds,2,302,active,5.6,card,vip,4.1,0,1
318.15,7,0.5977,0,authentication_failed,1,190,unpaid,1.8,upi,enterprise,6.2,0,1
7257.31,10,0.8574,1,gateway_timeout,0,627,unpaid,4.5,upi,regular,0.4,1,1
3267.27,0,0.9401,3,authentication_failed,2,45,active,2.7,card,regular,5.6,0,1
1907.14,4,0.8488,0,insufficient_funds,0,56,unpaid,9.2,upi,enterprise,4.9,0,0
11717.09,13,0.9264,3,authentication_failed,0,320,paused,0.7,card,regular,1.0,0,1
817.28,11,0.9424,3,authentication_failed,2,339,active,11.0,card,starter,6.0,0,1
15808.61,0,0.5245,1,insufficient_funds,0,126,active,2.3,card,enterprise,5.9,0,1
2084.15,7,0.7684,1,insufficient_funds,3,89,paused,2.4,upi,enterprise,3.0,0,1
11164.34,0,0.8162,0,card_expired,0,12,canceled,6.4,card,regular,2.9,1,0
4818.38,52,0.9699,0,gateway_timeout,0,123,past_due,1.6,upi,starter,2.7,1,1
8963.87,21,0.9346,0,network_error,0,72,active,0.6,card,regular,0.8,1,1
20879.95,0,0.7261,1,card_expired,1,450,active,7.3,card,regular,19.9,1,1
1901.23,18,0.7191,0,insufficient_funds,1,169,active,3.8,upi,regular,1.9,0,1
16438.37,23,0.822,3,card_expired,5,209,active,11.4,upi,regular,9.6,0,0
2667.24,4,0.9058,2,authentication_failed,1,340,past_due,8.2,wallet,regular,2.1,0,1
2634.83,12,0.7259,1,network_error,2,89,active,0.4,card,starter,6.7,1,1
2280.51,5,0.8037,2,insufficient_funds,1,549,active,6.0,card,regular,12.6,0,0
4097.97,10,0.7097,0,insufficient_funds,1,126,active,1.4,netbanking,regular,2.9,1,1
1037.04,3,0.6108,1,insufficient_funds,0,29,active,3.6,card,regular,1.1,0,0
4233.95,3,0.6454,1,insufficient_funds,2,487,active,1.9,card,regular,1.9,0,1
4101.21,5,0.6705,2,authentication_failed,1,640,unpaid,6.8,card,regular,2.6,1,1
7375.36,1,0.7039,1,network_error,1,62,trialing,8.8,upi,regular,1.6,1,1
9168.31,16,0.6207,2,card_expired,0,265,active,2.4,upi,regular,4.3,1,1
3103.03,4,0.5628,1,insufficient_funds,1,292,active,1.2,upi,regular,9.6,0,0
2000.07,4,0.9149,3,insufficient_funds,0,71,canceled,1.8,card,regular,4.5,0,0
1701.03,21,0.8458,0,network_error,2,140,active,1.1,card,enterprise,8.0,0,1
1282.23,6,0.6397,1,insufficient_funds,5,127,trialing,4.8,card,vip,0.7,0,0
496.88,7,0.4909,2,authentication_failed,0,248,active,1.2,upi,regular,4.7,1,1
2296.16,29,0.5568,1,card_expired,0,168,active,9.1,netbanking,regular,0.7,1,1
1775.25,20,0.8919,0,gateway_timeout,0,282,canceled,1.0,card,regular,12.9,0,0
17168.73,1,0.7486,1,network_error,1,24,canceled,0.2,card,enterprise,16.3,1,1
4278.93,6,0.6332,6,network_error,2,86,trialing,8.2,card,regular,1.3,1,1
2333.01,33,0.9323,0,gateway_timeout,1,14,active,1.8,card,regular,5.3,0,1
4543.07,4,0.4046,1,authentication_failed,5,202,past_due,1.0,upi,enterprise,1.1,0,1
949.45,4,0.749,3,authentication_failed,2,137,active,3.9,upi,regular,5.2,0,1
3135.33,2,0.9624,1,gateway_timeout,0,862,canceled,8.2,upi,regular,1.8,1,1
5120.63,1,0.356,2,insufficient_funds,0,91,unpaid,2.0,upi,regular,9.3,1,0
3555.93,12,0.7066,1,authentication_failed,2,81,active,0.7,wallet,regular,4.3,1,1
2768.97,13,0.6367,1,gateway_timeout,3,110,active,4.8,netbanking,enterprise,0.7,0,1
25655.21,32,0.9096,4,insufficient_funds,1,164,active,2.9,card,vip,2.6,1,1
10814.45,14,0.9042,4,gateway_timeout,1,238,active,3.7,upi,regular,3.6,0,1
5082.94,2,0.4753,2,insufficient_funds,0,111,active,3.2,upi,enterprise,10.2,1,1
4412.62,0,0.7673,0,insufficient_funds,0,277,trialing,1.2,upi,regular,7.6,0,0
5046.62,40,0.7415,0,insufficient_funds,2,319,active,9.0,upi,regular,3.2,0,1
1323.93,3,0.3788,2,card_expired,0,339,active,4.3,card,regular,0.2,1,1
2713.77,3,0.6079,0,insufficient_funds,1,467,paused,3.3,wallet,regular,0.6,1,1
401.3,22,0.9329,1,network_error,0,42,active,1.7,upi,regular,3.4,0,1
3426.99,8,0.7843,0,gateway_timeout,0,344,trialing,2.1,upi,regular,3.6,1,1
4115.63,2,0.8732,0,insufficient_funds,1,88,active,3.2,netbanking,enterprise,1.1,0,1
1492.23,20,0.6518,0,authentication_failed,1,325,active,2.3,card,regular,0.9,0,1
16825.19,47,0.8198,1,insufficient_funds,1,8,past_due,3.9,card,regular,1.0,1,1
12209.52,0,0.658,2,card_expired,0,61,canceled,8.5,card,starter,0.1,0,0
6603.25,18,0.8735,1,gateway_timeout,0,165,active,6.7,upi,regular,4.7,1,1
4011.27,4,0.7968,2,gateway_timeout,0,225,active,1.1,wallet,vip,1.2,1,1
10399.92,7,0.8446,4,gateway_timeout,1,734,paused,1.9,upi,regular,1.8,1,1
900.06,23,0.761,1,insufficient_funds,0,71,active,13.5,card,enterprise,0.7,1,0
8015.39,34,0.7614,0,insufficient_funds,3,187,active,1.4,upi,regular,2.3,1,0
866.63,2,0.5695,3,insufficient_funds,0,170,active,0.8,wallet,regular,0.6,1,1
8104.51,2,0.7117,0,insufficient_funds,1,295,active,2.3,upi,vip,2.9,0,1
1813.21,0,0.5122,2,insufficient_funds,2,70,active,9.5,wallet,vip,2.8,0,1
10681.54,7,0.4449,1,authentication_failed,3,659,canceled,4.0,upi,regular,18.7,0,0
14615.78,0,0.8752,0,insufficient_funds,0,1313,canceled,4.7,netbanking,starter,2.0,0,0
1005.52,5,0.6814,1,insufficient_funds,1,540,active,1.2,card,regular,3.6,0,1
3305.77,0,0.6041,2,network_error,2,305,active,0.6,card,regular,2.1,0,1
20013.26,4,0.8707,1,authentication_failed,1,280,active,19.0,netbanking,starter,4.4,0,1
3502.5,0,0.7199,3,insufficient_funds,3,347,active,1.4,card,enterprise,6.7,0,1
10158.89,17,0.9149,0,gateway_timeout,1,205,active,5.0,card,regular,1.3,0,1
4642.55,2,0.5847,1,gateway_timeout,2,68,active,4.6,upi,regular,11.7,0,1
2552.66,3,0.7396,0,insufficient_funds,0,552,active,0.5,upi,regular,9.9,1,1
1882.85,19,0.7567,2,gateway_timeout,4,268,canceled,3.5,upi,regular,8.6,1,1
1335.9,13,0.5061,3,network_error,1,21,trialing,0.5,card,enterprise,1.1,1,1
7373.19,2,0.8176,1,insufficient_funds,2,172,past_due,2.0,upi,regular,2.4,0,1
2643.21,0,0.7548,1,authentication_failed,0,149,active,3.0,card,enterprise,15.1,0,1
3779.78,11,0.7958,3,gateway_timeout,1,25,active,6.1,card,vip,0.0,1,0
3589.57,4,0.8834,1,insufficient_funds,0,114,active,0.4,card,regular,1.5,0,1
4505.21,13,0.8885,0,gateway_timeout,4,59,active,10.9,card,vip,0.1,1,1
10233.82,5,0.5034,1,gateway_timeout,3,12,paused,0.3,upi,enterprise,2.3,0,1
19948.45,4,0.4144,0,authentication_failed,0,6,active,1.7,card,enterprise,5.0,1,0
2817.73,5,0.6989,0,gateway_timeout,0,82,trialing,2.5,upi,regular,0.8,0,1
8987.34,13,0.7903,1,gateway_timeout,1,25,active,1.7,upi,enterprise,10.2,0,1
7430.81,22,0.7301,1,insufficient_funds,0,462,active,0.4,upi,regular,3.5,1,1
4461.05,0,0.4944,1,insufficient_funds,1,930,active,2.8,upi,regular,0.9,1,1
15823.19,7,0.8926,1,network_error,0,156,active,1.1,upi,regular,7.9,0,1
1318.68,0,0.7318,2,authentication_failed,1,223,canceled,4.4,card,regular,9.3,0,0
778.54,5,0.7821,4,gateway_timeout,0,747,trialing,11.1,card,regular,4.1,1,1
9819.44,20,0.559,1,authentication_failed,0,347,paused,4.1,wallet,enterprise,11.2,1,1
3091.51,4,0.4227,1,gateway_timeout,1,178,active,0.6,card,enterprise,1.8,0,1
9585.57,25,0.5485,2,insufficient_funds,1,139,active,2.2,card,enterprise,5.9,1,1
11378.85,9,0.5984,1,insufficient_funds,1,344,past_due,0.5,upi,regular,2.4,1,1
522.47,25,0.7768,0,card_expired,0,98,active,2.4,upi,enterprise,5.0,0,1
10947.81,13,0.7579,3,insufficient_funds,1,347,active,11.8,card,starter,11.4,0,0
3173.93,1,0.673,0,authentication_failed,0,19,active,1.4,card,starter,0.2,0,1
3771.16,2,0.792,3,insufficient_funds,4,181,past_due,0.3,netbanking,regular,0.5,0,1
5125.42,4,0.8685,1,authentication_failed,0,50,past_due,2.5,netbanking,vip,13.3,1,1
13244.37,1,0.8691,3,authentication_failed,1,332,active,8.3,card,regular,0.7,1,0
296.51,6,0.802,3,gateway_timeout,1,875,past_due,0.6,card,regular,0.7,1,1
3439.37,6,0.8289,3,insufficient_funds,0,267,trialing,5.4,upi,vip,3.1,0,1
6019.31,29,0.8455,0,insufficient_funds,1,323,past_due,2.1,upi,regular,1.0,0,1
6613.4,5,0.797,2,insufficient_funds,0,45,active,2.4,upi,regular,8.8,0,1
6096.93,14,0.6079,0,insufficient_funds,1,200,active,5.8,upi,regular,6.0,0,1
921.86,27,0.8587,0,insufficient_funds,3,378,active,14.5,upi,regular,0.3,1,1
1979.06,19,0.7551,2,card_expired,0,488,active,1.4,upi,regular,1.0,0,1
2421.41,2,0.844,1,authentication_failed,1,929,active,2.1,card,starter,10.2,0,1
8359.37,6,0.6498,3,authentication_failed,2,344,active,0.2,wallet,regular,0.1,0,0
1833.92,4,0.7495,2,gateway_timeout,2,214,active,1.7,upi,vip,3.7,0,1
1383.08,4,0.7148,2,card_expired,0,422,active,1.1,card,starter,1.5,1,1
15985.14,4,0.8016,1,insufficient_funds,2,75,active,5.5,card,regular,1.4,1,1
244.51,16,0.8441,2,insufficient_funds,2,516,active,4.7,card,regular,1.0,0,1
30844.11,5,0.7197,1,insufficient_funds,1,381,past_due,1.6,upi,regular,3.9,1,1
5847.75,7,0.5164,1,insufficient_funds,1,46,active,4.0,upi,vip,5.1,1,1
9014.97,38,0.7,1,authentication_failed,0,477,past_due,7.0,card,regular,5.2,0,0
1945.09,0,0.4274,3,authentication_failed,0,445,past_due,7.4,upi,enterprise,0.3,1,1
272.09,6,0.8658,5,authentication_failed,1,648,paused,6.3,upi,regular,2.8,0,1
6894.56,14,0.92,1,gateway_timeout,0,579,active,1.8,card,enterprise,2.4,1,1
9183.19,1,0.8387,3,insufficient_funds,0,100,active,2.6,upi,regular,0.7,0,1
6944.53,8,0.7544,1,authentication_failed,0,180,active,4.2,upi,regular,0.5,0,1
970.71,2,0.8255,4,gateway_timeout,4,410,active,1.9,card,regular,2.6,0,1
7200.5,19,0.7347,0,network_error,0,367,active,4.4,upi,vip,0.1,1,1
7525.02,3,0.7673,2,insufficient_funds,1,412,trialing,6.0,upi,starter,15.2,0,1
5572.63,3,0.7729,1,insufficient_funds,0,67,active,0.4,wallet,starter,2.2,1,1
7464.65,8,0.764,3,insufficient_funds,1,395,unpaid,2.0,netbanking,vip,12.1,0,0
9551.46,1,0.5744,3,insufficient_funds,1,27,active,3.9,netbanking,enterprise,1.3,0,1
4954.46,3,0.8676,2,card_expired,3,166,trialing,2.1,upi,regular,9.4,0,1
663.89,5,0.9657,1,insufficient_funds,1,15,past_due,3.6,upi,regular,0.5,1,1
3543.52,4,0.633,1,insufficient_funds,0,151,active,3.3,upi,regular,1.0,0,1
604.15,7,0.9573,2,card_expired,4,71,active,8.9,upi,starter,0.9,1,0
2817.39,8,0.6824,2,insufficient_funds,0,184,canceled,3.0,netbanking,enterprise,0.9,0,1
2813.7,7,0.7884,0,gateway_timeout,0,313,active,7.7,card,starter,7.6,0,1
541.45,10,0.7943,2,insufficient_funds,2,8,canceled,0.5,upi,regular,4.0,0,1
2344.85,3,0.5448,2,authentication_failed,2,77,active,3.7,card,regular,12.1,1,1
788.28,1,0.7237,2,card_expired,2,41,unpaid,2.3,card,enterprise,5.1,0,0
8457.43,13,0.9152,1,gateway_timeout,1,51,past_due,6.3,card,vip,3.5,0,1
14952.65,18,0.6507,1,insufficient_funds,0,219,trialing,2.7,card,enterprise,5.6,0,1
575.32,2,0.9076,0,insufficient_funds,1,17,active,5.8,card,regular,2.3,0,1
15718.28,4,0.9651,3,insufficient_funds,0,307,active,1.3,card,regular,2.4,0,1
3896.76,6,0.6901,3,network_error,0,67,active,3.9,wallet,regular,0.1,1,1
1980.27,7,0.7642,4,authentication_failed,0,805,past_due,0.1,card,enterprise,15.0,1,1
599.88,10,0.8122,1,insufficient_funds,0,682,canceled,0.6,upi,regular,1.3,0,0
3671.98,0,0.7043,4,card_expired,3,330,past_due,5.6,wallet,vip,4.0,0,1
8111.92,12,0.5928,2,insufficient_funds,3,388,active,0.1,upi,enterprise,22.6,1,1
6339.39,0,0.8965,0,gateway_timeout,3,318,trialing,0.1,netbanking,enterprise,0.9,1,1
457.66,5,0.763,2,card_expired,0,325,active,11.4,upi,regular,1.1,0,0
578.48,16,0.5292,2,gateway_timeout,1,50,active,0.5,card,regular,2.6,1,1
2778.13,5,0.8586,2,card_expired,1,653,past_due,1.1,upi,regular,8.1,0,0
1949.85,1,0.7482,1,card_expired,1,405,active,1.0,card,enterprise,0.7,1,1
1522.33,39,0.6872,0,insufficient_funds,1,213,active,2.8,netbanking,enterprise,16.5,0,0
1849.5,20,0.9509,1,insufficient_funds,0,46,active,14.8,card,regular,2.2,0,1
8335.03,14,0.391,1,network_error,3,375,paused,0.3,card,regular,3.5,0,1
13441.46,5,0.9676,1,insufficient_funds,0,598,unpaid,8.4,netbanking,regular,9.1,1,1
2796.83,1,0.3136,3,network_error,2,160,paused,3.4,upi,regular,8.0,0,1
12028.21,26,0.9236,2,insufficient_funds,0,23,canceled,4.5,netbanking,regular,5.3,0,1
2139.32,7,0.4989,1,authentication_failed,1,858,canceled,6.1,card,regular,2.6,1,1
3435.49,18,0.7365,1,insufficient_funds,0,47,active,8.1,card,starter,13.0,1,1
1481.1,3,0.6976,1,network_error,0,396,active,8.1,card,regular,3.7,0,1
5314.87,3,0.4938,1,authentication_failed,1,1037,past_due,5.3,card,enterprise,5.7,0,0
19511.67,40,0.7299,1,insufficient_funds,3,87,active,1.8,upi,vip,1.2,0,1
4825.31,7,0.598,2,card_expired,2,27,active,6.6,wallet,regular,1.3,0,1
2414.39,1,0.8921,3,insufficient_funds,0,417,active,1.6,netbanking,starter,0.9,1,1
5418.03,2,0.4829,3,card_expired,1,19,canceled,4.2,upi,regular,7.9,0,1
855.79,6,0.8715,2,insufficient_funds,0,188,paused,2.7,card,regular,0.5,0,0
11175.79,0,0.8732,3,network_error,0,328,active,9.2,upi,regular,2.1,0,1
3696.67,5,0.7447,2,insufficient_funds,0,257,past_due,0.2,upi,regular,24.1,0,1
3183.28,5,0.7389,0,network_error,0,209,active,1.9,upi,starter,5.6,1,1
4607.81,14,0.8529,1,authentication_failed,1,73,active,0.1,wallet,regular,0.5,1,1
5101.27,4,0.9448,3,insufficient_funds,0,95,canceled,1.5,upi,regular,6.1,0,1
572.41,38,0.8502,1,insufficient_funds,1,112,past_due,0.2,upi,regular,6.9,1,1
5938.23,1,0.5735,4,insufficient_funds,0,267,active,0.6,upi,regular,11.0,0,1
1584.91,8,0.633,1,insufficient_funds,2,285,active,1.0,card,enterprise,0.3,0,1
6457.99,0,0.5604,0,gateway_timeout,0,49,past_due,1.2,card,regular,0.9,0,1
8844.9,12,0.6921,1,gateway_timeout,1,6,active,0.3,wallet,regular,2.5,0,1
8347.14,49,0.8412,1,card_expired,0,20,active,10.0,card,enterprise,4.4,0,0
4220.4,16,0.87,0,network_error,1,288,trialing,0.8,wallet,regular,0.8,1,1
3871.62,7,0.601,2,gateway_timeout,0,25,past_due,0.7,card,regular,2.7,0,1
970.86,6,0.6019,3,gateway_timeout,1,94,unpaid,3.4,card,vip,0.6,0,1
7665.97,17,0.7711,3,card_expired,3,200,trialing,3.0,upi,regular,1.6,0,0
1783.22,26,0.4974,0,insufficient_funds,1,201,active,3.3,upi,regular,6.4,0,1
3632.8,42,0.6065,2,insufficient_funds,1,193,active,0.8,upi,enterprise,8.1,0,1
1872.29,4,0.6321,0,gateway_timeout,1,631,active,2.8,card,vip,12.1,0,1
918.36,44,0.8883,1,insufficient_funds,1,147,active,0.1,upi,regular,4.5,1,1
5165.29,1,0.7295,1,insufficient_funds,0,46,past_due,2.3,upi,regular,6.4,0,0
479.32,2,0.7651,2,authentication_failed,0,15,active,4.3,card,regular,8.5,1,1
7104.45,0,0.9341,0,network_error,1,181,active,1.6,card,regular,0.8,0,1
2110.6,3,0.6116,4,card_expired,1,233,past_due,0.1,upi,starter,7.6,1,1
200.67,13,0.6901,2,gateway_timeout,0,216,active,4.6,upi,regular,5.8,0,1
3778.28,18,0.7751,2,insufficient_funds,0,54,active,1.2,card,enterprise,3.8,1,1
439.92,14,0.5207,2,gateway_timeout,1,11,active,3.3,netbanking,starter,1.5,0,1
1815.99,9,0.4797,3,insufficient_funds,2,524,active,0.8,upi,enterprise,6.9,0,0
6337.51,6,0.5978,1,card_expired,2,148,trialing,1.8,wallet,regular,2.4,0,0
523.7,11,0.5478,3,authentication_failed,1,29,active,4.7,upi,regular,1.7,1,1
9342.28,4,0.7657,0,insufficient_funds,1,270,active,4.8,upi,vip,0.1,1,1
219.14,17,0.8807,0,authentication_failed,1,265,active,1.3,card,enterprise,11.5,0,1
1617.28,10,0.6929,1,gateway_timeout,0,238,active,11.8,card,regular,2.3,1,1
6952.78,11,0.8456,0,gateway_timeout,1,67,active,4.5,netbanking,regular,1.9,1,1
2100.96,7,0.5992,1,insufficient_funds,0,475,active,4.0,upi,enterprise,0.0,1,1
737.33,20,0.4868,0,gateway_timeout,1,24,active,9.2,card,vip,2.8,1,1
2433.26,2,0.6403,0,card_expired,0,32,past_due,1.3,upi,regular,4.5,0,1
1776.25,4,0.6725,2,insufficient_funds,0,122,past_due,0.3,upi,enterprise,9.5,0,1
9448.38,14,0.5517,1,insufficient_funds,0,575,active,3.6,netbanking,regular,0.6,0,1
2079.64,6,0.9774,1,insufficient_funds,2,433,past_due,0.7,upi,regular,8.0,1,1
7977.89,20,0.444,2,insufficient_funds,0,600,canceled,1.4,wallet,enterprise,4.0,0,1
11322.2,4,0.6583,4,insufficient_funds,2,302,active,1.7,card,enterprise,6.6,0,1
3044.19,4,0.8714,3,card_expired,2,243,active,13.7,upi,vip,4.6,1,0
12236.57,20,0.6535,0,gateway_timeout,0,383,active,7.3,card,regular,12.0,0,1
2568.6,5,0.7969,0,network_error,4,56,trialing,3.5,upi,starter,3.0,0,1
16832.08,6,0.4814,2,insufficient_funds,0,30,active,6.7,netbanking,vip,3.8,0,1
667.65,3,0.5565,1,gateway_timeout,1,667,active,2.6,upi,regular,5.9,0,1
6008.07,3,0.7898,1,insufficient_funds,4,455,active,1.9,upi,enterprise,3.4,1,1
3604.26,10,0.7345,2,authentication_failed,0,137,active,0.1,upi,enterprise,5.3,1,1
2652.25,1,0.7003,2,insufficient_funds,0,377,canceled,8.1,upi,regular,0.1,0,1
5208.04,20,0.5748,3,insufficient_funds,0,179,trialing,3.8,netbanking,regular,4.6,0,0
6284.57,14,0.612,3,insufficient_funds,2,5,trialing,0.9,upi,enterprise,1.7,1,1
221.86,2,0.7925,0,authentication_failed,2,4,active,9.1,upi,regular,8.9,1,1
1113.33,11,0.9225,0,insufficient_funds,3,161,active,1.3,netbanking,starter,1.3,1,1
6442.17,8,0.8396,2,insufficient_funds,1,221,past_due,5.2,wallet,regular,6.4,1,1
5688.84,1,0.9547,1,gateway_timeout,3,433,active,5.8,card,starter,10.7,0,1
17113.96,3,0.885,1,authentication_failed,0,223,active,6.5,upi,regular,0.6,0,1
7357.25,4,0.8048,1,insufficient_funds,1,225,trialing,6.1,card,enterprise,15.6,1,1
15256.54,11,0.6542,2,authentication_failed,1,1431,active,5.1,card,regular,1.1,1,1
6262.39,9,0.7834,0,insufficient_funds,0,1,trialing,3.5,card,regular,6.1,1,0
1969.48,7,0.4383,1,network_error,2,108,unpaid,2.9,card,starter,9.4,1,1
756.7,13,0.4663,1,insufficient_funds,2,664,past_due,0.4,upi,regular,0.1,1,1
7812.26,13,0.8576,0,network_error,2,121,past_due,0.1,upi,regular,14.6,0,1
5366.22,9,0.5216,1,insufficient_funds,1,69,active,0.5,card,enterprise,2.3,1,1
446.93,14,0.7506,4,gateway_timeout,0,145,active,4.7,card,regular,4.1,0,1
2431.83,3,0.9162,2,insufficient_funds,1,366,active,0.1,netbanking,starter,7.0,0,1
15909.55,20,0.5818,1,network_error,0,360,active,2.6,card,regular,2.4,1,1
3669.75,9,0.8602,3,insufficient_funds,0,102,active,0.9,card,regular,4.0,0,1
3034.59,16,0.6879,2,insufficient_funds,4,32,canceled,0.7,wallet,regular,1.1,0,0
3259.68,7,0.8662,1,insufficient_funds,1,835,active,1.4,netbanking,regular,1.0,0,1
1371.55,2,0.7573,0,card_expired,2,66,canceled,3.7,wallet,regular,16.7,0,0
2499.93,7,0.9033,2,insufficient_funds,1,656,active,1.9,netbanking,starter,1.7,0,1
2508.7,4,0.803,5,card_expired,0,130,trialing,1.7,netbanking,starter,13.2,0,0
468.88,11,0.3244,1,insufficient_funds,1,1102,past_due,1.0,card,vip,0.7,0,1
7495.78,6,0.7626,0,insufficient_funds,1,72,active,2.6,upi,regular,4.0,0,1
2893.59,17,0.6641,3,network_error,0,277,active,6.1,card,starter,0.3,1,1
8834.91,10,0.4116,2,gateway_timeout,0,430,active,1.9,netbanking,regular,5.9,0,0
9697.21,10,0.9506,3,insufficient_funds,0,131,active,0.6,upi,regular,7.2,1,1
1391.25,2,0.609,1,insufficient_funds,3,40,active,3.4,upi,starter,5.8,1,1
5555.28,39,0.836,3,authentication_failed,0,26,unpaid,6.7,wallet,regular,9.4,0,0
3395.96,17,0.7213,3,card_expired,2,64,past_due,3.5,wallet,regular,1.2,0,1
10807.85,14,0.2436,0,gateway_timeout,1,15,active,0.2,card,vip,0.7,0,1
1415.08,3,0.7977,3,gateway_timeout,0,507,past_due,2.9,upi,regular,3.7,0,1
5863.12,7,0.9011,0,insufficient_funds,1,305,active,1.0,card,regular,0.7,1,1
4879.31,1,0.8188,1,gateway_timeout,4,264,trialing,2.7,upi,enterprise,2.1,1,1
1949.93,7,0.6559,0,insufficient_funds,1,298,active,1.6,card,regular,0.8,1,1
934.39,1,0.7671,0,authentication_failed,0,253,active,1.0,upi,enterprise,5.2,1,1
5472.59,7,0.8719,4,authentication_failed,3,10,trialing,1.4,upi,starter,0.4,1,1
6908.47,9,0.6838,1,gateway_timeout,0,215,unpaid,0.5,upi,starter,1.1,0,1
2096.26,4,0.7386,2,insufficient_funds,2,134,active,4.8,upi,regular,14.1,1,1
5375.83,6,0.8188,3,insufficient_funds,0,44,active,1.0,card,vip,4.0,0,1
2713.72,19,0.4355,5,network_error,2,275,past_due,0.5,upi,enterprise,6.2,0,1
6444.97,1,0.603,3,insufficient_funds,0,140,active,6.3,upi,starter,2.1,0,0
1310.82,14,0.4114,3,insufficient_funds,0,75,unpaid,0.1,wallet,starter,2.5,1,0
11246.16,1,0.7803,2,card_expired,1,330,past_due,2.8,wallet,enterprise,5.3,0,1
1894.24,0,0.8976,4,authentication_failed,0,16,past_due,2.1,card,regular,0.7,0,1
2492.64,1,0.9165,2,insufficient_funds,5,114,trialing,1.1,upi,regular,1.6,0,0
499.24,13,0.5704,1,authentication_failed,1,82,trialing,2.0,card,regular,0.3,1,1
791.17,4,0.669,3,card_expired,0,33,past_due,1.0,upi,enterprise,4.3,0,0
3826.93,19,0.9377,1,network_error,0,35,active,0.5,wallet,regular,1.9,0,1
1757.09,7,0.7311,1,authentication_failed,3,61,past_due,2.2,upi,regular,8.4,0,1
9223.62,0,0.6581,0,insufficient_funds,0,6,past_due,8.8,upi,enterprise,9.1,0,1
274.01,11,0.5794,2,card_expired,1,227,canceled,3.6,wallet,regular,0.1,0,0
2582.88,1,0.8735,0,card_expired,0,179,past_due,3.3,upi,regular,0.6,1,1
2257.51,14,0.7947,2,card_expired,2,487,active,4.4,upi,regular,0.5,1,1
297.58,1,0.5646,0,insufficient_funds,0,397,canceled,2.4,upi,enterprise,1.8,1,1
864.05,4,0.8918,1,insufficient_funds,0,952,canceled,7.6,upi,regular,8.9,0,0
2869.13,13,0.6753,0,insufficient_funds,0,6,active,1.6,netbanking,regular,5.4,0,1
3594.89,29,0.7353,0,insufficient_funds,0,174,canceled,1.6,netbanking,regular,6.8,1,0
2790.0,4,0.8276,1,insufficient_funds,1,47,active,1.1,upi,enterprise,0.0,0,1
3985.1,16,0.8882,1,insufficient_funds,4,159,active,0.4,wallet,starter,7.3,1,1
4720.97,2,0.7793,2,card_expired,1,51,active,1.6,upi,regular,8.5,1,0
249.87,15,0.4775,0,card_expired,4,20,past_due,7.1,card,starter,1.2,1,0
3318.99,10,0.3769,2,network_error,0,444,past_due,6.1,upi,starter,6.3,1,1
16752.11,2,0.8941,0,insufficient_funds,0,142,active,9.7,upi,enterprise,1.4,1,1
3859.78,3,0.768,1,authentication_failed,0,289,trialing,3.5,netbanking,regular,2.3,1,1
5858.92,1,0.9045,1,insufficient_funds,2,30,paused,0.9,card,vip,0.2,0,1
2068.84,4,0.7527,4,authentication_failed,5,215,active,1.3,upi,regular,8.0,1,1
7635.91,2,0.8606,2,insufficient_funds,3,441,trialing,1.0,card,enterprise,1.9,0,1
7612.3,9,0.3642,3,insufficient_funds,1,556,past_due,0.2,card,regular,0.8,0,0
3883.36,49,0.8291,1,insufficient_funds,1,91,active,2.7,netbanking,starter,13.7,0,1
18851.39,0,0.8018,0,insufficient_funds,2,607,active,5.0,upi,regular,1.8,1,1
870.8,7,0.7653,2,insufficient_funds,0,168,past_due,5.2,card,starter,6.9,0,1
285.46,8,0.8984,1,insufficient_funds,2,71,past_due,5.9,upi,regular,10.5,1,0
7551.82,23,0.6975,4,insufficient_funds,2,200,active,0.5,upi,regular,13.9,0,1
8429.36,6,0.4802,2,gateway_timeout,0,292,active,2.1,card,enterprise,2.5,0,1
840.34,7,0.6106,1,network_error,0,22,past_due,4.4,card,regular,1.5,1,1
1743.39,6,0.5559,1,card_expired,0,296,active,0.7,wallet,starter,0.8,1,1
288.54,2,0.8017,2,authentication_failed,1,354,active,2.8,netbanking,vip,4.0,1,1
1935.81,0,0.845,0,insufficient_funds,4,141,active,1.7,upi,enterprise,13.5,1,1
7617.15,4,0.9129,2,authentication_failed,0,566,active,2.9,upi,regular,9.8,0,1
3848.65,0,0.6043,4,insufficient_funds,1,63,past_due,10.7,card,starter,1.9,0,1
2339.29,7,0.8407,1,authentication_failed,1,53,trialing,3.7,netbanking,regular,1.8,1,1
2524.0,3,0.5776,2,card_expired,0,247,trialing,4.2,netbanking,vip,14.1,0,1
206.77,7,0.6225,0,insufficient_funds,0,154,active,0.2,upi,regular,17.7,1,1
1981.95,1,0.7903,7,network_error,1,136,canceled,3.2,card,regular,1.0,1,1
5398.78,25,0.9037,2,insufficient_funds,0,247,active,0.6,netbanking,regular,12.7,0,1
18485.83,21,0.7721,5,insufficient_funds,0,114,active,5.2,upi,regular,4.8,0,1
9588.57,1,0.7804,2,authentication_failed,1,794,past_due,4.4,card,regular,1.2,0,1
319.39,3,0.7326,2,card_expired,0,580,active,0.7,card,regular,9.5,0,0
11641.47,9,0.8045,2,insufficient_funds,1,93,canceled,1.7,upi,regular,3.2,0,1
7843.86,0,0.8028,4,insufficient_funds,0,54,paused,4.0,upi,enterprise,2.1,1,1
7779.19,4,0.722,2,authentication_failed,2,49,active,1.7,upi,enterprise,1.2,0,1
3262.41,2,0.6175,1,gateway_timeout,1,378,trialing,1.0,card,enterprise,3.5,1,1
2737.53,23,0.9643,3,insufficient_funds,0,233,paused,0.8,upi,regular,10.3,1,1
2004.24,18,0.6408,3,insufficient_funds,0,195,canceled,2.6,card,regular,10.6,0,0
539.76,8,0.7549,1,insufficient_funds,1,267,canceled,1.8,card,regular,0.7,0,0
1495.38,6,0.917,2,gateway_timeout,0,336,canceled,1.6,upi,regular,0.2,0,1
1615.82,25,0.499,3,authentication_failed,2,65,active,14.7,upi,enterprise,8.4,0,1
3508.99,25,0.6018,6,card_expired,1,975,active,2.9,upi,regular,1.3,1,1
7080.62,33,0.7568,4,gateway_timeout,3,110,active,3.0,card,regular,8.8,0,1
3410.46,1,0.7962,1,insufficient_funds,1,21,active,6.7,card,regular,2.2,1,1
497.92,1,0.7466,1,insufficient_funds,0,450,active,2.9,upi,regular,3.5,1,1
16025.47,10,0.6283,0,insufficient_funds,0,190,active,0.2,card,enterprise,5.0,1,1
14499.4,7,0.6553,3,insufficient_funds,0,5,active,6.0,upi,regular,6.7,1,1
7890.0,0,0.5176,3,network_error,0,235,active,5.2,upi,vip,3.3,0,1
23938.22,0,0.806,2,gateway_timeout,0,242,past_due,2.0,card,enterprise,1.9,1,1
4131.6,20,0.8394,2,gateway_timeout,1,282,active,0.3,upi,regular,7.0,1,1
16652.98,19,0.8481,2,gateway_timeout,1,227,active,0.6,card,starter,9.5,0,1
593.08,4,0.688,2,insufficient_funds,0,78,canceled,10.0,card,regular,12.1,0,0
2476.01,21,0.5089,1,insufficient_funds,0,1500,active,4.0,card,regular,5.4,1,1
1476.92,8,0.5945,2,authentication_failed,0,158,active,6.5,upi,enterprise,0.3,1,1
1289.74,15,0.7534,2,gateway_timeout,2,123,active,0.8,upi,vip,2.0,1,1
958.78,5,0.8674,3,insufficient_funds,1,1,past_due,2.9,upi,regular,0.8,0,1
5069.78,1,0.7029,1,authentication_failed,1,211,active,3.1,card,enterprise,7.1,0,1
7800.77,5,0.7376,0,gateway_timeout,1,168,trialing,1.8,netbanking,vip,4.4,0,1
4517.29,5,0.8592,0,insufficient_funds,3,734,active,2.5,upi,vip,15.5,0,1
994.76,7,0.9397,3,card_expired,3,97,active,3.3,netbanking,regular,8.2,1,0
8533.32,1,0.6161,0,insufficient_funds,1,285,active,0.3,card,enterprise,0.5,1,1
5252.38,45,0.5742,2,card_expired,1,249,unpaid,3.7,wallet,regular,9.4,1,1
2656.47,2,0.6799,3,insufficient_funds,5,391,active,0.2,upi,vip,5.9,0,1
5806.29,2,0.636,1,authentication_failed,0,397,trialing,8.3,card,regular,3.6,0,1
1704.88,7,0.7755,2,authentication_failed,1,1,active,2.3,upi,starter,7.8,0,1
2317.07,7,0.4418,2,insufficient_funds,1,507,canceled,2.7,card,regular,0.6,0,0
12673.93,5,0.4596,0,network_error,4,32,active,1.3,card,regular,0.4,1,1
1916.01,14,0.7869,0,insufficient_funds,0,14,active,14.4,card,enterprise,1.3,1,1
3374.28,6,0.7194,3,authentication_failed,4,412,active,1.6,card,vip,0.7,0,0
11242.79,8,0.8552,0,authentication_failed,2,23,active,2.1,card,regular,2.8,0,1
6350.24,12,0.4631,3,network_error,0,12,active,2.9,upi,regular,12.5,0,1
521.11,0,0.7005,1,authentication_failed,0,70,paused,4.9,card,starter,3.9,0,0
996.76,8,0.6892,2,insufficient_funds,0,186,active,1.6,wallet,starter,13.4,0,1
239.36,20,0.9324,1,insufficient_funds,1,511,active,13.7,card,starter,23.5,0,1
5183.73,0,0.6752,1,card_expired,2,626,past_due,2.3,upi,regular,0.3,0,0
3168.08,4,0.5581,2,gateway_timeout,2,151,active,1.2,card,regular,0.0,0,1
920.94,24,0.9059,2,insufficient_funds,1,224,active,1.6,card,regular,6.5,1,1
16042.59,4,0.4957,3,authentication_failed,0,644,unpaid,6.5,upi,vip,18.4,1,1
3971.49,5,0.9364,0,insufficient_funds,0,372,active,2.7,card,enterprise,7.6,1,1
1584.66,37,0.3893,4,insufficient_funds,0,244,active,2.3,card,regular,4.2,1,1
3671.78,2,0.7826,2,network_error,1,71,canceled,0.1,upi,starter,8.3,1,1
5891.24,0,0.847,1,gateway_timeout,0,160,past_due,7.9,upi,regular,7.1,0,1
596.51,18,0.7378,2,insufficient_funds,2,490,past_due,4.2,card,regular,2.2,0,0
1805.88,19,0.9174,1,insufficient_funds,2,94,past_due,11.3,card,regular,13.8,1,1
8424.43,6,0.6279,1,gateway_timeout,0,40,active,0.3,card,vip,0.3,1,1
3277.83,6,0.8692,3,network_error,1,42,active,6.0,card,vip,1.1,0,1
4154.65,17,0.6717,3,insufficient_funds,2,371,trialing,5.0,netbanking,regular,1.5,0,1
3035.36,12,0.3638,1,insufficient_funds,3,46,active,3.0,card,regular,0.9,1,1
424.46,2,0.4651,2,insufficient_funds,1,12,active,0.8,upi,enterprise,6.0,1,1
1106.11,0,0.9507,0,authentication_failed,3,482,unpaid,0.2,card,vip,5.4,0,0
3148.82,6,0.963,1,authentication_failed,2,680,active,2.0,card,starter,16.8,1,0
1373.46,18,0.7888,0,insufficient_funds,0,1073,active,6.1,upi,regular,5.3,0,1
456.36,21,0.8398,1,authentication_failed,0,114,active,1.8,upi,regular,3.7,1,1
9478.28,29,0.5175,5,insufficient_funds,0,601,active,6.7,upi,regular,2.2,0,0
20067.51,20,0.8411,2,insufficient_funds,0,42,active,10.4,netbanking,regular,13.4,1,1
8078.63,8,0.8653,1,insufficient_funds,0,1237,active,1.9,card,regular,3.6,1,1
9813.38,5,0.7369,2,insufficient_funds,1,5,active,2.3,card,regular,4.0,1,0
1585.21,14,0.7733,2,insufficient_funds,0,107,active,1.1,card,regular,7.0,1,1
16373.37,12,0.7354,1,authentication_failed,1,342,past_due,1.8,netbanking,regular,3.0,0,1
1296.54,7,0.7168,0,insufficient_funds,0,231,active,2.2,netbanking,starter,3.4,1,1
15323.73,0,0.8879,2,gateway_timeout,2,128,active,9.9,card,regular,1.7,0,0
26514.07,24,0.831,0,authentication_failed,0,21,active,1.1,upi,vip,4.9,0,1
6419.16,5,0.8368,2,gateway_timeout,2,760,active,6.0,card,regular,0.2,1,1
20054.55,4,0.9919,3,insufficient_funds,0,482,active,1.8,card,regular,0.6,0,1
4414.5,9,0.8272,1,card_expired,5,20,canceled,0.1,upi,regular,7.8,0,1
1702.43,10,0.5286,0,card_expired,5,350,active,5.1,card,vip,6.5,0,1
3072.34,2,0.496,2,authentication_failed,5,46,trialing,1.7,upi,regular,5.7,0,0
4701.61,17,0.7358,1,gateway_timeout,0,829,active,1.6,upi,starter,0.5,0,1
579.45,3,0.6812,1,insufficient_funds,0,18,active,13.6,netbanking,regular,0.5,1,0
5068.85,1,0.6454,2,gateway_timeout,1,51,canceled,0.6,card,regular,2.1,0,0
20063.6,4,0.8982,0,authentication_failed,2,371,active,1.9,upi,vip,2.2,1,1
1254.27,12,0.8438,1,insufficient_funds,2,5,active,9.7,card,starter,2.9,1,1
8065.41,31,0.6795,1,insufficient_funds,0,523,active,8.0,card,regular,6.7,0,0
12124.34,15,0.5996,2,network_error,3,76,canceled,5.7,upi,enterprise,13.1,1,1
14585.45,26,0.7292,0,insufficient_funds,1,494,trialing,0.5,upi,enterprise,0.8,0,1
16311.36,1,0.6924,3,insufficient_funds,0,160,active,3.3,card,regular,3.2,0,0
3885.07,0,0.3293,2,card_expired,0,15,past_due,5.5,upi,enterprise,1.4,0,0
19128.69,7,0.6701,5,insufficient_funds,3,195,paused,3.0,upi,starter,10.1,0,1
7279.86,3,0.6945,0,insufficient_funds,0,320,past_due,1.1,card,regular,6.6,0,1
1081.73,16,0.8772,1,authentication_failed,0,192,canceled,5.9,card,regular,3.1,0,1
3439.91,10,0.9045,1,insufficient_funds,3,577,active,3.4,card,starter,16.5,0,1
6535.12,33,0.5507,0,network_error,1,350,past_due,1.4,upi,enterprise,3.4,0,1
1620.71,2,0.9763,1,gateway_timeout,0,34,past_due,8.4,card,enterprise,1.0,1,1
5316.81,6,0.452,1,authentication_failed,4,12,active,0.2,upi,regular,0.1,1,1
5692.07,6,0.624,3,insufficient_funds,0,113,active,3.5,upi,vip,1.0,1,1
1087.86,2,0.728,1,authentication_failed,1,305,active,3.4,upi,starter,30.7,0,1
4363.03,8,0.7298,0,insufficient_funds,1,487,past_due,2.8,card,regular,15.5,1,1
7583.87,5,0.7069,2,insufficient_funds,1,493,active,16.1,card,enterprise,13.7,0,1
3654.7,5,0.9332,1,insufficient_funds,1,18,active,1.7,netbanking,regular,0.3,1,1
260.88,4,0.4963,1,insufficient_funds,0,410,active,1.9,card,starter,0.9,0,1
245.4,0,0.4207,2,card_expired,4,85,active,3.0,card,regular,11.2,0,0
2408.28,7,0.5085,0,network_error,1,627,active,7.4,upi,regular,7.7,1,1
13231.58,3,0.8307,2,insufficient_funds,0,172,active,2.7,upi,regular,5.5,0,1
1498.24,0,0.5894,2,network_error,2,42,paused,5.3,upi,regular,8.2,0,1
5230.58,3,0.385,1,authentication_failed,0,1234,trialing,8.1,upi,starter,4.5,1,1
1455.63,3,0.766,2,insufficient_funds,3,58,unpaid,1.8,upi,vip,3.7,1,1
2140.61,4,0.7388,2,authentication_failed,1,80,active,11.1,card,regular,0.7,0,0
9620.76,1,0.5978,5,insufficient_funds,0,188,active,4.2,upi,regular,6.2,0,1
6725.63,6,0.5494,0,insufficient_funds,0,7,paused,17.1,card,enterprise,3.2,1,0
701.31,11,0.6956,1,insufficient_funds,4,438,canceled,0.1,card,starter,18.3,1,1
2999.22,9,0.7309,0,network_error,0,151,past_due,2.6,card,regular,0.5,1,1
348.02,15,0.4191,0,network_error,1,109,active,0.1,netbanking,starter,3.8,1,1
3478.2,5,0.8539,0,insufficient_funds,0,145,active,2.0,upi,regular,3.6,0,1
5629.97,6,0.7244,3,insufficient_funds,2,871,active,6.0,wallet,vip,11.3,1,1
830.67,15,0.6268,2,insufficient_funds,2,170,active,3.3,card,enterprise,5.0,0,1
1904.61,5,0.8932,0,insufficient_funds,2,350,active,3.1,upi,regular,0.9,1,1
2736.13,11,0.8858,3,authentication_failed,0,4,active,1.0,card,starter,4.5,0,1
12799.42,5,0.8037,1,insufficient_funds,2,353,active,6.6,netbanking,starter,7.4,0,1
25194.78,5,0.44,1,authentication_failed,0,25,active,6.4,upi,regular,0.2,1,1
429.76,13,0.8935,0,insufficient_funds,0,395,trialing,0.8,card,regular,6.1,1,1
7356.62,1,0.9475,1,authentication_failed,1,627,unpaid,0.2,upi,starter,0.3,1,1
2523.88,3,0.881,4,authentication_failed,1,67,active,11.4,card,starter,3.5,0,0
2691.67,2,0.737,1,authentication_failed,0,82,unpaid,5.3,upi,regular,1.0,1,0
7217.51,4,0.7024,5,insufficient_funds,0,413,past_due,1.4,netbanking,enterprise,3.7,1,1
12731.25,2,0.7232,2,insufficient_funds,0,384,active,0.7,card,enterprise,3.4,1,1
15272.39,8,0.4634,2,insufficient_funds,0,394,active,3.4,upi,enterprise,5.1,0,1
4503.36,15,0.7794,7,gateway_timeout,1,413,unpaid,8.6,upi,enterprise,8.1,1,1
2409.0,14,0.8498,1,insufficient_funds,1,106,active,0.8,netbanking,regular,6.0,0,1
7945.22,4,0.6731,0,insufficient_funds,3,751,active,0.4,upi,regular,5.0,0,0
1645.09,42,0.7643,3,gateway_timeout,0,572,active,0.2,wallet,enterprise,4.0,0,1
4351.41,8,0.748,3,card_expired,0,35,past_due,1.7,netbanking,enterprise,7.6,0,0
2420.34,4,0.8073,1,gateway_timeout,2,11,trialing,2.1,upi,enterprise,14.0,0,1
5544.75,17,0.6097,0,insufficient_funds,1,626,active,12.9,card,regular,1.9,1,0
1574.81,12,0.2473,2,insufficient_funds,0,61,past_due,1.4,upi,regular,0.9,0,1
1263.45,13,0.7986,3,network_error,2,338,canceled,5.4,upi,regular,3.8,0,1
12719.78,2,0.7432,2,insufficient_funds,0,272,past_due,6.7,card,enterprise,4.4,0,1
736.83,5,0.7787,3,insufficient_funds,0,323,active,2.2,upi,enterprise,2.2,0,1
3725.67,18,0.3706,1,authentication_failed,0,241,active,0.9,upi,enterprise,3.2,1,1
1447.78,6,0.8752,1,authentication_failed,1,85,past_due,2.9,netbanking,enterprise,11.4,0,0
398.54,10,0.8626,1,insufficient_funds,1,226,active,3.1,upi,regular,1.5,0,1
383.42,8,0.7481,1,card_expired,2,190,trialing,5.4,card,regular,14.8,0,0
1163.2,17,0.6513,1,card_expired,0,92,active,0.9,card,regular,2.0,0,1
10278.4,3,0.7546,1,insufficient_funds,0,107,active,5.6,card,regular,1.0,0,1
1859.76,8,0.7583,3,card_expired,1,261,active,1.4,card,regular,1.8,1,1
15224.79,1,0.1886,2,insufficient_funds,0,452,past_due,0.4,wallet,enterprise,11.6,0,0
4556.85,11,0.7857,3,insufficient_funds,2,226,active,1.6,card,regular,4.4,0,1
3068.95,12,0.5037,2,authentication_failed,0,144,past_due,0.6,card,regular,0.9,0,0
4538.56,0,0.7057,1,network_error,1,33,trialing,14.0,netbanking,starter,14.2,0,1
3835.57,10,0.759,1,authentication_failed,3,5,active,5.7,card,regular,12.6,1,0
7310.15,5,0.8767,3,insufficient_funds,0,23,past_due,1.8,card,starter,8.2,1,1
1859.88,1,0.5652,0,authentication_failed,2,18,canceled,2.2,netbanking,regular,1.6,0,1
2377.43,5,0.6121,1,insufficient_funds,1,46,active,1.8,upi,enterprise,9.8,1,1
11426.03,2,0.7242,1,network_error,0,586,canceled,1.3,card,vip,4.6,0,1
14836.31,5,0.8111,1,network_error,2,41,active,18.2,card,starter,7.3,0,1
11354.03,4,0.8972,1,gateway_timeout,0,54,active,0.6,card,starter,2.4,0,1
2918.88,12,0.4926,0,insufficient_funds,1,238,active,0.8,upi,enterprise,2.7,0,1
7778.95,14,0.8994,0,authentication_failed,0,194,past_due,0.8,card,enterprise,0.8,0,1
3434.52,8,0.4185,2,insufficient_funds,1,453,active,6.1,upi,regular,1.8,1,1
3641.19,0,0.7403,0,network_error,0,66,active,3.3,upi,regular,2.1,1,1
1345.05,25,0.6643,2,insufficient_funds,2,166,unpaid,0.5,upi,enterprise,1.5,1,0
4671.79,11,0.7075,1,insufficient_funds,1,29,active,1.4,upi,starter,1.7,0,0
1229.81,0,0.6509,0,authentication_failed,0,222,active,2.8,netbanking,regular,3.2,1,1
2214.08,16,0.6511,3,card_expired,1,231,active,7.4,netbanking,vip,5.3,1,1
9856.15,2,0.3647,2,gateway_timeout,0,471,past_due,0.8,card,vip,0.5,0,1
1360.14,8,0.6852,0,network_error,0,101,active,0.3,upi,regular,1.1,0,1
569.08,5,0.907,1,insufficient_funds,0,89,active,9.8,upi,regular,0.5,0,1
557.52,5,0.9424,4,insufficient_funds,5,761,paused,2.5,upi,starter,6.9,0,0
14332.86,20,0.6079,2,authentication_failed,0,150,active,21.1,netbanking,regular,11.2,1,1
3735.42,5,0.5856,5,insufficient_funds,1,86,trialing,0.5,upi,regular,7.9,0,0
2833.18,0,0.7424,2,insufficient_funds,0,233,active,1.4,card,starter,3.5,0,0
8526.83,27,0.4644,3,gateway_timeout,0,39,active,0.8,netbanking,starter,0.6,0,1
9234.14,24,0.818,1,authentication_failed,0,123,past_due,7.4,upi,regular,7.1,1,1
2218.77,10,0.6355,2,insufficient_funds,3,154,canceled,0.4,card,starter,30.3,0,0
6114.61,5,0.8244,2,authentication_failed,0,538,past_due,5.8,upi,enterprise,6.3,0,1
7572.85,0,0.3116,3,network_error,2,325,past_due,2.6,netbanking,regular,0.2,1,0
5515.99,14,0.9166,0,insufficient_funds,1,125,active,7.9,netbanking,regular,2.7,1,1
1021.99,0,0.6564,0,authentication_failed,1,157,active,0.4,wallet,regular,1.4,0,0
10632.66,0,0.9048,0,insufficient_funds,5,713,active,0.6,upi,regular,10.1,0,1
4072.81,7,0.6107,2,authentication_failed,3,454,unpaid,7.7,wallet,regular,5.1,0,0
1859.72,1,0.3915,0,network_error,0,32,active,2.9,card,starter,14.3,1,1
2968.91,0,0.5756,3,gateway_timeout,1,112,active,1.5,card,regular,9.0,0,1
391.48,5,0.671,2,insufficient_funds,0,156,active,1.4,upi,enterprise,6.7,1,1
884.07,1,0.8871,3,insufficient_funds,1,57,past_due,2.0,card,vip,2.2,0,0
7452.5,1,0.6137,2,insufficient_funds,0,35,active,2.8,card,vip,2.0,0,1
200.06,0,0.7049,1,card_expired,1,96,active,0.2,card,enterprise,7.7,0,1
2894.12,2,0.7296,1,authentication_failed,4,271,active,0.2,card,starter,10.5,1,1
3896.06,11,0.8441,2,insufficient_funds,1,798,unpaid,3.0,netbanking,regular,0.5,0,1
480.92,15,0.5287,4,insufficient_funds,0,926,active,1.4,netbanking,starter,1.9,0,1
18274.09,5,0.7673,0,insufficient_funds,2,522,trialing,3.3,netbanking,regular,1.1,0,1
1481.73,6,0.9129,1,insufficient_funds,0,311,canceled,7.2,card,enterprise,0.2,1,1
2013.46,0,0.5881,2,gateway_timeout,0,20,past_due,1.4,upi,regular,0.0,0,1
2011.62,0,0.7267,1,gateway_timeout,1,4,active,4.1,card,enterprise,2.5,1,1
1509.53,2,0.5361,0,insufficient_funds,2,7,past_due,3.1,upi,enterprise,2.2,1,1
207.37,7,0.8443,1,gateway_timeout,1,27,active,1.2,netbanking,starter,5.2,1,1
6734.55,12,0.6216,1,authentication_failed,4,156,unpaid,4.0,card,regular,0.1,1,0
17232.88,8,0.5783,1,authentication_failed,1,5,past_due,12.0,upi,regular,15.2,0,1
1469.91,4,0.8572,0,gateway_timeout,1,110,active,6.4,upi,regular,9.9,0,1
5639.06,1,0.9313,4,insufficient_funds,0,759,trialing,0.2,card,enterprise,0.5,0,1
6971.97,14,0.9314,3,card_expired,0,206,active,1.0,netbanking,starter,14.9,1,1
9633.39,4,0.7697,1,insufficient_funds,0,233,active,1.7,card,vip,18.9,1,1
2946.35,12,0.8073,0,insufficient_funds,4,169,active,7.2,wallet,enterprise,0.0,1,1
2004.35,6,0.5418,2,insufficient_funds,1,1000,past_due,3.9,netbanking,starter,4.3,0,1
2167.4,12,0.8571,0,card_expired,1,46,past_due,4.1,card,regular,1.0,1,1
6434.77,22,0.9201,1,card_expired,0,928,unpaid,3.2,netbanking,regular,13.2,1,1
8685.32,24,0.7098,3,insufficient_funds,0,158,active,1.0,card,regular,8.3,1,1
1202.11,7,0.6675,3,authentication_failed,0,649,trialing,0.5,netbanking,regular,0.3,0,1
2517.65,6,0.3976,2,insufficient_funds,0,256,active,0.9,upi,regular,21.1,1,1
11810.89,2,0.8427,2,insufficient_funds,3,57,past_due,2.9,upi,regular,5.2,1,1
8417.39,26,0.5512,6,authentication_failed,1,398,active,5.2,upi,regular,3.9,0,1
21151.55,5,0.9299,0,insufficient_funds,2,36,active,13.7,card,starter,3.4,0,1
7217.17,1,0.876,1,gateway_timeout,1,418,active,19.2,upi,starter,11.4,1,1
2697.74,5,0.4658,0,card_expired,0,9,active,0.3,upi,enterprise,7.9,1,1
4665.78,1,0.8716,1,insufficient_funds,1,39,trialing,17.4,upi,regular,2.6,0,1
5608.99,6,0.5029,1,authentication_failed,0,112,past_due,1.8,card,regular,3.6,0,1
608.52,7,0.6613,0,authentication_failed,4,17,active,21.6,card,enterprise,0.8,1,0
4131.76,3,0.7239,0,insufficient_funds,0,427,active,4.9,card,regular,10.8,1,1
6377.68,0,0.3333,3,card_expired,0,151,active,6.4,card,regular,0.5,0,0
1115.54,27,0.8918,4,network_error,0,242,unpaid,7.7,card,starter,5.0,1,1
7785.02,14,0.5242,0,gateway_timeout,3,27,active,0.7,card,regular,1.2,1,1
4582.62,17,0.7777,0,authentication_failed,0,2,active,2.3,upi,regular,2.3,1,1
15405.93,4,0.9556,2,insufficient_funds,0,996,active,1.2,card,regular,4.8,1,0
416.74,13,0.7237,2,insufficient_funds,1,39,trialing,0.5,wallet,regular,2.8,0,1
1741.64,6,0.8234,2,gateway_timeout,0,444,past_due,0.9,card,regular,5.2,1,1
4800.91,2,0.6418,0,insufficient_funds,1,256,active,0.3,netbanking,regular,4.5,1,1
1958.86,1,0.8363,1,gateway_timeout,1,410,active,1.9,card,regular,0.4,0,0
6466.24,4,0.8629,1,authentication_failed,0,231,past_due,1.0,card,regular,4.8,0,1
7314.9,1,0.9598,1,insufficient_funds,2,124,past_due,2.4,card,regular,2.9,0,0
740.8,60,0.4619,0,card_expired,1,189,active,2.2,upi,regular,2.5,0,1
3806.24,0,0.7591,1,authentication_failed,2,192,active,3.7,upi,regular,1.8,0,0
3755.44,5,0.6482,0,insufficient_funds,0,50,active,12.8,card,regular,6.9,1,1
2504.47,5,0.8533,0,insufficient_funds,1,255,active,12.3,upi,regular,1.6,1,1
13709.71,3,0.8787,1,insufficient_funds,1,49,active,8.5,upi,regular,0.7,0,0
8986.97,8,0.832,2,network_error,0,196,past_due,1.3,card,regular,14.4,1,0
6173.57,1,0.8278,3,card_expired,2,279,active,8.7,upi,enterprise,0.8,0,1
6464.53,14,0.7383,2,gateway_timeout,0,418,active,0.3,card,enterprise,0.5,1,1
3296.85,3,0.95,1,authentication_failed,1,196,active,4.2,card,regular,7.4,0,0
12891.19,8,0.5908,2,card_expired,4,239,active,4.2,wallet,enterprise,1.5,1,0
6130.59,11,0.7942,1,gateway_timeout,2,325,active,0.5,netbanking,regular,2.0,1,1
6727.83,20,0.7704,1,authentication_failed,2,113,active,3.4,card,regular,17.1,0,1
10091.32,17,0.8256,2,gateway_timeout,0,12,canceled,0.6,upi,regular,2.5,0,1
1801.52,8,0.9537,1,insufficient_funds,2,88,active,12.8,netbanking,regular,1.4,0,1
8427.16,4,0.5767,0,card_expired,0,32,active,2.5,wallet,regular,1.4,1,1
1286.06,6,0.6793,2,insufficient_funds,0,357,past_due,6.6,upi,vip,2.2,1,1
2318.21,13,0.6692,4,network_error,1,421,active,2.7,netbanking,enterprise,8.4,1,1
2244.43,19,0.703,1,insufficient_funds,0,867,past_due,0.8,upi,regular,1.7,0,1
19404.44,1,0.9252,1,insufficient_funds,0,231,active,0.5,card,regular,14.5,1,1
9908.4,4,0.9237,1,gateway_timeout,3,162,active,1.7,netbanking,starter,2.6,1,1
6239.4,14,0.8518,0,insufficient_funds,1,708,active,11.2,upi,vip,1.1,1,1
6692.46,5,0.831,1,network_error,1,630,active,0.2,card,enterprise,0.9,1,1
4328.51,3,0.5874,0,gateway_timeout,3,257,active,1.6,netbanking,enterprise,3.1,1,1
14895.88,5,0.8474,3,insufficient_funds,2,372,canceled,2.9,card,regular,12.0,0,0
3628.46,8,0.7433,1,card_expired,1,56,active,2.9,upi,starter,3.3,1,0
2594.36,81,0.6471,0,insufficient_funds,2,181,past_due,1.0,upi,enterprise,1.5,1,0
1089.87,6,0.4804,0,insufficient_funds,3,105,active,2.0,card,regular,4.9,1,1
7913.7,2,0.4341,2,insufficient_funds,0,434,trialing,0.2,card,starter,0.3,0,0
6829.65,1,0.6818,2,insufficient_funds,0,553,active,6.1,wallet,regular,5.7,0,1
2625.42,0,0.6962,4,card_expired,2,129,active,10.8,upi,regular,7.5,0,1
327.58,7,0.5839,3,insufficient_funds,0,163,active,2.9,card,regular,1.3,1,0
9331.67,7,0.8044,0,authentication_failed,0,66,trialing,5.6,card,starter,1.2,0,1
257.42,2,0.3632,2,card_expired,1,527,active,3.8,card,regular,11.7,0,0
6281.91,11,0.5978,4,insufficient_funds,1,38,active,1.4,card,enterprise,3.0,0,1
17775.83,12,0.7616,3,network_error,2,623,past_due,6.3,upi,starter,0.8,0,1
3078.25,2,0.7407,1,gateway_timeout,0,241,active,2.5,upi,regular,0.2,1,1
1539.22,4,0.6124,1,insufficient_funds,1,71,past_due,10.6,wallet,regular,8.0,1,0
6301.71,44,0.5281,5,authentication_failed,3,139,past_due,3.7,card,vip,0.5,1,1
8694.85,4,0.6651,1,card_expired,3,27,active,1.6,card,starter,3.0,1,0
4153.03,13,0.644,1,card_expired,1,226,active,8.6,upi,regular,1.6,1,1
17261.59,5,0.663,4,gateway_timeout,0,412,active,3.9,upi,enterprise,9.5,0,1
465.26,14,0.7143,1,network_error,1,264,past_due,2.0,upi,enterprise,3.7,1,1
3713.92,13,0.9702,3,authentication_failed,0,46,active,5.0,card,enterprise,6.9,0,1
6537.3,10,0.7221,0,insufficient_funds,5,201,active,7.8,card,regular,6.7,0,1
10125.77,18,0.5763,0,insufficient_funds,5,440,past_due,0.1,upi,regular,4.0,1,1
1187.72,26,0.8034,1,authentication_failed,0,493,trialing,1.4,card,regular,2.6,1,1
8247.28,8,0.5066,2,card_expired,1,342,active,1.0,upi,enterprise,6.9,1,1
4222.71,2,0.8953,2,insufficient_funds,3,114,past_due,1.5,upi,enterprise,8.0,1,1
2725.49,4,0.7112,0,insufficient_funds,0,973,unpaid,7.2,upi,regular,9.3,0,0
906.18,13,0.5825,1,network_error,1,425,active,2.2,card,regular,8.2,1,1
10223.37,9,0.6732,0,gateway_timeout,0,461,canceled,1.7,card,regular,8.7,1,0
1055.56,1,0.8857,1,insufficient_funds,1,475,unpaid,3.5,upi,regular,8.8,1,1
2053.78,0,0.7987,2,card_expired,0,330,active,1.2,upi,regular,9.8,0,1
1912.77,10,0.5171,1,insufficient_funds,1,176,active,4.3,upi,regular,2.6,0,1
10455.79,2,0.6785,1,gateway_timeout,1,148,active,0.1,upi,regular,5.6,1,1
5784.44,6,0.5775,2,insufficient_funds,0,358,active,1.7,card,regular,19.9,0,1
8164.91,13,0.4102,2,authentication_failed,0,167,canceled,2.6,card,regular,0.2,0,0
1641.53,7,0.8902,1,authentication_failed,1,577,past_due,3.0,card,regular,4.0,1,1
5102.47,0,0.7344,2,gateway_timeout,0,65,trialing,0.3,netbanking,regular,0.2,0,1
4440.19,1,0.8405,0,network_error,4,378,active,7.1,wallet,regular,4.3,0,0
9143.73,2,0.8566,1,gateway_timeout,0,69,active,2.0,card,starter,10.2,1,1
12026.94,2,0.9637,1,insufficient_funds,1,159,paused,2.4,card,regular,7.6,1,1
261.16,7,0.8305,3,card_expired,0,23,active,12.4,upi,regular,6.7,0,0
5804.6,6,0.4615,3,insufficient_funds,1,172,unpaid,5.0,upi,starter,0.9,1,0
466.14,2,0.8845,1,gateway_timeout,0,188,canceled,4.9,upi,enterprise,4.0,0,1
4179.87,0,0.5439,3,authentication_failed,1,50,active,3.3,netbanking,regular,2.4,1,0
1895.81,1,0.8844,1,insufficient_funds,2,99,active,12.3,card,enterprise,1.5,0,1
2032.01,39,0.7396,1,gateway_timeout,2,60,trialing,17.8,netbanking,enterprise,10.2,0,0
2376.72,5,0.773,3,insufficient_funds,4,141,active,1.7,netbanking,regular,2.9,1,1
5054.96,19,0.7646,1,card_expired,0,254,active,3.6,upi,vip,0.7,1,1
2232.7,17,0.9009,1,insufficient_funds,1,39,active,0.1,card,regular,7.5,0,1
6796.9,6,0.8155,4,card_expired,1,126,past_due,5.9,upi,regular,0.9,1,1
2792.0,11,0.2901,0,insufficient_funds,1,198,unpaid,8.3,upi,regular,3.8,1,0
554.01,2,0.5494,2,gateway_timeout,2,400,active,3.3,netbanking,regular,5.2,1,1
7856.83,11,0.9645,0,network_error,1,244,unpaid,0.7,card,vip,10.1,1,0
1882.67,3,0.5307,3,gateway_timeout,0,434,trialing,2.1,upi,regular,3.7,1,1
3034.92,16,0.6351,2,insufficient_funds,0,19,active,4.0,upi,vip,0.2,0,1
5982.96,0,0.9657,0,gateway_timeout,3,52,past_due,8.2,card,vip,5.5,0,0
2220.75,14,0.8341,2,gateway_timeout,1,650,past_due,4.0,upi,starter,2.0,1,1
491.25,0,0.625,4,network_error,1,272,active,5.2,card,starter,1.9,0,1
2541.39,20,0.7583,1,insufficient_funds,0,133,trialing,2.8,upi,regular,0.8,1,1
14652.23,3,0.665,0,network_error,0,113,canceled,3.0,card,enterprise,2.6,1,1
5332.4,10,0.6498,0,gateway_timeout,0,345,active,0.9,wallet,regular,4.7,0,1
5765.77,6,0.6239,1,insufficient_funds,0,546,trialing,2.4,card,regular,0.0,0,1
5202.2,4,0.785,1,authentication_failed,3,191,trialing,2.5,card,regular,4.1,1,1
1309.42,9,0.6688,0,gateway_timeout,0,36,active,0.2,card,regular,15.0,1,1
2909.29,27,0.8677,1,insufficient_funds,0,507,past_due,7.3,wallet,enterprise,7.2,0,0
7150.3,0,0.6723,0,insufficient_funds,1,129,active,3.9,card,starter,2.3,0,1
734.44,23,0.5013,1,card_expired,1,556,active,0.3,card,regular,10.6,0,0
1827.63,8,0.6375,2,insufficient_funds,3,367,active,9.7,card,regular,5.8,1,1
1817.02,15,0.8601,1,authentication_failed,2,99,past_due,3.6,card,regular,1.1,0,1
3028.34,4,0.7016,3,authentication_failed,2,30,unpaid,2.0,wallet,regular,8.3,1,0
19853.16,6,0.5021,0,insufficient_funds,4,179,active,0.7,netbanking,regular,6.3,0,0
549.44,19,0.8029,0,insufficient_funds,0,22,active,1.5,card,vip,3.3,1,1
3856.33,5,0.6345,2,network_error,1,440,active,2.2,upi,starter,0.4,0,1
1188.38,7,0.7291,2,insufficient_funds,1,15,active,3.7,card,regular,0.7,0,0
17846.84,0,0.5986,2,insufficient_funds,1,715,active,10.2,upi,regular,4.6,0,1
801.26,1,0.39,2,network_error,0,172,active,0.1,netbanking,vip,1.8,1,0
2784.23,9,0.6273,1,insufficient_funds,3,165,active,1.7,wallet,enterprise,4.5,1,1
6894.86,11,0.8435,0,insufficient_funds,3,463,active,1.3,card,starter,0.5,0,1
6296.35,8,0.941,0,authentication_failed,2,198,active,6.7,card,starter,6.9,0,1
2947.21,1,0.8431,3,network_error,0,138,past_due,2.3,card,enterprise,15.0,1,1
2327.25,5,0.953,1,insufficient_funds,0,58,paused,4.5,upi,regular,2.9,0,1
2734.27,4,0.7819,1,authentication_failed,1,327,past_due,4.4,card,regular,14.4,0,0
1734.5,6,0.7004,1,card_expired,1,174,active,0.2,card,vip,2.4,1,1
1349.16,19,0.6245,0,gateway_timeout,1,177,active,1.5,upi,regular,3.7,0,1
3498.95,14,0.953,2,network_error,0,74,past_due,9.5,upi,regular,14.8,0,1
1763.52,0,0.6123,0,authentication_failed,2,39,active,5.3,card,enterprise,3.8,0,1
1894.61,20,0.8077,0,insufficient_funds,1,96,active,9.8,wallet,regular,2.5,1,1
5546.57,6,0.608,1,insufficient_funds,0,410,active,3.6,upi,regular,1.0,1,1
17494.77,12,0.9282,1,network_error,4,247,active,4.4,netbanking,regular,16.5,0,0
4827.13,1,0.8859,3,card_expired,0,109,active,11.0,card,starter,0.9,0,0
600.52,10,0.7088,4,card_expired,0,88,canceled,6.7,upi,regular,4.3,1,1
592.96,2,0.7262,1,insufficient_funds,1,1,active,1.5,card,regular,14.7,1,1
15323.05,5,0.7816,2,authentication_failed,1,8,unpaid,3.7,card,vip,0.1,0,1
1964.06,0,0.6839,3,insufficient_funds,1,164,trialing,0.2,upi,enterprise,1.2,1,1
682.92,1,0.4566,1,authentication_failed,0,75,active,9.2,card,enterprise,2.0,1,0
4769.53,0,0.7178,3,insufficient_funds,3,691,active,8.6,upi,starter,7.1,1,1
5086.16,2,0.7899,1,insufficient_funds,1,204,active,1.2,card,enterprise,0.7,0,1
5427.8,1,0.9873,1,insufficient_funds,3,581,past_due,1.1,card,starter,8.3,0,1
1755.79,11,0.6248,1,card_expired,3,57,active,4.6,upi,regular,2.1,1,1
276.13,0,0.7007,1,insufficient_funds,2,33,active,0.1,upi,regular,9.2,1,1
16964.23,9,0.7118,1,network_error,0,448,unpaid,2.1,upi,enterprise,13.8,0,1
1644.37,1,0.6625,0,authentication_failed,0,236,active,1.4,wallet,regular,2.2,1,1
5835.46,27,0.9271,2,insufficient_funds,0,309,unpaid,0.3,upi,starter,5.4,0,1
6331.6,25,0.6518,0,network_error,1,201,active,1.4,card,regular,2.0,0,1
4908.14,2,0.9177,2,insufficient_funds,1,111,past_due,1.6,card,regular,2.7,1,1
2076.43,9,0.4192,5,insufficient_funds,0,86,active,6.9,upi,regular,2.2,1,1
1781.07,0,0.6577,2,insufficient_funds,3,26,trialing,6.7,card,regular,2.0,1,0
4752.39,25,0.7996,1,card_expired,0,21,canceled,8.1,card,regular,3.2,1,0
10253.15,7,0.6432,2,insufficient_funds,2,150,active,0.5,upi,enterprise,0.0,0,0
14862.26,0,0.6836,0,card_expired,2,87,active,0.9,netbanking,vip,1.6,0,1
759.72,3,0.7844,0,insufficient_funds,0,217,trialing,0.7,netbanking,regular,5.7,1,1
1041.08,0,0.5423,3,network_error,2,309,active,3.8,upi,regular,1.4,0,0
14678.19,4,0.9367,1,card_expired,0,266,active,1.3,upi,regular,1.3,1,1
6869.18,10,0.6053,1,authentication_failed,2,537,active,6.6,upi,regular,1.7,0,1
10927.64,6,0.8715,1,insufficient_funds,1,332,active,11.4,card,regular,18.1,0,1
1332.2,4,0.7434,6,insufficient_funds,1,126,active,0.1,upi,regular,3.7,0,1
4628.64,1,0.748,2,insufficient_funds,1,112,past_due,2.5,upi,starter,7.0,1,1
6238.89,2,0.4244,2,gateway_timeout,1,16,active,14.8,netbanking,regular,0.8,1,1
5898.92,1,0.832,1,insufficient_funds,0,201,past_due,3.3,card,regular,1.7,0,1
2822.52,15,0.5601,0,insufficient_funds,1,284,active,6.3,card,regular,7.4,0,1
277.57,1,0.824,1,insufficient_funds,0,96,past_due,3.1,card,regular,5.9,0,1
4572.46,8,0.8686,0,authentication_failed,3,469,active,5.5,upi,starter,6.5,1,1
1659.13,3,0.5433,3,insufficient_funds,0,113,canceled,0.7,netbanking,regular,2.9,0,0
3191.5,2,0.5669,1,authentication_failed,1,111,trialing,4.4,upi,starter,8.1,0,1
16000.8,9,0.9309,1,gateway_timeout,1,96,active,6.7,netbanking,enterprise,6.4,1,1
2746.1,5,0.6035,0,authentication_failed,1,25,trialing,5.3,card,regular,4.7,0,1
9356.71,4,0.6434,1,insufficient_funds,0,1255,active,1.5,wallet,regular,6.8,1,1
1244.6,8,0.428,4,insufficient_funds,1,166,active,1.6,wallet,regular,3.0,0,0
5780.73,6,0.8701,0,insufficient_funds,2,702,active,14.9,card,starter,1.0,1,1
19062.82,3,0.8777,0,card_expired,0,214,active,10.2,upi,enterprise,10.5,1,1
737.33,7,0.6347,4,insufficient_funds,0,508,active,2.9,card,regular,5.1,0,1
241.77,10,0.2054,0,insufficient_funds,0,231,active,4.7,card,starter,1.4,1,1
3042.12,0,0.6916,1,network_error,1,262,active,6.7,card,regular,11.4,0,0
686.0,5,0.586,1,card_expired,1,753,active,3.6,netbanking,regular,14.0,0,1
7099.26,0,0.7066,5,insufficient_funds,0,359,active,0.3,upi,enterprise,2.7,0,1
12499.04,1,0.6103,0,insufficient_funds,3,50,past_due,2.6,card,regular,4.6,1,1
3045.99,7,0.7189,1,insufficient_funds,0,269,active,7.4,upi,vip,9.1,1,1
1696.83,19,0.6292,2,gateway_timeout,0,104,canceled,1.6,card,regular,5.8,1,1
3049.37,20,0.8046,0,insufficient_funds,2,131,active,2.8,card,starter,2.7,0,1
6626.78,0,0.3838,1,insufficient_funds,4,508,active,0.9,upi,regular,0.3,0,0
245.48,5,0.764,1,network_error,0,480,active,6.9,card,enterprise,2.4,0,1
4651.34,8,0.5797,0,insufficient_funds,2,109,canceled,0.9,card,vip,21.9,0,1
4950.42,1,0.4102,1,insufficient_funds,1,596,active,5.4,card,regular,1.5,0,0
5276.25,13,0.5691,1,card_expired,4,161,canceled,4.1,upi,vip,4.3,1,1
1585.51,12,0.7984,0,authentication_failed,1,84,active,11.0,upi,enterprise,0.9,0,1
6459.74,22,0.4183,0,gateway_timeout,1,12,active,3.6,upi,vip,3.5,1,1
679.2,0,0.7694,1,network_error,0,93,past_due,4.7,wallet,enterprise,5.9,0,1
1311.16,2,0.6006,0,network_error,0,364,past_due,20.2,wallet,enterprise,7.6,0,1
10697.0,16,0.805,1,insufficient_funds,1,164,active,1.6,card,regular,5.0,1,1
6910.87,10,0.465,1,insufficient_funds,1,61,active,1.1,card,regular,0.3,0,1
269.2,21,0.6544,1,insufficient_funds,1,163,trialing,1.7,upi,regular,3.6,0,1
1627.6,0,0.8399,2,insufficient_funds,2,600,active,4.7,upi,regular,2.8,1,1
1406.58,8,0.5393,3,gateway_timeout,0,87,active,2.6,card,enterprise,1.3,1,1
1779.08,7,0.8769,2,insufficient_funds,1,291,trialing,3.9,card,regular,9.4,0,0
1622.17,0,0.5367,3,card_expired,0,36,active,14.0,card,regular,4.0,0,0
522.83,6,0.2126,0,authentication_failed,1,517,active,3.1,netbanking,enterprise,6.3,1,1
3271.13,8,0.9033,0,insufficient_funds,0,178,active,4.4,upi,enterprise,12.6,1,1
6797.54,2,0.6183,1,insufficient_funds,1,84,active,0.7,card,regular,0.8,1,1
4866.32,3,0.866,1,gateway_timeout,2,479,active,1.6,upi,regular,8.1,1,1
5787.01,9,0.8217,1,insufficient_funds,1,39,active,6.7,upi,starter,4.1,0,1
623.16,5,0.8427,3,gateway_timeout,0,109,active,0.1,card,enterprise,2.5,1,1
15330.0,18,0.9187,1,insufficient_funds,0,47,active,3.8,card,regular,9.6,0,1
9316.0,3,0.841,0,card_expired,0,513,unpaid,5.8,upi,starter,0.0,1,1
8376.09,2,0.7892,3,insufficient_funds,3,145,active,1.6,card,regular,4.5,0,0
8857.57,39,0.5167,3,insufficient_funds,0,87,unpaid,1.4,netbanking,enterprise,7.8,0,1
13693.76,22,0.7152,1,authentication_failed,0,485,active,1.0,netbanking,regular,4.7,0,1
4129.1,0,0.7948,0,gateway_timeout,3,585,past_due,5.7,card,vip,5.1,0,1
1317.48,13,0.5654,1,insufficient_funds,3,26,active,16.2,upi,enterprise,9.7,0,0
4995.78,1,0.7189,2,network_error,4,231,active,4.9,netbanking,regular,0.2,1,1
6991.09,0,0.8674,1,insufficient_funds,1,203,active,5.9,netbanking,enterprise,0.4,1,1
6895.48,3,0.5314,1,insufficient_funds,1,449,active,1.5,card,regular,9.7,1,1
3884.96,2,0.6329,1,insufficient_funds,0,176,past_due,4.9,card,starter,1.0,0,1
554.57,16,0.7232,1,card_expired,0,25,trialing,3.9,upi,regular,3.0,0,1
2519.02,11,0.65,3,insufficient_funds,1,898,active,0.6,netbanking,regular,0.2,1,1
12876.79,37,0.2731,2,authentication_failed,0,199,active,4.3,card,starter,0.9,0,1
4590.75,11,0.852,0,insufficient_funds,4,253,active,10.9,card,enterprise,0.9,0,1
4064.55,5,0.8024,0,gateway_timeout,1,14,unpaid,2.8,card,regular,8.4,0,1
1765.71,11,0.8669,0,insufficient_funds,0,404,past_due,8.3,wallet,enterprise,3.1,1,1
2497.88,71,0.9135,0,authentication_failed,0,586,active,9.2,card,enterprise,8.1,1,1
11485.48,11,0.8559,1,network_error,0,86,active,0.3,upi,regular,1.6,1,1
5690.01,13,0.9348,2,insufficient_funds,0,85,past_due,7.2,upi,regular,6.4,0,1
7941.41,26,0.6993,4,card_expired,5,57,active,3.0,upi,starter,3.3,1,0
3228.85,1,0.9577,1,insufficient_funds,0,197,canceled,4.1,upi,regular,3.1,0,1
5174.6,11,0.8313,1,insufficient_funds,0,6,active,0.5,upi,regular,6.8,0,1
1627.65,18,0.7109,0,insufficient_funds,3,35,active,0.5,upi,enterprise,2.2,0,0
6311.72,29,0.7619,0,authentication_failed,0,237,active,5.1,upi,regular,1.5,0,1
2989.6,2,0.5218,1,insufficient_funds,1,166,unpaid,7.1,netbanking,regular,3.7,0,1
3121.87,6,0.8809,3,insufficient_funds,0,342,active,16.1,upi,enterprise,5.5,1,1
5439.44,10,0.8898,2,authentication_failed,0,340,active,10.5,card,regular,0.2,0,1
13966.33,2,0.7355,3,insufficient_funds,0,143,active,6.7,upi,regular,1.4,0,1
530.73,8,0.5343,5,insufficient_funds,0,282,paused,14.1,upi,enterprise,3.9,1,1
8907.52,2,0.8397,2,card_expired,0,492,active,4.9,wallet,enterprise,4.0,1,1
1929.26,3,0.5414,1,authentication_failed,2,228,canceled,20.4,netbanking,regular,2.8,1,1
3134.21,5,0.7156,1,insufficient_funds,2,864,active,1.9,upi,enterprise,6.6,1,1
310.78,7,0.8304,2,insufficient_funds,1,1266,trialing,0.2,card,regular,5.2,0,1
1990.85,5,0.8896,2,authentication_failed,0,180,active,5.1,netbanking,enterprise,7.2,1,1
3692.12,6,0.5636,1,insufficient_funds,2,76,active,1.1,upi,regular,2.3,0,1
489.08,3,0.7858,1,gateway_timeout,1,388,active,1.9,card,regular,6.3,1,1
3577.48,1,0.6785,1,insufficient_funds,0,48,active,1.3,card,regular,11.4,0,1
13294.06,0,0.9544,2,authentication_failed,3,372,active,0.1,card,vip,3.8,0,1
756.86,2,0.9406,1,insufficient_funds,2,147,trialing,2.8,card,regular,2.7,1,1
7428.96,8,0.5474,2,insufficient_funds,0,378,active,0.3,card,regular,4.5,0,1
2835.38,14,0.6634,0,insufficient_funds,3,89,active,1.0,card,regular,13.4,1,0
5523.57,1,0.7125,4,insufficient_funds,1,152,trialing,2.1,card,regular,15.8,0,1
1707.12,1,0.8797,3,insufficient_funds,3,453,active,2.9,upi,enterprise,3.3,0,1
1068.75,13,0.8927,1,gateway_timeout,2,104,past_due,5.5,upi,regular,5.2,1,1
1074.52,3,0.89,1,insufficient_funds,0,131,active,0.9,card,enterprise,2.3,0,1
565.5,28,0.8484,1,card_expired,0,215,active,2.7,wallet,enterprise,2.2,0,1
1226.8,11,0.8423,3,gateway_timeout,0,257,active,4.5,netbanking,vip,3.4,0,1
5656.49,3,0.7307,5,insufficient_funds,2,53,active,3.8,card,enterprise,3.3,0,1
10872.26,3,0.8891,2,authentication_failed,1,237,active,0.7,upi,regular,8.6,1,1
8613.42,7,0.9689,0,gateway_timeout,0,165,past_due,7.0,card,enterprise,0.4,1,1
5978.05,0,0.7918,1,insufficient_funds,2,391,active,0.1,card,starter,8.1,1,1
785.1,1,0.8515,3,insufficient_funds,1,265,active,2.3,upi,starter,2.6,0,1
1906.73,1,0.4882,1,insufficient_funds,2,173,trialing,1.4,upi,regular,5.3,0,1
2053.92,14,0.5523,0,authentication_failed,2,491,active,0.4,netbanking,regular,7.6,1,1
1638.12,6,0.9125,0,card_expired,1,230,trialing,5.7,netbanking,vip,6.6,0,1
3818.09,0,0.6484,5,insufficient_funds,0,159,active,8.1,netbanking,regular,5.9,0,1
4034.55,10,0.7639,2,insufficient_funds,0,55,active,3.1,upi,regular,10.1,0,1
2407.17,5,0.5753,1,network_error,2,58,active,3.4,upi,regular,0.2,1,1
2383.15,6,0.5003,2,insufficient_funds,3,41,past_due,3.3,card,starter,5.5,1,0
9017.48,2,0.4358,1,insufficient_funds,1,432,active,1.8,netbanking,regular,6.3,1,1
7986.43,7,0.8557,4,gateway_timeout,5,10,trialing,2.9,card,regular,4.3,1,1
2039.37,36,0.6851,1,insufficient_funds,0,866,active,3.2,upi,vip,0.6,0,1
12454.76,0,0.7433,2,insufficient_funds,2,224,active,24.4,card,vip,2.6,1,1
15468.4,3,0.7251,3,network_error,1,30,active,1.6,card,enterprise,4.0,1,1
2178.14,2,0.931,2,authentication_failed,2,418,active,6.1,upi,vip,1.2,0,1
2388.07,2,0.7904,0,insufficient_funds,1,522,unpaid,1.3,upi,regular,10.8,1,0
3722.4,4,0.4004,1,gateway_timeout,0,115,canceled,1.4,card,enterprise,4.2,0,1
14361.34,16,0.4967,2,insufficient_funds,1,113,trialing,0.2,netbanking,enterprise,0.7,1,1
10650.27,23,0.8446,1,network_error,0,469,trialing,0.6,card,vip,0.4,1,1
741.09,2,0.75,0,card_expired,0,167,past_due,2.1,upi,regular,3.1,0,1
2693.92,7,0.7892,1,insufficient_funds,1,180,past_due,6.6,netbanking,regular,0.4,1,1
4230.14,9,0.8735,0,insufficient_funds,5,555,active,3.0,upi,regular,5.2,1,0
3697.16,7,0.8344,0,card_expired,1,35,active,2.3,upi,vip,8.3,0,1
1277.51,5,0.4112,2,network_error,0,541,active,7.3,netbanking,enterprise,5.0,0,1
9988.48,2,0.4276,2,insufficient_funds,1,654,active,5.5,card,regular,0.2,0,1
5849.6,6,0.8996,0,network_error,1,4,paused,2.1,netbanking,enterprise,0.4,0,1
9297.97,4,0.8884,0,insufficient_funds,2,287,unpaid,18.1,card,enterprise,0.6,0,1
9986.63,15,0.5455,3,card_expired,2,83,canceled,6.4,card,regular,11.3,0,0
7098.7,13,0.8629,2,authentication_failed,0,208,past_due,2.1,upi,regular,8.3,0,0
3092.05,1,0.4689,1,authentication_failed,0,262,active,6.7,netbanking,regular,3.8,1,1
4915.06,0,0.4174,0,authentication_failed,1,220,active,3.3,wallet,vip,1.2,1,1
1073.94,22,0.699,2,network_error,0,285,active,0.2,upi,regular,23.0,1,1
5798.85,7,0.5477,0,authentication_failed,0,205,active,5.1,upi,regular,3.2,0,1
1187.7,18,0.8595,0,insufficient_funds,4,339,active,2.0,netbanking,vip,11.9,1,1
6120.03,0,0.8137,1,authentication_failed,0,193,active,5.2,netbanking,enterprise,1.3,0,1
1504.22,7,0.6211,2,insufficient_funds,2,57,active,2.5,upi,regular,5.4,1,1
825.27,7,0.8441,4,insufficient_funds,1,56,active,1.3,netbanking,regular,8.1,0,1
1103.32,18,0.9623,0,insufficient_funds,5,263,canceled,1.4,card,regular,7.7,0,0
209.97,0,0.8851,1,authentication_failed,3,178,active,0.8,upi,regular,4.8,1,1
6542.37,2,0.618,0,authentication_failed,0,111,active,8.9,card,starter,6.2,0,1
6791.33,4,0.8866,3,gateway_timeout,2,210,active,12.3,upi,regular,0.7,1,0
3817.34,19,0.6995,2,insufficient_funds,1,1087,trialing,4.8,upi,regular,1.2,0,1
1079.89,26,0.7467,2,network_error,0,249,active,0.3,netbanking,regular,1.0,0,1
636.26,46,0.8784,2,insufficient_funds,1,296,active,2.7,card,enterprise,4.0,1,1
296.57,30,0.7938,2,insufficient_funds,0,277,paused,0.3,card,vip,3.8,1,1
1106.1,0,0.7605,0,insufficient_funds,0,297,active,1.5,upi,regular,13.0,0,1
11275.41,0,0.7195,2,authentication_failed,1,55,active,0.2,upi,regular,7.1,0,1
1582.31,1,0.7076,3,gateway_timeout,1,36,active,21.6,upi,regular,1.0,0,1
2386.88,4,0.7948,2,insufficient_funds,0,379,active,2.2,upi,regular,0.9,0,1
756.59,16,0.5266,2,gateway_timeout,1,69,active,1.3,wallet,enterprise,1.5,0,1
1457.47,21,0.6294,1,insufficient_funds,0,3,active,0.3,upi,regular,34.9,0,0
3861.78,1,0.3679,2,insufficient_funds,4,89,active,0.6,card,regular,0.9,0,0
4879.31,9,0.7754,0,insufficient_funds,0,156,active,1.0,card,regular,2.4,1,1
1607.52,23,0.5587,3,card_expired,1,79,past_due,2.4,upi,starter,1.9,0,0
497.33,5,0.3164,2,insufficient_funds,1,25,paused,0.6,netbanking,enterprise,0.0,0,1
2679.95,1,0.7778,2,insufficient_funds,0,73,past_due,0.4,upi,enterprise,1.7,0,1
1534.19,5,0.6972,1,card_expired,0,21,trialing,4.5,card,vip,1.2,0,0
1439.45,4,0.8914,2,insufficient_funds,1,193,active,3.6,wallet,regular,18.8,0,1
16277.26,8,0.8623,1,network_error,0,290,active,0.8,card,starter,6.5,1,1
4989.48,5,0.6033,0,insufficient_funds,2,313,trialing,2.8,netbanking,regular,8.2,0,0
4269.56,0,0.8814,0,gateway_timeout,1,390,past_due,1.1,card,vip,9.3,1,1
2887.35,48,0.617,1,insufficient_funds,0,14,active,0.4,upi,regular,1.4,0,1
3001.34,7,0.7765,1,insufficient_funds,4,341,trialing,5.0,upi,regular,11.7,1,0
4092.49,6,0.7776,1,card_expired,0,343,active,3.0,netbanking,enterprise,3.9,0,1
6160.71,29,0.635,4,network_error,0,178,active,3.7,card,enterprise,0.4,0,1
6255.76,1,0.767,1,card_expired,1,230,past_due,0.7,upi,vip,4.7,0,1
1141.86,1,0.8395,1,card_expired,1,283,paused,5.6,card,regular,0.6,1,1
3666.86,15,0.7368,3,authentication_failed,1,172,active,5.9,card,regular,3.9,1,1
2854.79,2,0.7494,0,insufficient_funds,0,1191,unpaid,2.8,card,regular,3.8,1,1
10421.41,15,0.8068,1,insufficient_funds,0,13,paused,8.1,upi,regular,5.2,1,1
5190.47,3,0.6763,2,insufficient_funds,3,31,active,19.3,upi,regular,0.6,0,1
4001.82,0,0.9257,0,insufficient_funds,2,81,active,2.3,upi,regular,10.5,1,0
813.07,6,0.9896,0,network_error,0,213,active,4.7,netbanking,regular,6.8,1,1
4852.43,2,0.8683,0,insufficient_funds,0,642,active,0.1,card,regular,21.4,1,0
823.31,13,0.3187,2,authentication_failed,2,828,active,0.3,card,regular,0.0,0,1
2256.46,9,0.7764,1,network_error,3,816,trialing,2.8,upi,regular,4.4,0,0
970.66,24,0.6947,1,insufficient_funds,0,765,canceled,0.8,card,regular,3.3,0,1
6089.47,14,0.9051,3,gateway_timeout,1,495,active,0.1,upi,vip,2.6,0,1
1354.95,1,0.7087,4,authentication_failed,1,191,active,0.3,card,regular,1.5,0,1
2686.75,15,0.849,1,insufficient_funds,1,280,active,0.4,card,regular,0.7,1,1
11501.21,9,0.8763,2,network_error,2,6,active,10.6,card,regular,18.5,0,0
1342.77,10,0.5647,1,insufficient_funds,1,8,active,4.5,card,regular,10.2,1,1
3744.4,16,0.6492,0,insufficient_funds,1,514,past_due,6.2,wallet,starter,8.5,0,1
2917.36,8,0.8676,2,gateway_timeout,0,115,trialing,0.7,netbanking,regular,0.7,1,1
291.45,5,0.7684,1,insufficient_funds,0,118,past_due,1.6,card,vip,17.6,1,1
8069.34,9,0.927,3,insufficient_funds,2,54,active,0.5,card,regular,2.5,1,1
557.73,3,0.7522,3,network_error,3,76,past_due,8.1,upi,starter,3.3,0,1
3414.7,1,0.5959,2,insufficient_funds,0,310,active,2.4,upi,regular,5.1,1,1
4312.62,9,0.7056,1,authentication_failed,1,496,unpaid,8.7,card,regular,1.9,1,1
5150.04,2,0.7608,0,gateway_timeout,1,119,past_due,4.2,netbanking,vip,3.1,1,0
6033.89,0,0.7985,1,authentication_failed,0,273,trialing,9.9,upi,regular,3.9,0,1
1660.27,0,0.8296,1,insufficient_funds,0,330,active,4.9,card,vip,0.9,0,1
250.14,8,0.766,0,authentication_failed,0,182,past_due,3.2,card,starter,1.6,0,1
6626.7,4,0.8827,2,insufficient_funds,2,128,active,0.1,card,regular,0.5,1,1
4035.65,13,0.5132,3,insufficient_funds,0,231,active,1.5,card,regular,2.6,1,1
9243.03,4,0.6511,0,insufficient_funds,0,208,active,3.9,netbanking,regular,3.2,0,1
8812.71,6,0.6879,2,authentication_failed,0,97,canceled,21.8,card,regular,4.3,0,0
9467.95,4,0.7056,3,insufficient_funds,0,103,active,2.9,wallet,regular,10.0,1,1
3518.86,9,0.9252,3,authentication_failed,2,56,past_due,4.3,card,regular,0.9,0,1
2229.54,4,0.4401,1,insufficient_funds,1,210,paused,10.9,upi,regular,0.4,0,1
8040.48,31,0.5637,4,authentication_failed,0,694,canceled,0.5,card,regular,0.6,0,0
3200.96,26,0.8407,0,insufficient_funds,0,105,past_due,3.1,upi,starter,0.9,1,1
1213.29,17,0.965,2,card_expired,3,279,active,6.2,upi,vip,0.3,0,0
9854.21,24,0.6821,1,network_error,0,434,active,1.9,upi,regular,6.2,0,1
10909.13,5,0.8087,1,authentication_failed,2,838,past_due,3.6,upi,regular,11.3,1,1
3339.7,7,0.452,1,insufficient_funds,1,409,active,4.9,card,regular,9.4,0,1
593.59,12,0.8179,1,network_error,0,26,active,5.8,card,vip,9.3,0,1
2653.69,11,0.8039,4,gateway_timeout,1,20,past_due,1.2,netbanking,enterprise,1.7,0,0
8336.42,21,0.6538,1,card_expired,0,315,trialing,0.9,card,vip,0.4,0,1
11802.42,11,0.7582,1,authentication_failed,3,328,active,10.1,card,regular,9.7,1,1
1337.47,58,0.7018,2,insufficient_funds,0,529,canceled,0.1,upi,regular,9.0,0,1
546.61,4,0.7775,1,authentication_failed,2,390,trialing,6.5,card,regular,0.5,1,1
10692.12,16,0.8943,1,authentication_failed,4,224,active,1.0,upi,enterprise,2.4,0,0
2666.61,11,0.8753,0,insufficient_funds,3,302,active,5.8,card,regular,2.1,0,1
4101.82,11,0.9047,0,card_expired,3,238,past_due,3.1,upi,regular,0.5,0,1
17420.39,3,0.5587,0,insufficient_funds,0,582,active,2.8,netbanking,vip,16.2,0,1
544.42,14,0.9658,2,gateway_timeout,1,150,trialing,1.7,card,enterprise,7.5,0,0
5425.14,21,0.8811,3,card_expired,0,50,active,10.3,card,regular,4.6,0,0
584.97,2,0.7816,1,authentication_failed,1,52,active,0.8,upi,regular,2.3,1,1
2553.77,9,0.6167,0,insufficient_funds,1,6,active,0.2,netbanking,regular,17.8,1,0
8343.47,4,0.564,0,insufficient_funds,0,426,active,3.2,upi,regular,2.2,0,1
3041.15,43,0.7936,1,gateway_timeout,1,220,active,0.4,upi,regular,4.2,0,0
29559.27,6,0.4982,3,authentication_failed,0,156,active,3.4,card,starter,5.0,1,0
4294.22,2,0.7068,2,gateway_timeout,1,341,active,2.9,card,regular,0.6,0,1
2136.86,4,0.6415,2,network_error,0,95,active,4.4,card,regular,5.6,0,1
1443.02,10,0.4743,0,authentication_failed,3,327,canceled,8.1,card,regular,1.0,0,0
2357.92,0,0.5544,3,gateway_timeout,0,487,trialing,1.8,upi,regular,9.2,1,1
2530.32,8,0.7097,1,insufficient_funds,0,240,trialing,3.6,upi,vip,1.5,0,1
555.94,25,0.6426,2,insufficient_funds,0,887,active,2.8,upi,regular,5.7,0,1
2506.8,18,0.7426,0,authentication_failed,1,332,unpaid,0.8,card,regular,0.6,1,0
3320.33,0,0.4264,0,authentication_failed,2,145,active,2.0,card,enterprise,3.9,1,1
6613.96,47,0.6359,3,network_error,2,246,active,2.9,wallet,regular,0.9,1,1
5546.18,11,0.7721,2,authentication_failed,0,33,trialing,0.3,upi,regular,2.9,0,1
6368.14,1,0.7515,0,network_error,0,610,active,0.9,card,starter,5.3,1,1
241.99,0,0.9715,2,gateway_timeout,0,263,paused,2.4,upi,starter,0.6,0,1
1427.38,1,0.7964,3,card_expired,0,133,active,4.0,upi,enterprise,2.7,0,1
5618.88,17,0.5485,0,card_expired,2,481,active,3.9,card,regular,20.9,0,0
3508.14,0,0.8424,2,authentication_failed,3,16,active,1.1,upi,enterprise,5.7,1,1
226.64,2,0.9153,3,insufficient_funds,1,190,active,12.5,upi,regular,1.3,0,0
8360.84,13,0.8545,1,authentication_failed,2,340,active,1.3,netbanking,regular,3.1,0,1
7609.83,8,0.7036,0,insufficient_funds,1,305,trialing,2.5,card,regular,1.1,0,1
4175.0,14,0.8957,3,gateway_timeout,0,5,active,3.1,upi,regular,15.9,1,1
543.88,13,0.8656,1,insufficient_funds,1,65,canceled,1.8,upi,regular,3.5,0,1
7473.19,0,0.9302,2,authentication_failed,0,493,active,3.2,wallet,regular,1.1,1,1
4581.91,21,0.636,0,insufficient_funds,1,76,canceled,1.9,card,starter,3.9,1,1
7815.38,2,0.7789,0,insufficient_funds,1,164,active,2.9,netbanking,regular,0.6,1,1
7166.53,7,0.428,0,insufficient_funds,1,1103,past_due,3.6,wallet,regular,0.5,1,1
8322.81,9,0.5897,0,gateway_timeout,1,228,active,0.5,wallet,enterprise,0.4,0,1
3849.14,1,0.7466,1,gateway_timeout,2,204,active,4.9,wallet,starter,2.2,0,1
956.0,35,0.5394,1,insufficient_funds,5,217,active,5.4,card,regular,11.5,0,1
5760.88,6,0.2873,2,insufficient_funds,3,50,active,0.3,upi,enterprise,0.2,1,1
5044.16,0,0.6181,1,insufficient_funds,2,292,past_due,0.2,upi,enterprise,18.4,0,0
6978.89,26,0.8947,2,authentication_failed,0,6,canceled,5.5,netbanking,enterprise,0.4,0,1
1130.93,8,0.6944,2,network_error,1,98,past_due,12.1,wallet,regular,0.9,1,1
1284.41,11,0.428,2,authentication_failed,1,93,canceled,2.0,upi,regular,0.7,1,1
11255.02,7,0.8178,2,insufficient_funds,2,20,active,9.0,netbanking,regular,1.6,1,0
7131.03,17,0.5559,3,card_expired,0,103,past_due,7.7,upi,vip,17.0,0,0
12142.27,0,0.9049,0,gateway_timeout,1,231,active,0.9,netbanking,enterprise,0.7,1,1
7308.89,2,0.4997,1,card_expired,1,119,unpaid,3.6,card,regular,18.7,1,0
4746.02,6,0.5502,1,authentication_failed,0,6,past_due,0.1,card,enterprise,8.9,0,1
5508.5,0,0.8018,1,insufficient_funds,1,246,active,8.5,upi,enterprise,5.3,1,1
11196.89,11,0.2826,0,card_expired,3,92,canceled,2.9,upi,regular,6.0,1,1
4523.32,4,0.8563,1,authentication_failed,2,1500,past_due,12.8,upi,starter,2.1,0,0
5203.68,3,0.7304,3,gateway_timeout,1,575,active,1.7,card,regular,0.4,0,1
1050.84,0,0.8206,1,authentication_failed,2,168,active,0.1,upi,vip,5.7,0,1
3411.52,12,0.6192,0,card_expired,2,115,active,1.4,card,regular,0.9,0,0
6500.9,17,0.7721,3,authentication_failed,2,19,past_due,1.6,card,enterprise,7.3,1,1
1780.01,4,0.8595,1,card_expired,3,1,trialing,2.7,upi,regular,1.6,1,0
1329.83,7,0.6141,0,insufficient_funds,2,401,active,0.7,upi,enterprise,3.0,0,1
2083.13,2,0.568,2,card_expired,2,170,trialing,4.5,upi,regular,1.3,1,0
1582.07,9,0.9867,0,gateway_timeout,1,96,active,0.3,card,regular,6.5,0,1
1409.8,0,0.8809,1,insufficient_funds,1,211,active,1.1,card,regular,3.9,1,1
2965.63,6,0.629,0,card_expired,0,92,active,0.1,card,regular,5.7,1,1
12121.06,9,0.975,0,authentication_failed,1,121,active,3.1,upi,vip,5.9,0,1
3736.84,23,0.3907,2,insufficient_funds,1,19,active,1.0,card,starter,18.7,0,1
1240.78,4,0.3841,0,insufficient_funds,0,146,paused,3.7,card,regular,3.8,0,0
600.48,13,0.6917,3,insufficient_funds,0,39,active,3.3,upi,regular,1.2,1,1
6156.21,8,0.8569,1,insufficient_funds,3,141,active,6.2,card,regular,0.3,0,1
2612.8,24,0.9583,0,gateway_timeout,0,374,active,4.8,upi,regular,11.1,0,1
8825.11,4,0.7081,1,insufficient_funds,4,68,active,0.2,wallet,regular,0.3,1,1
5586.86,3,0.784,1,authentication_failed,3,66,active,2.9,card,regular,4.0,0,1
8154.1,20,0.8475,1,card_expired,1,311,active,7.9,upi,vip,1.4,1,1
1786.9,0,0.9153,0,gateway_timeout,2,193,trialing,0.3,card,starter,11.9,1,1
6094.11,1,0.8083,3,network_error,1,137,active,12.1,upi,starter,3.8,0,1
1733.05,0,0.7837,1,authentication_failed,1,13,active,19.3,upi,regular,3.5,0,1
14190.02,17,0.8175,2,insufficient_funds,1,159,active,2.2,upi,regular,3.2,1,1
5258.15,0,0.7373,0,insufficient_funds,0,132,active,1.5,upi,vip,6.3,0,1
2161.6,18,0.7176,0,insufficient_funds,2,45,unpaid,7.5,upi,enterprise,0.1,1,1
1770.21,5,0.6911,3,gateway_timeout,2,667,active,8.1,card,vip,4.5,0,1
1259.33,0,0.4027,1,authentication_failed,1,131,active,6.9,card,starter,2.7,0,0
6131.34,4,0.471,2,insufficient_funds,0,1,active,6.7,card,regular,1.7,1,1
1434.08,1,0.8109,0,insufficient_funds,0,865,active,4.6,netbanking,regular,7.7,0,1
4723.09,9,0.9145,0,insufficient_funds,1,157,trialing,0.1,upi,starter,0.8,0,0
1736.94,10,0.7163,2,gateway_timeout,0,244,active,3.4,upi,starter,11.2,0,1
5623.09,6,0.6768,4,insufficient_funds,1,122,active,1.3,upi,regular,0.6,0,1
8635.37,0,0.613,3,gateway_timeout,0,383,active,3.6,upi,enterprise,2.7,0,1
7725.96,10,0.5455,2,authentication_failed,1,93,active,1.4,upi,starter,0.2,1,1
7353.35,17,0.5837,0,authentication_failed,1,151,active,1.4,netbanking,enterprise,1.1,0,1
1239.57,12,0.5308,1,insufficient_funds,2,139,paused,1.2,card,regular,0.9,0,0
662.69,16,0.6197,1,card_expired,0,143,paused,1.9,card,enterprise,3.2,0,1
6202.38,2,0.6532,0,authentication_failed,3,248,active,1.8,upi,vip,1.7,0,1
2497.08,20,0.5488,3,insufficient_funds,1,388,active,8.0,netbanking,regular,0.4,1,1
3031.22,3,0.7405,0,gateway_timeout,0,125,paused,2.1,card,enterprise,8.6,1,1
358.22,0,0.7825,2,insufficient_funds,1,248,active,1.8,wallet,regular,0.7,0,1
1702.66,17,0.6199,1,authentication_failed,4,17,active,1.2,netbanking,regular,25.6,0,0
371.28,26,0.7954,2,gateway_timeout,4,19,unpaid,3.2,wallet,vip,0.3,0,1
10767.51,10,0.7961,2,gateway_timeout,1,29,trialing,1.8,card,enterprise,6.2,1,1
1594.58,2,0.9655,1,insufficient_funds,1,65,past_due,15.3,upi,enterprise,6.3,0,1
4274.73,2,0.7128,2,insufficient_funds,0,49,canceled,2.5,netbanking,regular,2.2,0,1
398.8,5,0.7528,1,insufficient_funds,0,163,active,0.1,card,regular,9.2,1,1
5695.77,21,0.637,1,network_error,0,78,active,1.7,wallet,regular,1.2,0,1
2150.62,1,0.8111,4,gateway_timeout,1,291,active,0.8,card,enterprise,6.8,0,1
11609.95,16,0.768,2,insufficient_funds,2,379,canceled,1.7,card,regular,10.6,0,0
11151.56,3,0.7441,1,insufficient_funds,0,130,active,1.2,upi,regular,0.4,0,1
2167.37,15,0.5881,1,insufficient_funds,0,541,canceled,1.0,card,regular,2.6,1,1
11761.2,24,0.9235,2,network_error,1,221,active,0.9,card,enterprise,15.5,1,1
28008.39,5,0.8957,1,authentication_failed,1,523,past_due,9.9,netbanking,regular,3.0,0,1
8926.74,4,0.399,2,gateway_timeout,0,157,trialing,0.1,card,starter,4.6,0,1
9517.5,15,0.8152,2,insufficient_funds,2,105,active,6.1,upi,regular,10.7,0,1
1631.81,7,0.6577,1,gateway_timeout,0,192,active,0.5,card,enterprise,7.6,1,1
4498.4,10,0.8159,0,insufficient_funds,5,122,canceled,0.2,upi,regular,1.8,1,0
548.12,9,0.6724,2,gateway_timeout,0,96,trialing,1.7,card,vip,6.2,0,1
698.65,1,0.4645,1,network_error,0,29,active,4.2,upi,starter,5.5,0,1
34228.76,17,0.6389,2,insufficient_funds,0,160,active,18.2,upi,vip,9.8,1,1
2177.37,2,0.9382,0,network_error,2,255,paused,1.2,upi,enterprise,3.8,1,1
7095.28,25,0.6893,0,authentication_failed,0,398,active,1.2,upi,enterprise,5.8,1,1
8416.66,2,0.7898,3,card_expired,1,508,trialing,0.6,card,enterprise,3.4,0,1
9960.46,12,0.3559,3,authentication_failed,0,47,active,6.8,upi,enterprise,7.0,1,1
30420.74,3,0.8725,0,insufficient_funds,0,123,canceled,6.4,card,starter,3.4,1,1
1582.04,3,0.8484,1,gateway_timeout,0,237,past_due,2.5,card,regular,0.2,1,0
405.94,3,0.2535,3,insufficient_funds,0,253,active,1.7,upi,regular,3.3,0,1
2848.27,13,0.7601,2,insufficient_funds,4,511,trialing,1.0,upi,regular,25.9,0,1
896.77,7,0.9172,2,gateway_timeout,0,183,active,2.5,card,starter,3.8,1,1
313.41,20,0.6332,1,authentication_failed,5,197,active,6.6,upi,regular,0.1,1,1
2434.77,3,0.6918,1,network_error,1,112,active,4.7,netbanking,regular,2.4,1,1
7856.33,11,0.7919,2,insufficient_funds,0,787,past_due,2.7,card,starter,0.8,0,0
4375.64,13,0.7204,1,insufficient_funds,0,61,active,3.1,upi,starter,3.8,1,1
2075.49,1,0.602,2,insufficient_funds,0,324,unpaid,3.4,card,starter,2.3,1,1
5511.53,4,0.6322,0,authentication_failed,1,186,past_due,5.7,card,regular,4.1,0,1
1519.95,6,0.5861,2,card_expired,2,78,active,0.5,upi,regular,13.7,0,0
272.43,4,0.6697,1,network_error,0,56,past_due,2.9,upi,regular,0.0,1,1
7427.11,3,0.654,1,insufficient_funds,0,221,past_due,1.0,card,vip,5.7,0,0
5087.42,11,0.5607,1,authentication_failed,3,12,active,9.5,card,regular,3.4,0,1
7383.78,2,0.9078,0,insufficient_funds,1,782,active,10.0,netbanking,starter,12.6,0,1
398.58,11,0.7722,0,gateway_timeout,0,105,active,0.9,card,regular,0.1,0,1
9273.7,25,0.8241,2,network_error,1,1500,active,8.2,card,starter,4.9,1,1
5031.69,7,0.7507,1,authentication_failed,1,206,active,5.3,card,regular,19.8,1,1
4343.64,8,0.6738,1,card_expired,3,93,active,2.8,upi,regular,4.9,0,0
5099.0,0,0.7818,3,network_error,0,66,unpaid,5.3,upi,regular,1.8,1,1
10191.46,18,0.5697,3,authentication_failed,1,364,active,0.3,upi,starter,1.2,0,1
4620.77,3,0.8076,1,authentication_failed,0,14,active,10.9,card,enterprise,10.9,1,1
4548.83,9,0.7833,2,insufficient_funds,0,378,past_due,3.7,upi,regular,3.8,0,1
23577.51,36,0.5653,2,gateway_timeout,0,251,active,0.1,upi,regular,1.8,1,1
7267.92,8,0.4788,0,card_expired,0,107,active,1.9,upi,regular,11.4,1,1
3119.61,12,0.7959,2,insufficient_funds,1,211,active,2.1,upi,regular,3.7,1,1
6344.69,5,0.6274,0,insufficient_funds,3,543,trialing,8.3,netbanking,regular,4.5,1,0
2665.18,0,0.8314,3,insufficient_funds,0,739,active,5.2,card,regular,6.6,1,1
1499.53,15,0.6631,3,gateway_timeout,1,681,unpaid,0.4,card,enterprise,3.9,1,1
4742.26,0,0.8875,2,insufficient_funds,0,181,past_due,0.1,card,vip,2.5,1,1
13368.11,11,0.66,3,insufficient_funds,0,222,past_due,0.1,upi,regular,1.0,1,1
13435.21,0,0.8333,1,gateway_timeout,1,51,active,0.1,card,enterprise,3.4,0,1
2292.03,18,0.5459,0,authentication_failed,3,629,active,1.6,netbanking,regular,0.2,1,1
3950.47,1,0.5072,2,insufficient_funds,0,17,active,1.2,upi,regular,19.8,0,1
1388.98,6,0.3622,1,card_expired,1,166,active,6.5,wallet,regular,3.6,0,0
27366.23,8,0.6666,1,insufficient_funds,2,59,past_due,4.6,netbanking,regular,8.5,0,0
20047.71,5,0.6342,2,insufficient_funds,1,144,paused,0.7,upi,regular,8.3,1,1
5442.1,3,0.7396,1,gateway_timeout,1,292,active,3.4,upi,regular,11.4,0,1
8358.78,5,0.8209,0,insufficient_funds,5,138,active,11.3,card,starter,1.4,0,0
6478.09,3,0.8097,0,insufficient_funds,0,650,trialing,3.6,netbanking,regular,0.5,1,1
4696.65,5,0.8082,1,insufficient_funds,1,256,unpaid,2.4,card,vip,0.5,1,1
474.12,4,0.5246,3,gateway_timeout,1,210,paused,6.6,upi,regular,1.1,0,0
3232.69,7,0.8117,0,insufficient_funds,0,143,canceled,7.2,card,starter,2.5,0,1
5816.36,2,0.8211,2,card_expired,0,107,active,1.9,card,vip,3.0,0,0
5858.75,42,0.6445,2,insufficient_funds,0,563,canceled,0.8,card,starter,0.0,1,1
2535.02,6,0.8864,0,card_expired,0,136,active,6.9,card,regular,2.3,1,1
14410.08,2,0.4482,0,insufficient_funds,0,217,trialing,6.0,wallet,vip,9.9,0,1
1115.75,6,0.8366,0,gateway_timeout,5,170,active,4.6,card,enterprise,1.9,0,1
3669.33,19,0.6146,2,network_error,0,231,past_due,2.4,card,regular,3.9,0,1
6070.19,0,0.5756,2,insufficient_funds,0,61,active,0.7,upi,regular,8.9,0,1
6172.35,10,0.498,0,insufficient_funds,0,1014,active,6.0,card,regular,0.9,1,1
5429.7,7,0.7495,2,authentication_failed,1,121,active,0.9,wallet,regular,3.6,0,1
1809.91,1,0.8712,2,insufficient_funds,2,78,active,1.2,wallet,starter,0.5,0,1
1049.24,16,0.4393,0,authentication_failed,0,10,trialing,0.7,card,regular,6.9,0,1
5252.19,4,0.7205,3,authentication_failed,1,463,active,8.6,upi,starter,5.5,0,0
4772.74,3,0.6668,0,insufficient_funds,0,264,past_due,2.7,card,regular,1.4,0,1
1188.33,16,0.5149,1,authentication_failed,1,89,active,0.5,upi,regular,4.3,0,1
6306.26,9,0.8323,3,insufficient_funds,0,117,past_due,5.8,upi,enterprise,1.5,0,1
3236.43,21,0.7625,2,authentication_failed,3,162,active,3.2,card,regular,1.9,0,1
5709.5,9,0.6082,1,insufficient_funds,1,137,canceled,5.7,upi,regular,6.1,1,0
9281.3,12,0.8869,2,network_error,0,139,past_due,4.4,upi,starter,7.1,0,1
1130.01,17,0.9587,3,insufficient_funds,2,245,active,5.8,card,vip,0.9,0,1
296.65,0,0.6735,0,gateway_timeout,2,473,unpaid,0.6,upi,regular,7.5,0,0
7750.28,14,0.8377,1,insufficient_funds,1,119,active,0.6,card,enterprise,1.3,1,1
4904.17,9,0.8697,2,gateway_timeout,2,50,active,2.8,upi,starter,1.7,0,1
6213.86,0,0.6215,1,network_error,1,8,paused,6.2,card,starter,9.7,0,0
9305.58,6,0.8524,0,card_expired,0,149,active,4.4,upi,vip,5.6,1,1
8317.96,0,0.694,1,insufficient_funds,5,60,active,6.3,card,regular,9.4,1,1
16410.74,12,0.7847,0,card_expired,2,61,past_due,1.8,card,regular,0.1,0,1
4038.65,7,0.7756,3,insufficient_funds,1,24,unpaid,0.1,upi,regular,10.1,0,1
3552.0,29,0.8154,2,insufficient_funds,2,42,active,0.5,wallet,regular,7.9,0,0
2769.88,1,0.3839,0,insufficient_funds,3,149,past_due,1.4,upi,regular,1.4,0,1
1034.35,8,0.4149,1,insufficient_funds,1,290,active,10.1,card,regular,16.7,1,1
4450.26,2,0.8314,2,insufficient_funds,1,150,past_due,5.3,card,regular,3.4,1,1
1821.82,9,0.7815,2,authentication_failed,0,318,canceled,3.7,upi,enterprise,0.8,0,0
12911.04,12,0.6552,0,network_error,1,371,active,9.3,upi,regular,22.7,1,1
4575.63,12,0.5826,1,card_expired,1,271,trialing,0.1,upi,regular,8.0,0,1
4692.75,16,0.8255,2,authentication_failed,0,7,active,2.9,card,starter,2.5,1,1
2391.94,18,0.3725,1,insufficient_funds,0,201,active,4.8,upi,enterprise,4.8,0,1
466.95,0,0.7643,4,insufficient_funds,0,85,past_due,0.1,upi,starter,20.7,0,0
361.29,3,0.5158,1,insufficient_funds,0,503,past_due,5.2,card,regular,3.6,0,1
2952.47,11,0.8343,0,gateway_timeout,4,588,active,4.3,upi,starter,5.0,0,1
641.78,6,0.527,0,authentication_failed,1,137,active,3.8,upi,regular,2.8,0,1
4867.78,2,0.9172,0,insufficient_funds,0,347,active,12.9,card,regular,13.7,1,1
10842.02,7,0.45,1,card_expired,0,120,active,0.8,wallet,regular,11.8,0,1
10924.27,4,0.9368,2,authentication_failed,2,167,canceled,14.3,netbanking,vip,16.9,0,0
5580.03,4,0.9891,1,card_expired,1,1016,trialing,10.0,card,enterprise,1.3,0,1
1386.41,15,0.7429,1,gateway_timeout,3,48,canceled,6.5,card,regular,3.2,0,1
10138.76,4,0.6866,2,insufficient_funds,1,232,paused,10.1,upi,vip,5.5,0,1
11061.88,0,0.7407,1,gateway_timeout,3,255,active,13.3,card,regular,7.8,1,1
1294.85,0,0.5542,1,network_error,1,466,active,3.2,upi,regular,15.6,1,1
6886.11,18,0.8192,1,gateway_timeout,2,41,canceled,2.2,card,regular,2.4,1,1
1888.0,30,0.9024,1,insufficient_funds,0,588,active,1.5,netbanking,starter,1.3,1,1
8313.64,11,0.8305,1,authentication_failed,1,285,past_due,1.0,card,starter,4.9,0,0
29658.82,4,0.7776,2,insufficient_funds,0,1256,past_due,2.8,upi,regular,38.9,1,1
352.43,26,0.8705,1,insufficient_funds,1,192,trialing,6.1,wallet,regular,0.9,1,1
11582.92,10,0.539,5,insufficient_funds,2,248,trialing,1.9,card,enterprise,0.7,1,1
5072.65,17,0.5732,2,authentication_failed,1,53,active,6.9,upi,starter,15.0,0,1
18330.95,13,0.5986,0,insufficient_funds,2,129,active,2.8,card,vip,1.2,0,1
3327.53,4,0.7405,3,insufficient_funds,0,385,unpaid,1.1,card,regular,3.3,0,1
9599.28,6,0.4953,0,gateway_timeout,0,90,canceled,3.8,card,regular,4.1,0,0
522.13,1,0.7223,4,insufficient_funds,4,726,active,10.9,card,regular,9.9,0,0
2241.94,3,0.9131,2,insufficient_funds,2,350,active,0.7,card,regular,5.8,0,0
546.84,14,0.6273,1,network_error,1,64,active,2.8,card,regular,3.4,0,0
18713.5,21,0.7362,3,gateway_timeout,2,629,active,0.3,upi,regular,6.1,1,1
8690.63,12,0.7656,1,network_error,0,66,past_due,5.8,upi,enterprise,6.2,0,0
9771.24,5,0.7507,0,authentication_failed,0,196,active,8.4,upi,starter,5.2,1,1
14100.3,0,0.4972,1,insufficient_funds,3,228,active,0.8,upi,regular,11.0,0,0
644.72,0,0.5718,4,insufficient_funds,1,123,active,0.6,upi,regular,0.9,1,1
2635.53,4,0.7552,2,card_expired,4,78,unpaid,0.1,upi,regular,1.9,0,0
568.42,5,0.5778,4,insufficient_funds,0,16,trialing,5.3,upi,vip,1.8,0,1
1383.63,8,0.6714,0,gateway_timeout,2,482,active,0.2,upi,starter,16.8,1,1
1502.71,0,0.6656,1,gateway_timeout,0,46,canceled,14.2,netbanking,vip,1.8,0,1
3365.98,43,0.7017,1,insufficient_funds,0,72,active,1.1,card,starter,0.9,0,1
1763.72,4,0.8971,1,network_error,0,446,active,3.6,card,starter,2.6,1,1
732.24,17,0.8002,2,insufficient_funds,0,102,trialing,4.3,card,regular,3.3,1,1
1116.56,7,0.6806,1,gateway_timeout,0,255,past_due,0.7,upi,enterprise,11.0,0,1
996.59,1,0.4652,1,insufficient_funds,0,219,active,0.7,upi,regular,6.6,1,1
18273.83,15,0.3585,0,network_error,3,389,active,0.1,netbanking,regular,4.0,0,0
7320.86,11,0.9075,1,insufficient_funds,3,262,active,5.6,card,vip,3.5,0,0
17372.96,7,0.7736,0,authentication_failed,0,122,active,0.6,upi,starter,0.3,0,1
3096.78,6,0.622,1,insufficient_funds,0,466,active,1.4,upi,regular,0.7,0,1
1831.2,0,0.9105,3,network_error,1,258,active,2.9,upi,regular,0.4,0,1
8204.7,10,0.7438,0,authentication_failed,1,150,paused,5.8,netbanking,regular,18.0,1,1
2174.51,22,0.9765,6,gateway_timeout,0,115,active,1.3,upi,regular,11.3,0,1
1978.97,0,0.52,0,insufficient_funds,3,234,canceled,5.6,netbanking,regular,3.6,0,0
1523.12,2,0.6302,1,network_error,1,5,unpaid,1.9,upi,starter,0.6,1,1
894.47,22,0.9016,2,insufficient_funds,1,348,canceled,4.4,card,regular,28.3,1,1
1681.68,3,0.8294,1,insufficient_funds,0,333,active,2.1,upi,regular,1.4,1,1
2395.0,10,0.7154,0,insufficient_funds,1,159,paused,8.6,card,regular,5.6,1,1
5804.2,7,0.8516,2,insufficient_funds,1,123,active,1.6,upi,enterprise,0.9,0,1
523.04,8,0.7702,3,insufficient_funds,1,406,active,5.1,netbanking,starter,9.4,0,1
1381.82,5,0.7362,2,authentication_failed,3,43,active,3.6,card,starter,2.8,0,0
8478.03,3,0.6817,1,insufficient_funds,0,338,active,6.8,netbanking,vip,10.5,0,1
994.52,0,0.5355,2,authentication_failed,0,7,past_due,8.9,netbanking,regular,3.7,1,0
2297.66,12,0.4137,1,insufficient_funds,0,597,active,10.0,wallet,enterprise,1.4,0,1
10199.79,13,0.9021,1,authentication_failed,1,761,active,4.0,card,regular,0.9,0,1
1041.65,10,0.86,2,authentication_failed,1,321,past_due,1.5,card,regular,0.5,0,1
631.8,9,0.6428,2,insufficient_funds,3,345,trialing,0.3,card,regular,1.2,0,1
3513.46,2,0.7253,1,authentication_failed,0,115,active,1.0,wallet,regular,6.7,0,1
2000.69,0,0.8316,1,insufficient_funds,0,527,trialing,0.7,card,starter,0.4,0,1
4343.78,15,0.9182,5,insufficient_funds,3,91,active,0.9,card,regular,1.1,1,0
8343.23,6,0.7044,3,gateway_timeout,1,210,past_due,11.0,card,regular,0.8,0,0
937.56,3,0.4378,0,card_expired,1,337,past_due,2.7,upi,starter,1.8,0,0
4545.83,1,0.5383,2,insufficient_funds,0,220,canceled,2.3,card,enterprise,4.2,0,0
3721.13,0,0.5486,1,card_expired,0,171,trialing,1.0,upi,regular,0.6,1,1
977.88,4,0.5031,1,authentication_failed,0,65,canceled,2.8,upi,regular,2.4,1,0
5090.81,15,0.6381,4,gateway_timeout,3,267,past_due,17.6,upi,regular,8.3,0,1
1798.55,23,0.663,2,gateway_timeout,2,355,active,0.9,upi,enterprise,0.2,1,1
3545.54,21,0.5416,4,card_expired,1,211,active,1.3,wallet,enterprise,2.1,0,0
629.27,23,0.6647,3,insufficient_funds,0,427,trialing,5.8,upi,enterprise,0.4,0,0
3277.08,22,0.6241,1,network_error,0,229,past_due,10.6,card,regular,6.3,1,1
2029.76,7,0.8155,1,card_expired,0,345,active,3.0,card,vip,17.8,0,1
8840.58,2,0.7143,0,insufficient_funds,1,675,active,5.9,card,starter,0.3,0,1
493.33,15,0.7701,1,insufficient_funds,0,80,canceled,0.1,card,enterprise,4.0,1,1
2911.64,2,0.6237,1,authentication_failed,1,149,active,4.1,card,regular,0.9,0,1
3266.43,2,0.6179,1,card_expired,0,595,active,0.2,card,regular,13.0,0,0
6655.03,2,0.8482,3,insufficient_funds,0,167,active,18.4,upi,regular,0.0,0,1
4469.96,6,0.4732,1,insufficient_funds,0,2,paused,3.2,card,starter,2.4,0,0
5701.25,3,0.3932,1,gateway_timeout,0,12,active,0.7,upi,regular,6.4,0,1
7704.02,1,0.6218,0,insufficient_funds,0,27,past_due,7.9,netbanking,regular,5.4,0,0
10109.87,5,0.9041,1,gateway_timeout,0,131,active,5.0,netbanking,regular,2.9,1,1
2083.48,19,0.4756,1,insufficient_funds,2,121,trialing,1.6,card,enterprise,3.6,1,1
4061.2,8,0.9104,0,card_expired,4,241,canceled,0.2,upi,enterprise,0.8,1,1
9366.29,19,0.6159,0,insufficient_funds,2,60,active,4.2,card,starter,0.9,1,1
22958.68,2,0.4957,0,authentication_failed,0,137,canceled,4.0,upi,starter,7.6,1,0
11214.57,1,0.4603,1,network_error,2,294,active,1.5,card,regular,3.0,1,1
2521.84,8,0.8864,1,insufficient_funds,0,1150,past_due,4.1,upi,regular,2.6,0,1
1285.6,5,0.6455,2,authentication_failed,0,161,active,0.7,upi,regular,0.6,1,1
3560.77,10,0.8447,0,card_expired,0,1,active,10.3,card,enterprise,7.0,0,1
6967.03,15,0.9363,1,gateway_timeout,0,240,trialing,1.8,netbanking,regular,3.7,0,1
3591.97,13,0.6071,4,insufficient_funds,4,184,unpaid,0.7,upi,starter,4.9,0,0
3500.31,27,0.8984,1,card_expired,1,109,past_due,8.0,upi,enterprise,1.8,1,0
9307.91,4,0.4529,3,authentication_failed,5,102,active,2.0,card,regular,1.0,1,0
2442.41,2,0.6927,1,authentication_failed,0,324,active,4.5,upi,enterprise,5.2,1,1
10023.24,7,0.4921,2,insufficient_funds,4,98,active,3.8,upi,starter,3.9,0,1
2811.16,1,0.8973,1,insufficient_funds,1,907,active,0.7,upi,regular,0.2,1,1
2189.22,3,0.9509,1,insufficient_funds,1,26,active,2.1,card,regular,0.3,1,1
3225.59,2,0.4657,1,authentication_failed,2,23,active,7.1,card,regular,17.7,0,1
7386.82,4,0.4504,1,card_expired,1,640,paused,0.9,upi,regular,1.9,1,1
873.39,1,0.592,2,insufficient_funds,2,138,active,2.7,netbanking,regular,14.4,1,1
1293.39,0,0.4621,3,insufficient_funds,1,165,active,3.0,card,enterprise,4.2,0,0
15325.27,10,0.6654,2,insufficient_funds,1,26,past_due,8.6,upi,starter,1.0,0,0
1164.84,8,0.7541,1,gateway_timeout,1,112,canceled,3.7,card,regular,2.9,0,1
4393.49,11,0.605,1,authentication_failed,2,208,active,8.1,card,regular,6.9,0,1
4529.35,10,0.6115,2,insufficient_funds,0,24,trialing,8.4,card,starter,14.9,1,1
3563.04,1,0.8015,1,insufficient_funds,1,301,canceled,2.3,upi,regular,17.0,1,0
5374.6,3,0.9069,2,network_error,0,262,active,0.4,upi,starter,1.6,1,1
1505.7,1,0.5939,1,card_expired,4,217,active,8.9,upi,regular,1.1,0,0
4222.21,17,0.5046,2,insufficient_funds,4,118,active,0.8,card,enterprise,4.6,0,1
2527.46,13,0.6593,1,insufficient_funds,3,120,active,3.1,card,regular,0.4,0,1
5618.63,2,0.6037,2,insufficient_funds,1,511,trialing,0.5,upi,regular,5.8,0,1
961.23,3,0.9383,2,insufficient_funds,2,9,active,13.0,upi,regular,4.5,1,1
4430.06,32,0.9377,2,gateway_timeout,3,358,active,0.1,upi,regular,1.8,1,1
1224.49,8,0.8567,1,insufficient_funds,3,53,active,1.6,upi,starter,1.2,0,1
1833.11,15,0.8671,2,card_expired,1,370,active,16.1,upi,enterprise,28.9,1,1
1434.04,2,0.5205,2,authentication_failed,0,168,canceled,0.8,wallet,regular,2.6,0,0
1209.59,2,0.6909,0,authentication_failed,3,112,active,5.0,netbanking,regular,5.0,1,1
8935.2,14,0.8724,3,insufficient_funds,2,84,unpaid,4.0,upi,vip,6.6,0,1
1882.31,10,0.8254,0,insufficient_funds,1,166,past_due,0.1,upi,regular,12.4,1,1
13294.96,10,0.5883,0,insufficient_funds,1,309,active,8.6,card,enterprise,6.3,0,1
17720.56,7,0.8728,0,insufficient_funds,5,202,active,0.1,card,regular,10.8,1,1
4434.53,7,0.8074,1,insufficient_funds,1,256,active,4.9,card,regular,1.9,0,1
971.59,12,0.9232,2,insufficient_funds,0,685,past_due,2.4,upi,starter,0.4,0,0
2546.41,2,0.9334,2,card_expired,0,243,unpaid,0.3,card,regular,3.0,0,1
8190.82,4,0.7017,4,insufficient_funds,0,222,active,2.5,upi,regular,8.5,1,1
2489.51,19,0.6787,3,insufficient_funds,1,118,paused,4.5,card,regular,4.0,0,1
655.19,3,0.9218,2,insufficient_funds,0,98,active,0.2,netbanking,regular,4.7,1,1
4268.5,7,0.8905,2,authentication_failed,2,189,active,9.6,upi,enterprise,3.7,1,1
9525.55,11,0.8845,2,insufficient_funds,0,4,paused,1.6,upi,regular,0.1,1,0
8146.37,90,0.4346,0,authentication_failed,0,215,active,0.9,card,regular,2.1,1,1
1162.61,5,0.8366,1,insufficient_funds,2,102,paused,7.4,card,regular,5.1,1,1
5785.38,5,0.6944,0,authentication_failed,0,374,paused,2.1,card,regular,2.1,0,1
1445.54,17,0.8024,1,gateway_timeout,1,37,active,7.8,netbanking,vip,21.3,0,1
1430.83,15,0.529,1,insufficient_funds,0,321,active,1.4,upi,vip,0.7,0,1
10560.22,12,0.4718,4,network_error,0,148,active,3.5,upi,regular,6.6,0,1
1636.2,5,0.501,4,gateway_timeout,0,137,trialing,15.0,wallet,regular,10.7,1,1
1727.52,3,0.81,1,network_error,1,12,active,1.8,card,regular,5.3,0,1
203.27,8,0.8562,2,insufficient_funds,1,106,active,2.8,card,regular,1.7,0,1
10426.9,19,0.9147,0,network_error,0,674,trialing,6.6,upi,vip,0.3,1,1
8065.4,20,0.5652,2,authentication_failed,4,4,trialing,4.0,upi,starter,7.7,1,1
5135.3,1,0.1911,0,insufficient_funds,0,39,trialing,6.2,upi,vip,0.8,0,1
7136.79,5,0.7548,1,gateway_timeout,1,386,active,1.8,netbanking,regular,5.7,0,1
1024.66,5,0.6843,2,gateway_timeout,0,131,past_due,2.1,card,enterprise,3.4,1,1
3265.43,36,0.7527,2,network_error,2,40,active,0.1,wallet,regular,10.2,0,1
2363.3,10,0.7633,1,insufficient_funds,2,48,past_due,6.5,upi,enterprise,3.0,1,1
692.35,4,0.9274,6,authentication_failed,0,32,active,3.2,upi,regular,2.3,0,1
3528.93,0,0.7916,0,network_error,2,12,canceled,3.3,upi,starter,2.8,0,1
12875.09,7,0.6401,0,card_expired,0,1200,active,1.6,card,regular,1.3,0,1
404.42,0,0.7686,4,card_expired,1,168,trialing,9.0,upi,regular,31.2,0,0
1922.75,17,0.6401,5,card_expired,0,78,active,4.9,upi,regular,5.3,0,1
1363.07,13,0.6497,1,card_expired,0,184,canceled,0.2,card,enterprise,0.2,0,1
1560.01,5,0.9364,1,insufficient_funds,0,116,active,5.8,upi,enterprise,2.0,0,1
12153.51,5,0.3532,1,insufficient_funds,1,422,active,0.2,upi,enterprise,2.1,1,1
3356.21,21,0.7924,3,network_error,0,230,paused,1.7,netbanking,regular,1.8,1,1
3339.6,3,0.8713,1,gateway_timeout,1,444,active,2.4,netbanking,regular,4.1,0,1
7347.59,2,0.6182,0,insufficient_funds,0,68,active,4.2,card,regular,2.5,0,1
1039.09,26,0.8031,2,gateway_timeout,1,195,active,4.5,upi,enterprise,12.4,1,1
3539.98,15,0.5788,1,insufficient_funds,1,77,trialing,2.8,wallet,enterprise,1.7,1,1
3010.46,16,0.8461,1,insufficient_funds,0,73,active,1.6,card,regular,8.2,0,1
4742.99,2,0.5685,0,authentication_failed,1,50,active,3.7,card,starter,7.1,0,1
38817.65,1,0.5107,2,insufficient_funds,2,129,active,4.6,card,regular,11.0,0,0
7536.41,0,0.8387,3,network_error,0,299,active,1.4,upi,vip,2.5,1,1
2736.37,2,0.7563,2,network_error,0,178,past_due,3.6,upi,starter,0.7,1,1
8988.33,14,0.7285,2,gateway_timeout,0,899,trialing,2.8,upi,regular,9.9,1,1
1135.92,2,0.7806,1,insufficient_funds,0,78,past_due,0.3,netbanking,enterprise,2.4,1,1
354.69,12,0.8336,3,insufficient_funds,1,294,active,7.5,card,enterprise,2.3,0,1
1343.6,2,0.5427,0,authentication_failed,0,118,trialing,9.8,upi,regular,0.5,0,0
2280.7,4,0.7563,0,gateway_timeout,4,108,active,3.7,upi,regular,8.7,1,1
3772.68,38,0.9256,1,insufficient_funds,1,142,active,6.5,card,regular,7.6,0,1
4974.24,2,0.6347,1,authentication_failed,0,69,trialing,3.6,upi,regular,0.1,0,1
12273.49,4,0.777,0,gateway_timeout,2,677,past_due,3.0,wallet,regular,6.7,1,1
3765.26,3,0.9707,0,insufficient_funds,0,120,unpaid,4.2,card,enterprise,1.1,1,1
3678.51,1,0.8116,1,insufficient_funds,0,77,active,3.7,card,enterprise,8.9,1,1
457.75,6,0.843,0,network_error,0,223,past_due,4.9,upi,regular,0.1,1,1
377.68,4,0.7581,1,insufficient_funds,1,45,trialing,3.9,upi,enterprise,1.8,1,1
4205.44,11,0.6042,2,insufficient_funds,0,328,active,14.4,wallet,vip,0.6,0,1
3082.86,16,0.5688,2,insufficient_funds,1,131,active,3.9,card,regular,5.7,0,1
9337.36,7,0.8034,0,insufficient_funds,0,185,active,2.1,upi,enterprise,5.9,1,1
1075.81,0,0.8088,0,insufficient_funds,0,448,active,0.2,upi,regular,7.0,1,1
326.44,9,0.6066,1,authentication_failed,1,40,active,5.7,card,enterprise,3.9,1,1
3180.45,0,0.761,3,authentication_failed,1,222,active,0.5,card,vip,3.3,1,1
1555.62,9,0.8288,0,insufficient_funds,1,9,active,3.2,upi,starter,18.0,1,1
454.44,10,0.5826,1,gateway_timeout,2,128,active,0.1,upi,enterprise,3.9,0,1
6647.62,2,0.598,2,authentication_failed,1,481,active,5.0,upi,regular,9.4,0,1
791.63,16,0.7237,1,gateway_timeout,4,323,active,0.8,upi,regular,2.1,0,1
4886.54,22,0.8434,4,network_error,1,385,active,1.7,upi,regular,4.0,1,1
1849.82,15,0.8055,0,insufficient_funds,3,137,trialing,5.4,wallet,regular,0.6,1,1
1152.75,3,0.5951,0,insufficient_funds,4,163,active,3.6,card,enterprise,3.6,1,1
2588.18,8,0.5297,4,insufficient_funds,0,459,active,0.9,card,vip,17.7,1,1
8283.47,23,0.7495,1,gateway_timeout,1,177,active,1.6,card,starter,1.9,1,1
2688.67,3,0.8668,1,insufficient_funds,1,225,past_due,2.4,card,vip,0.0,0,1
7146.89,16,0.5855,1,gateway_timeout,3,463,active,2.0,card,enterprise,10.3,1,1
870.44,0,0.6866,1,insufficient_funds,0,423,active,3.9,upi,regular,3.1,1,1
7608.99,0,0.4435,1,insufficient_funds,0,70,active,2.2,card,regular,0.3,0,1
1552.05,13,0.8662,2,insufficient_funds,0,222,active,3.5,card,starter,5.3,0,1
5856.6,13,0.5962,3,authentication_failed,2,58,active,1.1,upi,enterprise,7.7,0,1
4371.04,14,0.8449,0,network_error,0,11,active,31.4,netbanking,vip,3.7,0,1
13435.58,25,0.898,2,network_error,3,28,unpaid,5.9,netbanking,enterprise,0.7,0,1
2649.58,1,0.7675,1,network_error,1,159,active,2.0,card,vip,14.5,1,1
542.28,2,0.8289,3,gateway_timeout,0,549,trialing,13.8,card,vip,1.6,0,1
296.71,22,0.478,0,insufficient_funds,2,163,active,4.9,card,starter,5.9,1,1
8968.23,1,0.9127,3,authentication_failed,2,34,trialing,2.4,card,regular,6.9,0,1
3919.42,10,0.9253,1,gateway_timeout,0,39,trialing,1.0,upi,starter,3.1,0,1
7663.7,7,0.7543,2,insufficient_funds,1,243,active,3.5,netbanking,starter,9.1,0,0
1535.64,0,0.9274,4,insufficient_funds,0,490,active,1.6,netbanking,regular,3.5,1,1
2316.24,3,0.6101,3,insufficient_funds,0,97,canceled,0.2,netbanking,enterprise,1.3,1,1
352.83,6,0.3337,2,authentication_failed,1,200,active,1.7,upi,regular,6.1,1,1
16484.49,18,0.7231,2,insufficient_funds,0,558,past_due,0.1,upi,starter,3.6,1,1
5711.11,11,0.4328,0,authentication_failed,0,36,past_due,3.1,card,regular,6.6,0,0
13730.64,9,0.6746,0,card_expired,1,43,active,0.2,upi,regular,3.4,0,1
1742.8,6,0.7147,0,insufficient_funds,4,119,active,0.4,upi,enterprise,10.7,0,1
4926.84,3,0.6266,1,insufficient_funds,1,152,active,11.2,upi,starter,26.3,0,1
5873.79,1,0.5214,0,insufficient_funds,3,66,past_due,3.5,card,starter,5.2,0,1
2110.33,4,0.9936,0,insufficient_funds,3,200,paused,9.6,netbanking,starter,7.9,0,1
9622.97,0,0.4036,3,insufficient_funds,1,571,past_due,0.3,upi,enterprise,0.3,0,1
14902.57,2,0.7801,3,authentication_failed,0,540,past_due,17.5,upi,enterprise,0.9,0,1
11007.82,5,0.519,2,authentication_failed,1,16,active,5.8,upi,regular,0.5,1,1
6917.46,5,0.5368,2,gateway_timeout,1,232,canceled,6.8,card,enterprise,4.4,0,1
1824.94,0,0.7941,2,insufficient_funds,1,61,past_due,9.7,card,regular,1.5,0,1
1853.76,8,0.912,3,insufficient_funds,0,273,past_due,11.3,card,regular,2.5,0,0
16733.12,7,0.88,2,insufficient_funds,2,211,canceled,5.0,upi,vip,3.0,1,1
251.69,0,0.7875,1,authentication_failed,3,64,past_due,3.8,upi,enterprise,3.6,1,1
6494.79,27,0.8599,2,insufficient_funds,1,708,active,0.5,upi,enterprise,11.0,1,1
6325.07,0,0.732,3,insufficient_funds,0,161,active,0.5,upi,regular,2.1,1,0
5073.43,18,0.8402,2,insufficient_funds,2,125,active,1.5,upi,regular,1.2,0,1
23280.57,0,0.7466,0,insufficient_funds,0,393,trialing,2.1,card,starter,0.7,0,1
2068.96,20,0.9245,4,insufficient_funds,2,89,active,18.2,upi,starter,1.5,0,0
2277.36,0,0.5802,0,insufficient_funds,1,225,active,4.1,wallet,enterprise,5.4,0,0
611.15,13,0.7309,1,insufficient_funds,0,58,active,4.2,upi,enterprise,10.4,1,1
3124.14,4,0.7735,1,authentication_failed,1,16,active,3.2,upi,regular,1.0,1,1
1712.62,12,0.9641,2,insufficient_funds,2,173,unpaid,0.6,upi,enterprise,15.0,1,1
2303.3,4,0.8501,2,insufficient_funds,1,45,active,3.2,card,regular,0.4,0,1
9196.09,0,0.5887,2,network_error,1,112,active,1.2,netbanking,regular,2.3,1,1
13904.25,13,0.9221,1,gateway_timeout,0,162,trialing,3.3,wallet,regular,3.1,0,1
1227.34,0,0.5732,3,insufficient_funds,0,2,active,1.4,card,regular,0.3,1,1
2530.13,24,0.7434,2,authentication_failed,1,108,canceled,2.9,card,starter,11.7,1,1
13399.43,0,0.8475,0,gateway_timeout,0,147,active,3.9,card,regular,1.8,1,1
519.01,6,0.4332,2,insufficient_funds,2,197,trialing,2.5,card,regular,5.0,0,0
684.54,12,0.6735,4,insufficient_funds,3,459,past_due,0.1,upi,regular,0.9,1,0
1088.41,4,0.9573,2,authentication_failed,2,99,active,0.7,card,enterprise,11.1,0,1
4721.97,2,0.8838,0,gateway_timeout,1,639,active,3.8,upi,regular,9.5,0,1
1015.37,13,0.9045,0,authentication_failed,0,103,active,0.9,card,starter,0.8,0,1
17422.05,14,0.6669,4,gateway_timeout,1,208,canceled,0.9,upi,regular,4.0,0,1
3159.41,24,0.9066,4,gateway_timeout,0,21,unpaid,4.7,card,regular,0.9,0,1
3680.94,4,0.5676,3,authentication_failed,2,129,paused,2.2,card,enterprise,12.1,1,1
1616.18,6,0.786,0,network_error,0,376,canceled,5.2,card,enterprise,3.3,1,1
3383.46,4,0.6589,1,authentication_failed,0,89,canceled,0.4,card,enterprise,0.6,1,1
5622.27,2,0.4589,3,insufficient_funds,1,3,past_due,6.1,upi,regular,2.8,0,0
7155.07,13,0.7814,1,authentication_failed,0,660,active,3.5,upi,regular,1.9,0,1
7209.44,3,0.848,2,authentication_failed,0,2,past_due,3.0,card,vip,1.9,0,1
4512.46,5,0.76,1,insufficient_funds,4,78,trialing,6.6,wallet,vip,2.6,1,1
11935.81,4,0.8833,0,authentication_failed,0,582,trialing,11.8,upi,regular,4.5,0,1
8702.5,11,0.7032,3,gateway_timeout,3,38,active,4.2,card,starter,6.0,1,1
7274.46,23,0.6837,0,gateway_timeout,0,491,active,0.6,upi,regular,1.0,1,1
486.06,10,0.9135,0,insufficient_funds,3,781,active,3.8,upi,regular,1.7,0,1
234.51,6,0.8634,2,insufficient_funds,0,244,active,0.1,card,regular,1.3,1,1
1394.12,14,0.8767,1,authentication_failed,0,102,active,1.6,upi,regular,19.9,1,1
5646.14,9,0.8678,3,insufficient_funds,0,93,active,4.8,card,regular,9.8,1,0
2848.32,0,0.909,1,gateway_timeout,1,38,active,8.2,card,enterprise,6.7,0,0
2774.22,0,0.4997,1,insufficient_funds,0,581,active,1.8,upi,regular,1.2,0,1
10996.19,0,0.9233,1,insufficient_funds,1,395,paused,1.1,upi,starter,3.2,0,1
11495.85,5,0.717,2,insufficient_funds,1,64,active,0.7,card,regular,2.5,1,1
12194.12,16,0.7494,0,insufficient_funds,1,277,active,2.7,upi,enterprise,3.0,1,1
2083.5,3,0.9708,1,gateway_timeout,1,225,past_due,2.4,card,vip,20.4,0,1
6072.97,4,0.9203,0,insufficient_funds,1,39,active,2.7,wallet,regular,6.3,1,1
1784.75,22,0.5943,2,insufficient_funds,0,69,past_due,1.2,upi,regular,2.3,0,1
1257.37,17,0.6501,1,authentication_failed,0,37,past_due,2.5,netbanking,regular,0.4,1,1
1220.58,10,0.7023,2,authentication_failed,1,194,canceled,1.7,netbanking,regular,1.8,1,1
2293.57,2,0.7103,1,network_error,0,54,active,16.8,upi,regular,0.5,1,1
3010.22,1,0.5108,1,insufficient_funds,1,1028,canceled,0.8,upi,vip,7.6,1,1
9087.78,0,0.7384,1,insufficient_funds,0,81,past_due,0.5,upi,regular,0.7,1,1
838.55,1,0.5434,3,gateway_timeout,0,321,active,6.7,card,regular,0.8,1,1
6838.73,3,0.8176,2,network_error,2,99,active,5.9,wallet,regular,1.9,1,1
3990.61,7,0.6048,2,network_error,0,111,active,6.8,upi,enterprise,5.8,1,1
1898.0,0,0.7152,0,insufficient_funds,0,94,active,2.7,upi,starter,0.8,0,0
3594.44,1,0.6483,3,authentication_failed,0,29,active,1.0,upi,regular,2.6,0,1
1982.96,1,0.624,3,network_error,3,657,past_due,9.5,upi,regular,1.2,0,0
4732.72,9,0.8375,1,network_error,1,378,active,6.3,card,enterprise,7.0,1,1
3044.43,9,0.7705,2,insufficient_funds,1,68,active,5.5,netbanking,regular,2.2,1,1
1098.06,7,0.8604,1,insufficient_funds,1,92,trialing,0.1,card,regular,2.7,1,1
819.79,2,0.9019,0,gateway_timeout,2,146,active,2.7,card,regular,6.5,0,1
4155.96,4,0.6634,5,authentication_failed,1,373,active,1.7,wallet,regular,2.9,1,1
11835.06,0,0.8147,2,authentication_failed,2,523,past_due,1.7,card,enterprise,2.7,0,1
2307.65,2,0.621,1,insufficient_funds,4,366,active,0.5,card,regular,0.6,0,1
6802.54,21,0.972,0,card_expired,0,750,active,8.6,upi,starter,1.9,0,1
5574.4,36,0.8058,1,insufficient_funds,1,358,active,1.1,card,enterprise,8.6,0,1
13608.62,9,0.3766,0,insufficient_funds,0,64,past_due,0.2,upi,enterprise,4.4,0,0
8801.32,23,0.404,0,gateway_timeout,0,119,canceled,2.5,netbanking,regular,1.6,0,1
4380.53,9,0.7088,1,card_expired,2,340,active,3.1,card,regular,10.6,1,1
5550.57,0,0.5491,0,network_error,1,34,active,1.8,wallet,regular,10.4,1,1
11632.89,54,0.5522,3,insufficient_funds,2,66,trialing,1.8,upi,regular,3.1,1,1
2750.12,0,0.8034,3,insufficient_funds,0,1005,paused,2.0,upi,enterprise,4.3,0,1
2178.52,10,0.3118,2,insufficient_funds,2,274,active,4.6,card,vip,1.4,0,0
254.35,2,0.8306,3,insufficient_funds,0,50,active,1.2,upi,regular,7.0,1,1
8959.36,4,0.7517,1,authentication_failed,1,25,trialing,11.3,netbanking,enterprise,0.9,1,1
8271.77,9,0.3929,1,insufficient_funds,2,820,active,1.9,netbanking,regular,6.6,0,1
751.61,5,0.5285,2,insufficient_funds,1,173,past_due,2.2,card,starter,0.5,0,0
4500.23,2,0.858,1,insufficient_funds,0,137,active,0.6,upi,regular,7.2,0,1
3317.93,3,0.6975,4,insufficient_funds,1,398,past_due,2.5,netbanking,regular,1.1,1,0
831.84,3,0.5907,0,card_expired,0,277,past_due,4.8,wallet,regular,13.0,1,0
19904.23,30,0.7083,2,card_expired,1,205,trialing,1.7,card,regular,3.0,1,1
1408.42,15,0.6702,2,authentication_failed,0,65,trialing,0.9,card,starter,4.8,1,1
548.01,5,0.9458,2,insufficient_funds,5,203,active,5.8,upi,regular,8.3,0,1
4717.46,2,0.9062,1,insufficient_funds,1,195,past_due,3.6,netbanking,regular,0.2,0,1
6913.62,15,0.6134,1,insufficient_funds,0,27,active,2.7,card,enterprise,7.2,1,1
364.91,1,0.4198,2,network_error,0,174,past_due,2.0,card,enterprise,1.5,1,1
5575.23,2,0.6975,0,insufficient_funds,1,231,unpaid,1.3,netbanking,starter,1.2,1,1
3999.55,4,0.9134,0,insufficient_funds,1,329,active,0.5,card,regular,7.4,1,1
744.97,20,0.5894,0,insufficient_funds,0,203,active,1.2,upi,regular,3.2,0,1
1146.88,1,0.6353,0,gateway_timeout,1,206,past_due,1.3,card,regular,11.1,1,1
4396.35,1,0.859,1,gateway_timeout,3,210,active,1.6,card,regular,1.1,0,1
1957.43,6,0.9313,0,network_error,2,79,active,1.3,card,vip,5.1,0,1
14128.63,3,0.7605,1,insufficient_funds,0,522,unpaid,0.1,card,regular,4.9,0,1
8739.12,7,0.7131,1,network_error,0,241,active,1.4,upi,regular,8.8,0,1
20742.38,5,0.7431,0,authentication_failed,2,288,past_due,0.1,upi,regular,5.7,0,0
1703.3,5,0.8503,0,network_error,0,175,trialing,5.3,card,regular,1.8,1,1
17686.94,1,0.8683,2,gateway_timeout,2,40,active,0.8,card,regular,4.5,0,0
3021.43,1,0.8834,0,network_error,2,44,past_due,0.5,upi,vip,10.2,1,1
2334.86,16,0.9217,1,insufficient_funds,0,155,active,4.0,card,starter,9.6,0,1
458.31,20,0.642,1,authentication_failed,1,513,paused,11.9,upi,enterprise,10.1,1,0
471.04,2,0.7663,3,network_error,2,33,active,10.2,wallet,regular,3.8,1,1
6088.46,1,0.9382,3,insufficient_funds,3,175,active,3.2,card,regular,7.2,0,0
3261.79,0,0.7718,0,gateway_timeout,0,11,active,1.7,card,starter,1.3,1,1
1484.29,8,0.7075,1,network_error,5,514,active,1.0,upi,vip,14.3,1,1
4959.2,11,0.8541,1,insufficient_funds,1,76,active,1.9,card,regular,3.8,0,1
1657.5,4,0.7258,0,insufficient_funds,0,109,active,0.2,upi,regular,5.3,0,1
4509.39,10,0.7687,1,card_expired,2,45,active,3.5,wallet,starter,4.4,0,1
2425.26,11,0.972,3,authentication_failed,2,95,past_due,9.5,upi,starter,0.7,1,1
8873.65,25,0.9267,3,authentication_failed,1,125,past_due,4.4,upi,regular,9.3,0,1
8793.37,0,0.8114,0,insufficient_funds,0,44,active,3.9,card,vip,2.1,0,1
3444.22,2,0.848,2,authentication_failed,0,83,active,1.3,upi,regular,14.4,1,1
2360.22,0,0.8941,0,insufficient_funds,2,289,past_due,2.3,card,vip,0.3,1,1
2451.47,19,0.6084,2,authentication_failed,0,505,trialing,12.3,netbanking,regular,0.7,0,1
8392.13,14,0.7393,1,card_expired,0,262,active,5.4,upi,vip,1.4,0,1
2188.82,8,0.687,1,card_expired,4,823,active,0.3,card,regular,2.7,1,0
1372.66,0,0.9836,0,insufficient_funds,3,71,paused,0.8,upi,vip,3.0,1,1
642.45,3,0.8804,1,authentication_failed,1,113,active,2.3,netbanking,vip,0.3,0,1
3343.29,3,0.8884,0,network_error,0,100,active,7.3,card,enterprise,0.6,1,1
3490.18,7,0.8666,0,insufficient_funds,5,189,active,9.6,upi,enterprise,1.3,1,1
9391.39,2,0.9418,0,insufficient_funds,0,313,active,1.6,netbanking,vip,5.7,1,1
1450.25,0,0.5701,0,insufficient_funds,0,60,canceled,0.8,upi,regular,0.7,1,1
2598.18,12,0.7557,1,insufficient_funds,3,435,past_due,0.5,wallet,regular,6.7,0,1
8461.88,3,0.4773,3,card_expired,0,104,active,0.3,netbanking,regular,5.1,1,0
8875.67,5,0.598,2,card_expired,1,156,trialing,0.7,card,regular,3.7,1,0
2627.5,1,0.8999,1,gateway_timeout,0,453,active,0.4,upi,regular,3.4,0,1
3272.83,15,0.4338,3,network_error,1,100,canceled,2.8,card,starter,5.0,0,0
2006.9,7,0.8237,1,insufficient_funds,1,278,past_due,5.7,netbanking,regular,3.7,0,1
13682.21,22,0.6777,4,insufficient_funds,0,156,past_due,1.4,card,enterprise,0.2,1,1
831.47,6,0.7947,2,gateway_timeout,0,80,past_due,2.9,upi,regular,4.6,1,1
13771.56,26,0.5108,1,card_expired,0,149,trialing,8.4,upi,enterprise,0.9,0,1
5957.95,21,0.8358,0,insufficient_funds,0,356,trialing,10.1,card,vip,9.8,0,1
3991.87,8,0.7914,1,authentication_failed,5,276,active,1.7,wallet,regular,0.0,0,1
366.02,25,0.7649,2,gateway_timeout,0,352,trialing,5.3,netbanking,regular,0.4,0,1
3427.47,3,0.6814,1,insufficient_funds,0,95,trialing,0.3,card,starter,6.0,1,1
2819.12,4,0.5504,1,insufficient_funds,0,369,active,3.4,card,regular,11.4,0,1
1079.03,0,0.7979,1,insufficient_funds,1,130,active,3.6,upi,enterprise,12.0,0,1
5541.53,8,0.7065,0,insufficient_funds,0,193,canceled,3.2,wallet,starter,4.5,0,0
17928.38,12,0.9155,0,insufficient_funds,1,528,active,0.7,upi,regular,8.0,0,1
4329.84,14,0.5882,1,authentication_failed,0,317,trialing,4.4,card,regular,2.8,0,1
6472.0,1,0.5727,1,insufficient_funds,3,315,trialing,1.1,card,regular,3.9,0,1
554.53,5,0.6917,1,insufficient_funds,0,174,active,10.0,card,regular,11.5,0,1
2903.56,1,0.2366,2,insufficient_funds,2,217,active,0.4,upi,starter,3.7,0,0
818.52,10,0.9611,5,network_error,2,352,trialing,4.5,card,regular,7.1,0,0
4944.02,1,0.7204,5,card_expired,4,2,active,2.0,upi,regular,3.1,1,1
14142.14,22,0.7687,2,authentication_failed,1,134,active,1.6,card,regular,3.0,0,1
5620.26,2,0.7684,1,insufficient_funds,4,89,active,1.4,upi,vip,1.8,1,1
599.56,3,0.9209,2,insufficient_funds,1,74,active,1.9,card,regular,5.0,1,1
2389.94,18,0.8798,4,insufficient_funds,0,442,past_due,1.1,upi,regular,10.4,0,1
4199.91,5,0.5732,3,authentication_failed,1,162,active,7.4,card,regular,1.6,0,0
2780.93,0,0.9338,2,gateway_timeout,2,13,past_due,4.0,card,starter,1.8,0,1
9168.13,6,0.9545,2,insufficient_funds,3,933,trialing,5.4,card,regular,0.0,0,1
8628.11,0,0.6425,2,insufficient_funds,1,40,active,1.1,card,starter,1.6,0,0
4931.57,40,0.9333,3,insufficient_funds,4,143,active,0.9,upi,enterprise,14.4,0,1
2537.7,8,0.6204,0,insufficient_funds,1,250,active,2.2,upi,enterprise,7.9,0,1
1674.11,2,0.8172,1,authentication_failed,2,208,active,4.9,upi,regular,7.9,1,1
759.54,7,0.5458,0,insufficient_funds,3,143,active,14.3,upi,regular,9.6,0,1
2391.73,0,0.9527,3,authentication_failed,0,91,active,1.8,card,enterprise,12.2,1,1
2865.12,15,0.5306,0,card_expired,0,211,active,7.9,card,regular,1.7,0,0
5832.33,24,0.5805,1,insufficient_funds,1,484,active,10.7,card,enterprise,3.8,0,1
5567.06,19,0.7185,2,insufficient_funds,1,69,active,0.1,upi,enterprise,1.7,1,1
563.43,3,0.5639,1,insufficient_funds,2,17,active,5.0,card,regular,4.1,1,1
2714.78,3,0.6851,0,authentication_failed,1,111,past_due,2.2,upi,enterprise,2.6,0,1
1203.11,0,0.5879,2,card_expired,2,344,active,3.6,upi,regular,16.7,0,0
1052.83,10,0.8873,2,card_expired,0,1188,unpaid,3.0,card,enterprise,9.4,1,1
8981.06,7,0.5449,1,network_error,1,264,active,8.0,upi,vip,9.7,0,1
414.1,5,0.8851,1,insufficient_funds,0,178,unpaid,0.8,upi,regular,0.1,0,1
2916.6,22,0.7848,2,insufficient_funds,1,20,active,4.7,card,enterprise,13.4,0,1
1120.84,1,0.9385,2,insufficient_funds,4,105,active,1.2,upi,regular,14.3,1,1
10773.49,0,0.8434,1,authentication_failed,0,15,active,7.2,upi,starter,10.0,0,1
4271.38,0,0.6587,1,gateway_timeout,0,137,active,8.3,card,regular,8.4,1,1
1515.8,2,0.7063,4,insufficient_funds,1,169,trialing,1.0,card,regular,0.5,0,1
3690.07,0,0.5668,1,insufficient_funds,1,81,trialing,1.8,card,vip,3.8,1,1
6774.27,6,0.6697,0,authentication_failed,1,19,active,3.0,upi,starter,6.1,1,0
16064.5,3,0.764,0,authentication_failed,0,140,canceled,0.3,card,starter,2.1,1,1
1445.17,1,0.6331,0,card_expired,0,885,active,2.8,upi,vip,0.6,1,1
11065.76,13,0.9565,0,insufficient_funds,3,98,paused,3.7,netbanking,regular,0.3,1,1
13813.59,2,0.3215,1,gateway_timeout,0,95,unpaid,9.6,upi,starter,1.7,0,1
12609.79,11,0.4875,0,gateway_timeout,1,41,active,1.8,upi,enterprise,0.6,1,1
5244.97,4,0.7625,0,card_expired,1,203,active,1.1,card,regular,14.0,0,0
5168.84,6,0.836,2,card_expired,0,192,trialing,3.0,netbanking,regular,9.5,0,0
2780.96,25,0.5605,2,insufficient_funds,0,123,active,6.8,card,regular,4.2,0,1
7179.66,0,0.9339,4,authentication_failed,0,562,active,3.4,card,regular,0.2,1,1
3988.9,6,0.7215,3,authentication_failed,1,25,active,8.0,upi,regular,1.8,1,1
5857.3,18,0.7493,0,gateway_timeout,1,636,active,0.8,card,regular,0.4,1,1
2997.09,8,0.6664,2,network_error,0,133,active,8.2,upi,regular,1.2,1,1
6774.46,3,0.3054,0,insufficient_funds,1,37,active,3.3,card,regular,6.1,1,1
8899.77,4,0.5119,2,authentication_failed,1,208,past_due,1.3,upi,regular,8.2,0,1
991.68,10,0.6891,0,authentication_failed,0,285,active,0.4,upi,regular,3.8,1,1
9146.7,21,0.6492,1,insufficient_funds,0,82,active,0.3,upi,regular,1.4,0,1
4085.87,0,0.7138,0,gateway_timeout,2,454,active,4.5,upi,regular,5.2,1,1
9510.89,0,0.7226,1,authentication_failed,1,3,active,11.9,upi,regular,11.4,0,1
3022.03,3,0.755,1,gateway_timeout,1,108,trialing,5.2,upi,starter,1.4,1,1
2582.45,2,0.5491,1,gateway_timeout,3,526,past_due,5.4,upi,enterprise,0.2,0,0
12529.09,2,0.8421,3,insufficient_funds,0,284,trialing,0.9,upi,starter,1.6,0,1
1646.21,2,0.634,3,gateway_timeout,1,64,trialing,1.5,upi,enterprise,6.4,0,1
9496.31,2,0.5492,1,card_expired,1,152,active,6.4,netbanking,enterprise,1.9,1,1
3508.44,1,0.7354,1,authentication_failed,0,79,trialing,2.8,card,regular,12.2,0,1
3808.72,25,0.6994,0,card_expired,0,161,active,0.1,upi,regular,0.9,1,1
2044.23,1,0.775,1,insufficient_funds,1,455,active,1.2,upi,vip,7.6,1,1
4455.35,2,0.6703,1,network_error,0,13,canceled,8.5,card,vip,3.2,0,1
2166.78,2,0.5328,0,network_error,1,71,past_due,6.8,wallet,enterprise,0.7,1,1
400.31,25,0.855,2,insufficient_funds,1,8,active,0.8,upi,regular,6.6,1,1
1787.26,13,0.8288,0,insufficient_funds,0,1190,past_due,1.1,card,starter,0.1,1,1
232.0,14,0.7423,1,gateway_timeout,0,44,active,11.5,upi,starter,5.0,0,1
19364.85,1,0.7872,1,insufficient_funds,0,83,active,2.1,upi,starter,10.4,0,0
17069.94,17,0.8914,2,network_error,1,480,active,0.6,card,enterprise,0.1,0,1
2713.92,4,0.8982,0,insufficient_funds,4,180,past_due,2.8,upi,regular,5.1,0,0
6716.59,2,0.5992,1,insufficient_funds,0,723,unpaid,2.6,upi,vip,0.2,1,1
2321.76,8,0.8864,3,card_expired,0,224,unpaid,14.4,wallet,regular,9.4,1,0
5759.9,16,0.8937,2,insufficient_funds,2,321,trialing,4.1,upi,enterprise,10.4,1,1
8384.82,14,0.7865,0,network_error,2,240,active,2.4,upi,starter,7.2,0,1
14864.37,20,0.7671,1,authentication_failed,3,335,trialing,1.8,netbanking,regular,1.8,0,1
2755.9,24,0.9816,0,insufficient_funds,1,79,active,3.8,card,regular,2.0,0,1
7846.16,2,0.9103,1,gateway_timeout,0,101,canceled,3.0,card,enterprise,1.6,1,1
1745.74,5,0.9149,1,gateway_timeout,0,232,past_due,4.4,upi,regular,9.7,0,1
23394.83,0,0.7944,2,insufficient_funds,4,493,active,3.2,upi,regular,1.7,0,1
330.54,20,0.8529,2,insufficient_funds,3,65,active,9.6,wallet,regular,5.0,1,1
4825.76,1,0.8744,0,card_expired,1,787,past_due,0.1,card,regular,4.9,0,0
5586.79,18,0.6675,1,network_error,0,149,active,3.3,card,regular,1.6,1,1
6024.49,3,0.7083,3,network_error,0,37,canceled,6.3,card,starter,8.9,0,1
841.37,4,0.5286,0,insufficient_funds,0,514,active,0.4,upi,enterprise,4.4,0,1
14146.01,0,0.5926,1,authentication_failed,1,657,active,0.4,card,enterprise,1.9,0,1
1199.48,3,0.7803,1,network_error,4,433,canceled,0.4,upi,regular,2.3,0,1
5074.28,20,0.7182,1,insufficient_funds,1,143,past_due,11.4,card,enterprise,7.8,1,1
1459.49,0,0.5593,0,gateway_timeout,2,718,active,7.5,card,regular,3.3,0,0
2035.19,4,0.8552,2,network_error,2,101,active,0.5,wallet,enterprise,7.4,1,1
4153.34,0,0.7958,4,insufficient_funds,0,24,active,4.2,card,starter,3.3,0,1
2899.5,4,0.7837,1,gateway_timeout,1,106,canceled,3.5,upi,regular,0.1,0,0
1073.11,1,0.6776,1,gateway_timeout,2,114,past_due,0.6,upi,enterprise,1.6,0,1
1137.29,2,0.5317,0,insufficient_funds,0,404,active,3.0,card,regular,2.3,0,1
2907.67,19,0.7268,1,network_error,1,314,trialing,0.2,upi,starter,12.7,1,1
7279.3,5,0.9152,1,card_expired,0,243,active,0.1,netbanking,vip,16.6,0,1
11612.18,3,0.6601,2,network_error,2,54,active,1.4,card,starter,4.3,1,1
639.39,8,0.7055,3,authentication_failed,0,403,active,10.1,upi,enterprise,0.8,0,1
2696.99,1,0.771,3,insufficient_funds,0,9,trialing,3.3,upi,regular,6.3,1,1
728.17,2,0.6021,0,insufficient_funds,2,62,canceled,0.1,wallet,starter,2.3,0,0
283.66,7,0.6007,1,gateway_timeout,2,200,past_due,0.1,upi,vip,0.3,0,1
5619.39,2,0.6106,2,insufficient_funds,2,162,trialing,0.5,upi,regular,6.0,0,0
4812.17,10,0.6185,1,insufficient_funds,0,294,past_due,1.3,netbanking,vip,2.1,0,0
1089.77,6,0.6221,1,network_error,3,394,active,0.7,upi,regular,1.8,1,1
1531.64,14,0.4306,1,insufficient_funds,1,501,paused,1.0,upi,enterprise,17.6,1,0
319.97,28,0.7784,2,insufficient_funds,0,838,active,0.7,upi,regular,0.3,0,1
9207.45,1,0.9631,3,authentication_failed,0,202,active,6.0,card,starter,13.2,0,1
18582.9,3,0.8341,0,authentication_failed,0,218,trialing,2.1,upi,regular,5.1,0,1
927.79,3,0.762,0,insufficient_funds,0,206,active,4.5,upi,regular,3.0,0,1
1516.41,1,0.8084,2,insufficient_funds,1,567,active,1.5,netbanking,regular,2.9,1,1
10340.3,15,0.6995,1,insufficient_funds,0,371,past_due,2.4,wallet,starter,0.6,0,0
13249.89,13,0.5016,2,insufficient_funds,0,172,past_due,3.8,netbanking,regular,8.1,0,1
2920.42,6,0.8408,2,authentication_failed,0,289,active,0.3,upi,regular,1.3,1,1
459.74,7,0.7198,1,network_error,2,91,active,1.2,card,starter,9.7,1,0
400.94,0,0.363,2,network_error,0,46,active,13.2,upi,starter,9.8,1,1
4465.99,7,0.7685,0,insufficient_funds,0,13,active,7.7,card,enterprise,7.9,0,1
2695.27,14,0.9217,2,network_error,5,134,trialing,10.5,upi,regular,22.0,0,0
345.35,8,0.7846,1,insufficient_funds,1,117,active,0.2,upi,regular,6.5,0,1
4576.37,2,0.6872,1,authentication_failed,1,356,active,3.3,card,enterprise,10.2,0,1
256.83,10,0.8754,3,insufficient_funds,0,175,active,1.3,card,regular,5.2,0,1
7941.05,4,0.8739,3,card_expired,1,47,trialing,7.5,card,enterprise,29.1,1,1
2029.54,7,0.4619,1,authentication_failed,1,26,unpaid,3.6,wallet,regular,2.2,0,0
405.45,6,0.661,5,insufficient_funds,3,21,active,0.8,card,regular,1.6,1,0
4637.94,4,0.6362,3,network_error,1,5,active,0.3,upi,enterprise,4.0,0,1
2734.87,12,0.7935,1,network_error,3,20,active,4.8,card,starter,3.8,1,0
18410.06,20,0.4258,0,insufficient_funds,2,351,active,10.6,upi,regular,3.6,1,1
4128.49,0,0.5344,1,insufficient_funds,0,372,past_due,1.5,card,enterprise,0.9,1,1
1809.57,25,0.8472,2,insufficient_funds,4,110,active,2.3,upi,regular,1.7,0,1
6379.71,6,0.6146,1,insufficient_funds,0,9,active,5.3,wallet,starter,0.9,1,1
1783.78,11,0.8585,2,insufficient_funds,0,35,past_due,3.6,wallet,regular,1.2,1,1
11929.72,18,0.5383,2,gateway_timeout,0,178,active,3.9,upi,vip,11.9,1,1
2547.79,5,0.9769,0,authentication_failed,1,944,trialing,1.2,upi,starter,0.2,0,1
4191.08,17,0.4753,2,insufficient_funds,0,33,past_due,0.4,upi,enterprise,9.0,1,1
459.48,1,0.894,2,network_error,1,42,active,2.6,upi,regular,0.9,0,1
2976.69,1,0.4039,3,authentication_failed,4,130,active,3.2,upi,regular,2.0,1,0
9129.79,10,0.8533,1,network_error,1,240,active,5.9,upi,enterprise,5.0,0,1
8390.44,19,0.7805,0,insufficient_funds,0,125,active,0.3,card,regular,16.5,0,1
1470.07,21,0.5819,1,card_expired,3,246,trialing,0.8,upi,enterprise,8.4,1,1
1481.43,9,0.6379,1,card_expired,0,17,canceled,1.0,card,starter,16.2,0,0
8699.69,7,0.7211,1,card_expired,1,50,canceled,3.2,wallet,regular,22.5,0,0
13524.84,3,0.639,3,card_expired,1,19,active,2.1,wallet,enterprise,7.5,1,1
701.1,37,0.8329,3,card_expired,2,520,active,4.9,wallet,regular,0.5,0,1
3189.72,3,0.3758,1,card_expired,1,401,unpaid,7.9,card,regular,0.1,0,0
2258.33,12,0.8669,3,card_expired,1,78,past_due,3.9,card,regular,15.5,1,0
10427.65,7,0.6412,2,insufficient_funds,1,351,active,8.2,upi,enterprise,6.1,0,1
636.1,8,0.5884,1,insufficient_funds,2,417,trialing,4.3,card,regular,1.0,1,1
1385.74,4,0.496,2,insufficient_funds,0,477,active,3.6,netbanking,starter,5.8,0,1
7181.08,31,0.823,2,insufficient_funds,4,142,active,3.1,card,enterprise,3.2,1,1
463.28,8,0.3709,0,card_expired,1,868,past_due,2.8,card,regular,0.1,0,1
3591.64,26,0.9929,2,network_error,2,558,active,0.7,card,regular,1.8,0,1
3117.94,0,0.9284,0,insufficient_funds,1,310,active,2.7,upi,enterprise,1.6,0,1
2235.34,8,0.7386,1,authentication_failed,3,9,past_due,6.0,card,starter,5.3,0,1
2709.1,11,0.4736,0,insufficient_funds,1,335,past_due,3.2,upi,regular,7.3,0,0
3974.48,12,0.6153,2,authentication_failed,0,248,active,2.2,upi,regular,28.3,1,1
1079.91,22,0.8881,3,authentication_failed,3,728,active,11.2,wallet,enterprise,4.5,0,1
4443.11,0,0.7477,4,gateway_timeout,0,152,active,0.1,netbanking,regular,2.8,0,1
8384.88,0,0.9248,2,insufficient_funds,1,222,active,0.5,netbanking,regular,9.7,0,1
7338.94,6,0.5133,3,insufficient_funds,0,211,active,9.0,card,enterprise,5.0,0,1
1035.59,0,0.4609,0,insufficient_funds,0,7,active,0.5,card,regular,2.6,1,0
1008.18,34,0.4825,1,insufficient_funds,0,61,active,3.3,upi,regular,6.1,0,1
1761.07,2,0.7009,0,gateway_timeout,3,51,active,10.1,upi,vip,7.5,1,1
2439.84,6,0.575,0,authentication_failed,0,110,past_due,4.6,wallet,regular,10.1,0,0
2825.09,0,0.7852,2,authentication_failed,0,81,active,2.3,netbanking,regular,1.4,1,1
5892.44,7,0.79,1,insufficient_funds,1,98,active,0.3,upi,regular,1.3,1,1
491.75,4,0.6744,2,insufficient_funds,2,20,trialing,0.9,card,regular,1.2,0,0
376.44,0,0.5419,2,insufficient_funds,2,42,canceled,4.9,upi,regular,4.8,0,0
2687.17,3,0.8696,2,network_error,1,177,active,4.7,upi,vip,0.3,0,1
6172.81,4,0.7527,0,insufficient_funds,2,178,active,3.5,netbanking,regular,8.7,0,0
1274.86,43,0.8575,2,insufficient_funds,1,26,past_due,3.0,card,regular,10.2,1,1
5329.2,2,0.9524,3,gateway_timeout,2,233,active,1.4,upi,regular,19.0,0,1
1704.36,7,0.8381,2,authentication_failed,0,957,active,4.1,card,starter,7.3,0,0
11061.56,41,0.6042,1,gateway_timeout,0,125,active,11.8,netbanking,regular,0.8,0,1
11501.94,14,0.9306,2,insufficient_funds,0,45,active,4.3,upi,regular,11.0,1,1
1964.04,47,0.7357,1,card_expired,1,1351,unpaid,8.5,card,regular,3.7,0,0
1506.78,32,0.4805,1,network_error,0,187,past_due,5.0,wallet,enterprise,16.9,0,0
2849.23,6,0.7716,1,gateway_timeout,0,70,active,5.6,wallet,regular,4.3,1,1
1575.68,11,0.9546,1,insufficient_funds,4,525,past_due,0.6,wallet,starter,3.8,1,1
5779.56,1,0.7419,0,gateway_timeout,0,34,active,0.4,upi,starter,0.3,0,1
8945.36,5,0.8671,2,insufficient_funds,3,52,active,1.5,card,enterprise,2.1,0,1
5790.38,15,0.8122,1,insufficient_funds,2,354,past_due,1.9,upi,regular,13.8,0,1
8896.32,6,0.8793,5,insufficient_funds,0,605,active,4.1,netbanking,regular,4.6,1,1
2729.13,11,0.7819,0,insufficient_funds,0,141,active,2.0,upi,vip,2.1,0,1
1049.89,12,0.6598,4,card_expired,2,19,active,1.5,upi,regular,2.4,0,0
6896.12,2,0.5523,2,card_expired,3,246,active,20.6,upi,vip,5.0,1,1
2435.14,19,0.6967,1,insufficient_funds,0,362,active,3.6,wallet,vip,5.5,1,1
5762.61,5,0.6911,2,gateway_timeout,1,187,active,0.3,wallet,enterprise,5.6,1,1
1777.97,2,0.9426,1,insufficient_funds,1,125,active,0.1,upi,regular,0.5,1,1
623.6,19,0.8515,0,insufficient_funds,3,284,past_due,5.3,card,regular,4.4,0,1
24719.09,5,0.886,0,authentication_failed,1,160,past_due,2.5,upi,regular,4.8,0,1
1049.21,13,0.666,1,authentication_failed,0,381,active,9.0,card,enterprise,1.6,0,1
22492.81,7,0.843,1,insufficient_funds,2,2,trialing,5.5,card,vip,2.6,0,1
19122.53,4,0.8862,3,insufficient_funds,1,235,unpaid,6.3,card,enterprise,1.0,0,1
8094.98,15,0.6908,0,insufficient_funds,0,468,active,1.0,card,starter,1.0,0,1
5585.57,8,0.7463,1,insufficient_funds,1,286,trialing,1.7,card,regular,0.5,1,1
4511.46,4,0.7925,1,authentication_failed,4,210,active,4.6,netbanking,starter,2.8,0,0
10253.37,1,0.5997,0,insufficient_funds,2,64,active,7.4,upi,regular,5.2,0,1
1908.51,21,0.626,2,insufficient_funds,2,201,trialing,6.6,card,regular,13.8,0,0
3352.56,0,0.6305,2,network_error,0,422,active,1.6,netbanking,enterprise,4.7,0,1
5029.9,18,0.7231,0,network_error,0,489,active,3.6,upi,regular,3.6,0,1
2848.26,4,0.7042,1,insufficient_funds,1,254,paused,0.1,card,regular,12.5,0,0
2988.59,9,0.8831,2,network_error,0,1040,trialing,10.8,card,regular,2.6,1,1
2204.51,24,0.6952,0,insufficient_funds,1,32,active,1.3,card,regular,3.4,0,1
4353.22,1,0.7906,2,insufficient_funds,0,288,active,0.5,card,vip,3.0,0,1
9704.79,7,0.9402,1,insufficient_funds,0,12,active,6.0,card,regular,2.4,1,1
1325.28,13,0.744,1,insufficient_funds,0,482,active,5.0,upi,regular,5.5,1,1
13823.42,13,0.3879,1,gateway_timeout,0,376,active,1.8,upi,enterprise,9.8,0,1
6041.22,7,0.8073,2,authentication_failed,1,422,active,2.0,card,regular,13.5,0,1
8865.75,9,0.7667,4,network_error,1,113,active,4.8,card,enterprise,4.1,0,1
4261.8,13,0.7289,2,gateway_timeout,0,61,active,0.1,upi,regular,7.5,0,1
7759.67,17,0.7588,2,insufficient_funds,0,60,active,12.2,card,regular,4.7,0,0
281.67,13,0.8088,2,insufficient_funds,1,597,active,10.5,wallet,starter,2.0,1,1
8729.21,4,0.9351,0,insufficient_funds,2,185,trialing,2.0,upi,regular,8.5,1,1
404.83,54,0.8131,1,insufficient_funds,1,53,trialing,5.5,card,starter,14.3,1,1
11232.44,5,0.7765,4,insufficient_funds,0,21,active,3.3,upi,vip,1.0,0,1
24318.34,0,0.5552,1,card_expired,1,135,active,4.9,upi,starter,9.0,0,0
1941.18,4,0.741,0,insufficient_funds,0,37,active,9.5,upi,regular,5.0,0,1
1380.63,1,0.7119,0,gateway_timeout,3,110,active,2.2,upi,regular,12.0,0,0
7448.59,1,0.8552,3,authentication_failed,0,37,active,2.3,wallet,regular,5.5,0,1
1658.63,3,0.6825,0,insufficient_funds,0,196,trialing,7.3,card,regular,16.5,1,1
10233.28,0,0.9347,0,insufficient_funds,0,17,active,0.1,upi,regular,1.0,1,1
742.62,11,0.7374,1,insufficient_funds,1,16,past_due,1.2,upi,enterprise,1.3,0,1
873.12,0,0.7925,1,network_error,1,424,active,0.6,upi,starter,2.3,1,1
19552.38,2,0.5777,0,authentication_failed,1,22,active,9.1,upi,enterprise,6.8,1,1
5801.82,0,0.8354,0,card_expired,5,870,active,3.3,upi,starter,2.0,0,0
9582.9,0,0.682,1,insufficient_funds,0,216,active,0.2,card,regular,0.5,0,1
2160.25,2,0.5547,0,insufficient_funds,0,88,active,2.2,card,regular,1.5,0,0
5842.53,8,0.3989,1,insufficient_funds,2,80,canceled,7.0,upi,regular,7.6,1,0
4709.99,31,0.8173,2,insufficient_funds,0,274,trialing,0.4,card,enterprise,18.8,1,0
4820.99,19,0.5307,0,insufficient_funds,4,497,active,1.4,card,regular,1.0,1,1
5936.9,19,0.4567,1,network_error,2,185,active,9.0,card,starter,13.1,1,0
4482.56,1,0.7884,2,card_expired,1,363,active,0.3,upi,regular,0.0,0,1
3002.38,2,0.4934,1,card_expired,2,687,past_due,22.2,card,enterprise,3.6,0,1
1814.29,0,0.8702,1,insufficient_funds,2,233,active,1.5,wallet,regular,0.5,0,1
7517.63,14,0.8877,0,authentication_failed,1,137,active,0.2,wallet,regular,19.3,0,0
1482.68,0,0.9034,0,insufficient_funds,0,30,active,0.7,card,regular,4.2,0,1
6094.03,7,0.924,1,card_expired,1,294,active,4.1,upi,regular,1.9,0,1
1528.51,2,0.5568,1,authentication_failed,0,478,active,0.6,netbanking,enterprise,13.9,1,1
5108.55,2,0.7615,0,insufficient_funds,2,5,active,5.7,upi,regular,4.0,1,1
7073.38,44,0.8661,0,network_error,0,261,trialing,2.0,card,regular,22.7,0,1
1434.07,13,0.5701,2,insufficient_funds,0,18,active,9.1,card,regular,4.6,0,1
509.08,17,0.8618,2,insufficient_funds,0,715,trialing,0.3,upi,regular,22.3,0,1
901.91,8,0.877,4,authentication_failed,4,134,active,2.0,upi,enterprise,6.2,0,1
4856.98,19,0.7246,2,authentication_failed,2,52,active,3.6,upi,enterprise,7.9,0,1
9667.18,9,0.8207,1,insufficient_funds,1,57,active,7.5,upi,enterprise,3.5,0,1
430.2,27,0.8158,2,gateway_timeout,0,24,active,3.1,wallet,enterprise,5.4,0,1
6824.14,3,0.5232,2,insufficient_funds,0,268,unpaid,5.6,upi,starter,0.2,0,0
2287.58,8,0.4532,0,insufficient_funds,2,528,past_due,4.0,card,starter,0.6,1,1
3455.5,11,0.7519,1,gateway_timeout,1,120,active,1.4,upi,regular,0.6,1,1
13415.5,4,0.8727,5,authentication_failed,0,190,active,2.1,upi,regular,2.9,0,1
2217.12,20,0.665,0,insufficient_funds,1,75,active,7.4,card,starter,6.8,1,1
3330.59,37,0.3355,3,network_error,0,375,trialing,0.5,upi,regular,8.7,0,1
268.88,6,0.6927,0,gateway_timeout,1,263,trialing,13.8,upi,regular,16.6,0,1
625.6,4,0.7288,1,insufficient_funds,1,1500,active,4.0,card,enterprise,0.6,1,1
1696.02,6,0.8132,0,card_expired,3,477,active,2.2,wallet,enterprise,4.6,1,0
341.24,18,0.6745,3,insufficient_funds,5,38,active,8.1,upi,regular,2.3,1,0
5189.88,9,0.9709,2,network_error,0,465,active,3.4,card,enterprise,1.2,0,1
2979.1,0,0.5682,1,network_error,2,14,past_due,4.8,card,starter,6.4,1,0
4171.97,7,0.8649,3,insufficient_funds,3,41,active,0.4,upi,regular,2.0,0,0
1159.72,0,0.7295,2,gateway_timeout,1,122,active,7.1,card,regular,1.3,0,1
1954.4,14,0.95,0,authentication_failed,0,53,active,9.8,wallet,regular,4.7,0,1
5650.61,3,0.8672,2,card_expired,0,84,active,0.4,card,regular,5.9,0,1
17005.47,6,0.8658,2,card_expired,1,310,active,1.0,wallet,regular,0.1,0,1
458.66,15,0.7687,1,authentication_failed,0,206,active,2.1,upi,regular,3.7,0,1
11253.87,0,0.9462,0,authentication_failed,0,128,active,2.9,upi,enterprise,1.1,1,1
4500.51,1,0.767,1,insufficient_funds,0,260,active,9.4,netbanking,regular,1.9,1,1
4349.64,4,0.4649,2,network_error,4,1,trialing,26.9,netbanking,enterprise,6.9,1,1
3668.52,2,0.8775,2,authentication_failed,3,528,active,5.5,upi,vip,5.2,0,1
559.6,3,0.635,2,insufficient_funds,4,126,active,5.4,card,enterprise,4.0,0,0
670.88,59,0.7304,3,gateway_timeout,4,168,active,6.1,card,vip,5.0,0,1
4792.87,16,0.9658,2,insufficient_funds,1,32,active,0.7,upi,starter,4.5,0,1
2284.84,20,0.5795,2,insufficient_funds,1,354,past_due,2.1,upi,regular,1.6,0,1
12660.75,26,0.4692,3,network_error,2,1326,active,5.8,netbanking,regular,5.6,1,1
2809.35,3,0.8732,3,card_expired,4,364,active,9.3,upi,regular,1.5,1,1
973.23,3,0.5685,1,gateway_timeout,1,38,trialing,10.5,card,regular,11.5,0,0
6471.4,2,0.9175,2,authentication_failed,0,665,canceled,0.1,upi,regular,0.9,1,1
1936.12,16,0.3524,2,insufficient_funds,0,220,active,10.3,card,regular,10.0,0,1
3927.16,10,0.5624,1,insufficient_funds,1,503,active,11.8,card,vip,3.6,1,1
6183.87,2,0.7983,5,insufficient_funds,0,138,active,0.1,wallet,regular,6.1,1,1
11726.15,4,0.6762,0,authentication_failed,1,82,trialing,0.1,wallet,enterprise,0.2,0,1
8055.68,6,0.4788,2,insufficient_funds,4,6,past_due,1.3,wallet,regular,9.3,0,0
5840.63,7,0.6384,3,insufficient_funds,0,742,active,0.2,card,regular,10.3,1,1
5891.44,20,0.7028,2,network_error,0,42,trialing,3.9,card,enterprise,1.8,1,1
14786.88,4,0.8176,2,gateway_timeout,4,381,active,2.4,wallet,regular,5.9,1,1
1953.64,22,0.9154,0,authentication_failed,1,82,active,1.1,upi,regular,0.1,0,1
205.56,5,0.4737,1,insufficient_funds,0,212,active,6.3,card,regular,8.3,1,1
1786.96,13,0.5573,1,card_expired,0,437,paused,0.8,upi,enterprise,10.6,0,1
1428.81,25,0.7828,2,insufficient_funds,3,108,active,5.8,netbanking,regular,3.0,0,1
5621.1,22,0.6325,0,insufficient_funds,1,142,canceled,14.4,upi,regular,0.2,1,1
5221.67,0,0.866,2,network_error,1,39,trialing,3.5,card,starter,1.6,1,1
4700.38,2,0.5527,1,network_error,0,137,active,7.0,card,enterprise,5.9,1,1
281.88,6,0.757,1,gateway_timeout,1,437,active,0.4,upi,regular,1.9,0,1
6724.09,5,0.6011,0,authentication_failed,2,531,past_due,1.5,card,regular,8.0,0,1
2154.34,9,0.6496,3,card_expired,0,252,active,4.7,card,enterprise,0.1,0,1
5668.96,27,0.5469,2,gateway_timeout,0,158,active,4.8,upi,regular,8.9,0,1
4266.17,1,0.7111,0,gateway_timeout,1,58,unpaid,0.5,upi,regular,20.4,1,1
2298.31,5,0.6196,0,gateway_timeout,1,152,active,9.9,card,regular,4.1,1,0
922.68,2,0.6401,1,network_error,0,411,active,11.9,card,vip,1.6,1,1
695.89,21,0.9144,4,insufficient_funds,1,93,active,0.1,wallet,regular,0.3,1,1
9104.64,31,0.3468,2,insufficient_funds,1,405,active,6.7,card,regular,0.6,0,1
12729.48,6,0.7727,5,authentication_failed,0,1,active,0.6,netbanking,regular,12.6,0,1
5446.08,1,0.8465,0,insufficient_funds,0,107,unpaid,0.5,upi,regular,5.3,0,0
745.92,14,0.7843,0,insufficient_funds,0,1157,active,4.8,upi,regular,0.7,0,1
2771.05,11,0.7466,1,network_error,2,605,unpaid,0.3,card,regular,2.0,0,0
6727.06,4,0.8052,2,network_error,0,261,canceled,2.4,upi,starter,4.9,1,1
7766.57,20,0.8414,2,insufficient_funds,2,170,active,1.9,upi,enterprise,1.9,0,1
829.06,35,0.8458,1,card_expired,1,309,active,4.5,upi,starter,10.8,0,1
200.15,7,0.8916,2,authentication_failed,3,989,active,6.4,upi,regular,0.2,0,1
6426.35,7,0.7202,1,authentication_failed,0,8,active,0.9,card,regular,10.0,0,1
2404.91,3,0.9284,1,insufficient_funds,0,81,past_due,0.8,card,starter,0.5,0,0
1668.38,8,0.7129,2,insufficient_funds,0,1335,past_due,9.5,card,regular,6.9,0,1
264.91,5,0.6871,2,insufficient_funds,0,232,active,0.1,netbanking,regular,0.7,1,1
4085.9,3,0.6437,1,authentication_failed,0,329,active,3.3,card,enterprise,3.5,0,1
9724.11,0,0.5697,1,authentication_failed,2,351,active,3.6,upi,regular,2.8,0,1
16006.77,2,0.4982,1,insufficient_funds,5,126,trialing,6.8,card,regular,4.5,0,0
4370.62,2,0.8366,3,card_expired,0,708,active,1.0,wallet,vip,30.0,1,1
3812.48,7,0.8638,5,insufficient_funds,0,45,past_due,11.9,card,regular,7.2,1,0
644.46,8,0.6081,2,insufficient_funds,1,417,canceled,0.3,card,enterprise,0.8,1,1
4180.03,8,0.8593,2,insufficient_funds,1,201,active,1.4,upi,regular,3.5,1,1
2590.01,4,0.5195,1,gateway_timeout,0,85,past_due,1.1,netbanking,enterprise,1.6,0,1
4871.45,5,0.8563,3,insufficient_funds,0,164,past_due,1.0,card,enterprise,4.0,0,1
2661.05,17,0.7996,1,insufficient_funds,2,191,active,0.7,card,regular,0.7,1,1
1574.15,6,0.6796,1,insufficient_funds,0,114,trialing,0.8,netbanking,regular,6.9,0,1
698.91,41,0.5027,0,insufficient_funds,0,91,past_due,6.0,card,starter,8.7,1,0
2091.09,5,0.6901,1,insufficient_funds,4,147,past_due,13.4,wallet,starter,0.8,0,0
708.2,9,0.8556,0,gateway_timeout,0,453,past_due,5.9,upi,enterprise,13.2,0,1
1173.37,0,0.8278,0,authentication_failed,3,312,active,1.2,upi,starter,11.1,1,1
22045.02,10,0.8929,1,card_expired,3,22,canceled,1.2,upi,regular,8.4,0,1
3135.87,18,0.6633,1,gateway_timeout,1,364,active,5.3,upi,regular,6.5,0,1
3995.07,27,0.7585,3,authentication_failed,1,659,trialing,1.6,upi,starter,5.9,0,1
10542.25,56,0.7999,2,insufficient_funds,4,795,past_due,6.4,upi,vip,1.4,1,1
27295.54,3,0.5119,0,network_error,4,131,active,0.1,upi,regular,9.0,1,1
4569.92,8,0.7601,3,insufficient_funds,1,623,canceled,1.9,upi,regular,4.1,0,0
8569.18,5,0.6241,0,network_error,2,46,active,1.9,card,enterprise,2.0,1,1
2179.61,7,0.6079,2,card_expired,3,128,active,1.6,card,regular,0.8,1,1
2024.57,1,0.2892,5,insufficient_funds,0,177,past_due,5.1,card,starter,6.6,0,0
2776.71,18,0.7523,2,network_error,1,51,past_due,4.5,card,starter,1.0,1,1
5781.45,22,0.9592,1,insufficient_funds,3,292,active,21.4,upi,regular,14.4,0,1
5931.53,5,0.7305,1,card_expired,3,133,active,3.8,upi,regular,14.6,0,0
2093.43,3,0.9386,0,network_error,5,35,past_due,7.2,upi,vip,7.1,1,1
914.79,1,0.637,1,authentication_failed,2,188,past_due,1.1,card,regular,7.0,1,1
5203.75,10,0.8013,3,authentication_failed,0,85,canceled,4.2,upi,vip,3.1,0,1
886.7,3,0.8897,2,gateway_timeout,1,708,past_due,2.6,netbanking,regular,23.8,0,1
4519.59,22,0.8588,2,authentication_failed,5,437,active,7.7,card,regular,2.0,1,1
6111.42,10,0.5954,1,insufficient_funds,1,426,active,8.5,upi,regular,6.0,1,1
6230.07,9,0.7739,1,insufficient_funds,0,258,past_due,1.2,upi,vip,5.4,0,1
7201.4,7,0.816,1,insufficient_funds,0,26,paused,0.2,wallet,vip,1.5,0,1
10512.31,0,0.8661,2,insufficient_funds,0,148,active,3.1,netbanking,starter,4.4,0,1
3665.33,25,0.4847,0,insufficient_funds,2,262,active,1.6,card,vip,2.8,0,1
6751.28,9,0.6661,1,insufficient_funds,0,56,trialing,5.0,wallet,enterprise,5.5,1,1
5027.05,48,0.6013,3,insufficient_funds,1,129,active,0.1,netbanking,regular,3.5,0,1
1232.91,7,0.677,2,insufficient_funds,1,165,active,4.7,card,regular,1.6,0,1
330.13,11,0.7708,2,insufficient_funds,0,450,past_due,3.1,wallet,regular,0.9,1,1
1874.16,0,0.9537,0,gateway_timeout,1,120,active,1.6,card,enterprise,1.4,0,1
3126.25,9,0.6073,1,network_error,3,108,active,3.4,upi,regular,4.5,1,1
4999.98,13,0.8221,1,insufficient_funds,2,324,active,10.9,upi,enterprise,1.0,0,1
9684.24,14,0.8226,2,card_expired,1,105,active,8.7,upi,regular,1.5,1,1
1292.31,13,0.8081,3,authentication_failed,1,27,active,8.3,card,enterprise,0.5,1,1
870.8,2,0.1953,1,insufficient_funds,0,386,past_due,1.1,upi,enterprise,11.3,1,0
16749.47,35,0.7607,0,card_expired,0,116,past_due,2.1,card,regular,0.1,1,1
771.7,50,0.445,3,gateway_timeout,0,1080,trialing,0.3,netbanking,enterprise,0.9,0,1
3455.14,0,0.9738,4,network_error,0,177,active,0.6,upi,starter,6.9,0,0
4604.18,26,0.8566,1,network_error,0,17,active,1.1,card,regular,1.1,1,1
4097.61,3,0.9023,1,gateway_timeout,1,360,active,8.6,upi,regular,5.1,0,1
649.8,11,0.7647,1,network_error,1,119,active,0.5,upi,regular,0.9,1,1
493.59,3,0.5329,1,insufficient_funds,1,33,past_due,1.7,upi,starter,4.1,0,1
757.36,32,0.492,2,insufficient_funds,0,204,canceled,0.1,card,vip,7.9,1,1
4604.47,1,0.5075,0,insufficient_funds,0,72,unpaid,1.2,card,regular,0.2,1,1
4130.1,6,0.9421,1,gateway_timeout,4,701,active,6.4,netbanking,regular,12.1,1,1
1531.17,5,0.6652,3,insufficient_funds,2,302,active,10.4,upi,regular,0.5,0,0
5277.44,3,0.653,1,gateway_timeout,1,134,canceled,2.1,upi,regular,3.2,1,0
8775.87,9,0.6255,3,gateway_timeout,0,368,past_due,1.3,upi,regular,16.6,1,1
412.34,1,0.5863,2,card_expired,0,156,active,3.4,card,starter,0.6,1,1
3647.07,11,0.7997,1,insufficient_funds,0,634,active,0.1,card,starter,4.2,0,1
6044.8,37,0.9102,3,authentication_failed,1,312,active,1.6,netbanking,starter,1.7,0,0
1653.85,15,0.6858,1,insufficient_funds,0,963,active,6.2,upi,enterprise,8.4,0,1
2039.19,18,0.7427,0,insufficient_funds,1,104,canceled,0.1,upi,enterprise,4.8,0,1
4954.9,4,0.4553,5,network_error,0,442,trialing,1.3,card,regular,5.6,1,0
11610.74,3,0.7609,0,insufficient_funds,2,83,active,0.9,upi,regular,12.6,1,1
8501.67,6,0.8037,1,insufficient_funds,0,104,active,1.7,card,regular,2.7,0,1
4574.91,0,0.9445,0,card_expired,0,70,active,0.3,upi,vip,14.7,0,1
6750.77,27,0.8158,2,insufficient_funds,1,455,canceled,2.2,upi,regular,3.0,0,1
2469.25,1,0.9196,1,card_expired,0,577,active,2.5,card,regular,1.4,0,0
5321.68,22,0.8221,0,gateway_timeout,4,55,active,0.4,upi,regular,0.7,1,1
3338.5,0,0.9145,3,insufficient_funds,0,501,trialing,6.9,netbanking,enterprise,3.7,0,1
1253.21,16,0.8864,0,authentication_failed,0,837,past_due,5.2,card,regular,16.9,1,1
6248.92,1,0.7534,0,gateway_timeout,1,190,active,1.2,card,vip,1.6,1,1
4264.89,0,0.798,0,gateway_timeout,0,70,active,0.6,upi,regular,3.2,0,1
2420.68,12,0.7194,3,authentication_failed,4,670,trialing,25.4,card,regular,11.5,0,0
12314.69,3,0.494,0,insufficient_funds,0,645,canceled,0.1,card,regular,2.7,0,0
305.78,11,0.7905,4,network_error,0,36,past_due,2.9,card,enterprise,2.3,0,1
2097.33,7,0.4974,1,insufficient_funds,1,796,trialing,5.3,netbanking,enterprise,4.4,1,1
492.82,1,0.7026,5,gateway_timeout,1,91,past_due,11.1,upi,starter,6.4,1,1
7473.45,25,0.7002,1,card_expired,1,146,paused,3.0,card,regular,6.9,0,1
6255.11,5,0.878,2,insufficient_funds,0,202,paused,3.4,card,regular,1.3,0,1
2212.49,12,0.5774,2,authentication_failed,2,101,canceled,8.9,wallet,regular,0.3,1,1
5829.86,6,0.6826,0,authentication_failed,0,17,past_due,2.1,netbanking,enterprise,11.3,1,1
2720.39,8,0.6386,1,authentication_failed,1,316,active,1.9,card,regular,7.6,0,0
7258.14,3,0.8061,3,insufficient_funds,1,368,trialing,8.9,card,regular,4.0,0,1
3227.36,2,0.6309,3,insufficient_funds,3,190,past_due,5.2,upi,enterprise,14.9,0,0
2857.52,7,0.5542,2,gateway_timeout,0,141,trialing,4.4,upi,starter,12.3,0,1
13846.11,5,0.9167,3,authentication_failed,0,325,unpaid,0.7,upi,starter,3.2,1,1
1644.27,4,0.7923,1,gateway_timeout,2,1297,paused,2.2,wallet,vip,4.3,1,1
841.71,10,0.7619,0,insufficient_funds,0,674,active,2.0,card,regular,6.1,1,0
4591.88,11,0.6015,1,insufficient_funds,0,207,active,9.8,card,regular,3.4,0,0
17621.02,0,0.7794,0,authentication_failed,1,426,past_due,0.2,netbanking,enterprise,1.4,1,1
2572.78,3,0.7162,1,insufficient_funds,2,63,canceled,16.7,card,starter,6.2,0,0
520.22,5,0.5732,1,insufficient_funds,0,117,active,9.8,upi,regular,4.5,0,1
2272.32,0,0.7907,0,card_expired,2,810,active,4.0,card,regular,5.9,0,1
3725.41,2,0.8607,2,insufficient_funds,0,203,trialing,2.2,netbanking,regular,2.4,1,1
1083.23,0,0.9608,0,insufficient_funds,4,194,active,5.9,upi,starter,5.2,0,1
5566.22,52,0.8997,0,gateway_timeout,0,70,active,7.2,upi,enterprise,3.0,1,1
30682.77,12,0.5473,1,card_expired,0,170,active,0.8,upi,enterprise,0.8,1,1
3205.02,0,0.4247,4,network_error,0,46,active,8.3,upi,enterprise,0.2,1,1
2390.42,0,0.8019,1,card_expired,3,330,active,0.6,card,regular,9.0,0,1
2760.0,12,0.9588,1,gateway_timeout,0,516,past_due,2.1,card,regular,8.2,1,1
811.66,5,0.7937,1,card_expired,0,372,active,0.9,netbanking,enterprise,0.5,0,1
10939.61,14,0.7198,1,authentication_failed,2,34,active,3.1,card,enterprise,1.1,0,1
2879.23,24,0.6758,1,insufficient_funds,4,207,active,10.7,netbanking,vip,5.2,1,1
2649.19,8,0.4427,0,gateway_timeout,1,115,past_due,1.7,card,enterprise,4.5,1,1
5589.5,1,0.8663,2,insufficient_funds,4,99,past_due,6.8,wallet,regular,3.9,1,1
3117.28,14,0.8809,5,insufficient_funds,1,399,active,2.9,netbanking,regular,1.1,1,1
5423.94,29,0.5398,0,insufficient_funds,0,164,trialing,6.7,netbanking,regular,1.3,0,1
517.08,8,0.5935,3,authentication_failed,2,471,canceled,9.2,upi,enterprise,2.9,0,0
8602.61,10,0.7889,1,network_error,0,131,paused,2.3,upi,regular,6.0,1,1
14309.23,3,0.9508,1,network_error,0,197,active,2.0,card,enterprise,5.0,0,1
5431.5,4,0.7915,3,gateway_timeout,2,97,past_due,1.0,card,enterprise,2.4,0,1
15657.46,12,0.4881,0,insufficient_funds,0,128,active,8.9,card,regular,6.4,1,1
1021.03,24,0.853,2,insufficient_funds,0,289,active,5.5,upi,starter,4.7,0,1
3444.85,9,0.4955,3,insufficient_funds,5,84,canceled,2.5,card,vip,0.6,1,0
4804.09,14,0.6445,3,authentication_failed,0,1500,past_due,2.0,card,enterprise,11.6,0,1
4558.22,1,0.8615,0,insufficient_funds,1,424,active,0.4,netbanking,regular,18.6,0,1
2766.32,2,0.4532,1,gateway_timeout,0,33,trialing,0.9,card,regular,5.2,1,1
2263.09,7,0.8252,1,authentication_failed,0,66,trialing,1.3,upi,regular,0.6,0,1
878.09,1,0.6328,2,insufficient_funds,0,280,canceled,8.6,wallet,regular,1.2,0,0
2685.78,9,0.7204,0,insufficient_funds,1,48,active,4.4,card,enterprise,0.9,0,1
1087.63,3,0.7279,1,insufficient_funds,1,2,active,0.8,upi,regular,1.9,0,1
6828.17,14,0.6461,3,gateway_timeout,1,262,paused,1.7,wallet,starter,10.7,1,1
1371.22,15,0.5077,2,insufficient_funds,2,67,active,0.8,wallet,regular,0.3,1,1
501.75,5,0.7856,0,insufficient_funds,1,49,past_due,1.4,card,starter,0.4,1,0
4218.9,1,0.7782,1,insufficient_funds,1,284,canceled,0.7,card,regular,10.0,1,1
4722.18,9,0.8619,0,gateway_timeout,0,132,active,6.9,wallet,enterprise,19.6,1,1
10475.23,46,0.6158,1,insufficient_funds,1,712,active,0.2,netbanking,vip,12.0,1,1
4501.7,9,0.9278,3,insufficient_funds,0,78,active,2.4,card,enterprise,1.8,1,1
2319.27,0,0.8895,3,insufficient_funds,0,71,active,1.3,netbanking,enterprise,0.7,0,1
8323.06,0,0.4113,1,insufficient_funds,0,208,active,2.1,upi,enterprise,8.1,0,1
4085.68,3,0.6453,1,insufficient_funds,0,170,paused,9.0,card,vip,4.1,1,1
613.0,2,0.709,2,insufficient_funds,0,26,active,2.4,card,regular,4.0,0,1
4371.83,15,0.5915,1,gateway_timeout,0,234,trialing,2.3,card,vip,1.5,1,1
12130.84,17,0.7739,0,authentication_failed,0,337,active,2.2,upi,enterprise,4.2,1,1
2723.49,2,0.7769,2,insufficient_funds,1,55,active,0.6,card,enterprise,1.7,0,1
1957.2,3,0.6248,1,gateway_timeout,0,74,active,3.3,upi,regular,2.8,1,1
974.33,2,0.704,1,insufficient_funds,0,18,active,1.3,upi,regular,2.8,1,1
1021.1,22,0.9804,2,insufficient_funds,0,53,active,3.8,card,regular,5.5,0,1
3034.97,6,0.5514,2,network_error,0,122,past_due,4.3,netbanking,regular,13.4,1,1
4727.74,10,0.8188,1,card_expired,1,277,active,6.7,card,regular,5.0,0,1
620.25,5,0.8113,1,network_error,2,178,active,4.9,card,regular,2.0,0,1
14231.23,9,0.8087,0,insufficient_funds,0,52,trialing,3.8,upi,regular,11.9,0,0
7235.21,4,0.2799,3,authentication_failed,1,31,active,5.9,card,enterprise,1.7,0,1
4616.99,3,0.9188,3,insufficient_funds,1,171,trialing,4.3,wallet,starter,5.3,0,1
9014.07,9,0.7031,1,card_expired,2,780,active,1.7,card,regular,4.5,1,1
617.92,8,0.9669,0,authentication_failed,0,95,unpaid,0.5,upi,regular,0.6,1,1
3439.33,3,0.9559,1,gateway_timeout,1,43,active,5.6,upi,enterprise,3.4,1,1
5172.52,1,0.6766,1,insufficient_funds,0,440,past_due,1.0,card,regular,5.6,0,0
9020.32,4,0.8514,1,insufficient_funds,3,85,active,7.9,netbanking,regular,5.2,1,0
7850.12,5,0.4649,2,gateway_timeout,1,29,active,4.8,netbanking,starter,5.5,0,1
1822.21,9,0.8413,3,authentication_failed,0,1164,active,2.4,netbanking,starter,10.0,0,1
14340.94,23,0.7621,1,card_expired,0,61,active,13.2,card,regular,2.7,1,0
863.92,0,0.7777,2,insufficient_funds,0,107,unpaid,5.6,card,regular,9.1,1,0
10602.56,2,0.8817,1,network_error,5,54,active,2.6,netbanking,vip,12.5,0,1
17892.01,2,0.5018,0,network_error,2,757,active,1.4,netbanking,starter,3.7,1,1
1174.93,6,0.7438,3,gateway_timeout,0,286,active,1.2,card,enterprise,12.6,1,1
6601.86,5,0.829,2,authentication_failed,0,336,active,1.2,upi,regular,11.5,1,1
405.6,12,0.7159,1,insufficient_funds,0,27,active,2.5,upi,enterprise,9.1,1,1
2799.52,2,0.6414,2,insufficient_funds,1,279,active,0.8,upi,regular,5.1,1,1
3831.28,8,0.569,5,network_error,0,184,unpaid,5.0,card,regular,3.2,0,0
4545.19,20,0.7801,1,insufficient_funds,0,163,paused,7.2,upi,enterprise,1.4,1,1
13939.46,22,0.455,1,insufficient_funds,0,178,active,0.3,card,regular,3.0,0,1
5777.53,30,0.8929,1,insufficient_funds,2,249,active,5.5,upi,enterprise,12.2,0,1
3481.94,14,0.9286,1,insufficient_funds,0,22,past_due,2.8,card,enterprise,1.7,1,1
8495.11,22,0.4476,0,insufficient_funds,1,222,active,0.3,wallet,enterprise,9.7,1,0
15232.23,2,0.6758,2,gateway_timeout,0,167,past_due,1.4,card,enterprise,2.8,1,1
311.57,2,0.7441,1,card_expired,1,116,active,8.6,upi,regular,7.9,0,0
20433.85,0,0.6514,5,insufficient_funds,0,201,active,5.0,card,regular,2.3,0,0
650.35,11,0.766,1,card_expired,0,113,active,2.0,upi,starter,0.5,0,1
8620.45,26,0.7138,0,gateway_timeout,1,38,past_due,5.0,card,enterprise,2.5,1,1
1844.85,1,0.9542,1,insufficient_funds,1,17,trialing,1.2,upi,vip,11.2,1,1
908.85,9,0.4933,0,insufficient_funds,0,33,active,0.8,netbanking,regular,3.1,1,1
3097.8,13,0.735,2,insufficient_funds,0,267,unpaid,10.0,netbanking,regular,2.4,0,0
5363.51,24,0.7729,1,authentication_failed,1,345,paused,1.6,card,starter,28.9,0,1
2597.86,9,0.9815,2,network_error,0,280,active,1.0,card,regular,3.8,0,1
480.55,33,0.8013,2,card_expired,0,2,active,3.7,upi,regular,0.2,0,1
4774.72,4,0.3908,5,card_expired,0,189,trialing,8.5,card,vip,0.6,0,0
11834.56,4,0.6975,3,insufficient_funds,0,4,active,5.7,upi,enterprise,1.9,0,1
2616.18,7,0.6345,0,network_error,0,17,canceled,2.3,upi,vip,9.4,0,0
1418.85,4,0.9071,1,insufficient_funds,2,19,trialing,4.0,card,regular,3.2,0,0
3122.16,0,0.7106,0,gateway_timeout,1,28,active,0.9,card,regular,0.2,1,1
447.86,12,0.8808,2,insufficient_funds,3,10,active,2.9,upi,vip,1.1,0,1
8787.55,13,0.8019,0,authentication_failed,0,17,active,7.3,wallet,vip,0.7,0,1
8953.3,13,0.8399,1,gateway_timeout,1,323,trialing,10.9,card,regular,7.5,1,1
4633.67,4,0.6739,2,authentication_failed,2,169,past_due,5.3,card,starter,1.4,0,0
2377.84,7,0.7721,2,insufficient_funds,1,776,past_due,2.0,card,regular,2.7,0,1
8241.78,4,0.8894,2,card_expired,0,206,trialing,1.2,wallet,enterprise,4.1,0,1
4244.89,0,0.727,1,gateway_timeout,0,874,active,1.5,wallet,regular,9.0,0,1
8941.56,7,0.8625,2,card_expired,0,90,trialing,5.5,card,starter,2.4,1,1
5191.01,1,0.6794,0,insufficient_funds,4,142,active,0.9,card,enterprise,0.3,1,1
7871.78,0,0.7473,3,insufficient_funds,0,254,active,2.1,card,regular,0.3,0,1
4763.52,13,0.4535,1,insufficient_funds,1,243,past_due,13.3,upi,enterprise,0.8,1,1
2873.38,0,0.4489,0,authentication_failed,3,1,active,10.0,upi,regular,8.8,0,0
16043.99,30,0.3552,2,insufficient_funds,3,175,trialing,10.1,wallet,enterprise,2.8,0,1
4094.77,6,0.6842,0,authentication_failed,3,146,active,0.2,card,vip,6.0,0,1
4845.48,38,0.6612,3,gateway_timeout,1,60,past_due,10.9,upi,starter,7.0,0,1
1445.43,0,0.4984,0,insufficient_funds,0,330,canceled,0.8,upi,regular,8.6,0,1
5112.83,8,0.9419,2,authentication_failed,1,384,unpaid,5.6,card,regular,2.8,1,1
4438.58,4,0.5049,0,insufficient_funds,1,237,active,0.9,card,regular,0.9,0,1
1221.84,17,0.6662,2,insufficient_funds,1,133,trialing,2.0,upi,regular,9.2,1,1
507.18,4,0.8441,1,insufficient_funds,1,106,active,2.1,upi,starter,3.7,1,1
4836.24,2,0.8054,2,insufficient_funds,2,40,active,2.8,upi,regular,3.1,1,1
7413.1,18,0.606,2,authentication_failed,1,254,past_due,8.9,upi,enterprise,6.3,0,1
3905.4,4,0.3399,0,gateway_timeout,2,367,active,4.0,upi,vip,8.7,1,1
1485.91,0,0.9386,2,insufficient_funds,4,35,active,0.9,netbanking,regular,6.6,0,0
5690.89,4,0.7312,2,network_error,2,119,active,2.2,upi,regular,0.8,1,1
617.48,10,0.4485,0,gateway_timeout,2,138,past_due,0.6,netbanking,regular,6.3,1,1
3115.49,2,0.9226,1,network_error,2,314,unpaid,1.7,card,regular,0.3,1,1
1091.85,5,0.9407,1,authentication_failed,2,24,active,2.2,card,vip,10.8,0,1
1219.52,0,0.9065,1,authentication_failed,0,73,active,1.5,card,starter,13.0,0,1
1330.08,8,0.6254,1,gateway_timeout,5,261,active,5.9,card,enterprise,3.8,0,0
2644.56,13,0.8998,2,insufficient_funds,2,832,trialing,0.1,upi,enterprise,1.2,0,1
462.52,5,0.9618,0,insufficient_funds,2,352,past_due,10.8,upi,regular,2.1,0,1
2735.77,5,0.8021,1,insufficient_funds,0,326,active,3.0,card,starter,10.9,1,1
3784.2,0,0.7556,1,insufficient_funds,0,65,active,6.5,wallet,enterprise,16.4,1,1
3501.41,2,0.884,0,authentication_failed,0,99,active,0.8,upi,starter,0.3,1,1
2612.68,1,0.9575,0,gateway_timeout,0,84,active,1.7,upi,regular,0.1,1,1
9336.31,6,0.7298,1,authentication_failed,3,343,unpaid,13.8,upi,regular,4.0,0,1
985.18,7,0.8653,1,insufficient_funds,1,8,past_due,3.1,card,regular,1.1,0,0
3723.03,28,0.8746,2,insufficient_funds,3,136,canceled,1.8,card,enterprise,7.9,1,1
520.25,0,0.8652,0,insufficient_funds,1,371,active,26.3,card,regular,20.3,1,1
569.07,8,0.3168,2,insufficient_funds,3,39,active,4.7,upi,starter,0.5,0,1
4465.01,7,0.9353,1,insufficient_funds,3,716,active,6.6,card,regular,0.2,0,1
4373.77,6,0.7927,0,authentication_failed,1,600,active,0.9,card,regular,2.7,0,1
10720.04,19,0.6465,1,gateway_timeout,1,883,active,0.1,netbanking,regular,2.0,0,1
4280.8,2,0.6847,1,insufficient_funds,0,197,active,9.8,netbanking,enterprise,2.4,0,1
16268.32,0,0.8042,2,insufficient_funds,3,40,active,1.4,card,regular,2.0,1,1
449.6,10,0.7287,0,insufficient_funds,2,361,canceled,5.8,card,starter,0.6,1,1
715.75,4,0.6219,1,insufficient_funds,0,464,active,2.2,upi,regular,11.0,1,1
425.33,0,0.7089,1,insufficient_funds,1,21,active,8.6,card,regular,0.0,1,0
1224.53,2,0.7755,1,network_error,1,147,active,1.2,upi,enterprise,0.7,1,1
4096.47,3,0.3983,3,insufficient_funds,0,233,active,3.0,upi,regular,1.3,0,1
5386.25,9,0.733,1,insufficient_funds,4,275,past_due,1.8,upi,regular,2.7,0,0
433.28,1,0.8291,1,insufficient_funds,0,169,canceled,4.6,upi,regular,0.9,1,1
14791.16,5,0.5101,0,gateway_timeout,2,13,active,3.1,netbanking,regular,2.4,1,1
9431.04,6,0.8003,3,authentication_failed,1,224,active,5.3,card,regular,0.4,1,1
1959.24,5,0.777,0,authentication_failed,2,25,active,2.3,card,regular,3.3,0,0
601.65,34,0.4887,2,authentication_failed,1,20,trialing,6.0,netbanking,enterprise,5.1,0,1
1130.97,0,0.8664,1,insufficient_funds,0,23,active,2.8,upi,vip,9.1,0,1
878.78,28,0.5735,2,network_error,1,727,past_due,0.5,upi,regular,5.9,1,1
857.86,8,0.689,0,authentication_failed,3,292,past_due,5.3,card,regular,1.3,0,1
3854.89,15,0.7141,1,card_expired,0,241,trialing,2.2,card,enterprise,5.0,0,1
1610.8,5,0.8379,1,insufficient_funds,0,331,active,6.1,card,regular,1.4,1,1
2416.92,5,0.7814,4,insufficient_funds,1,70,active,9.5,wallet,vip,3.9,0,1
22984.44,20,0.8829,2,insufficient_funds,2,95,active,9.4,card,regular,5.9,1,1
5965.04,21,0.6943,4,insufficient_funds,2,584,canceled,6.1,upi,enterprise,2.9,0,1
15077.75,2,0.651,1,insufficient_funds,5,269,canceled,0.5,upi,enterprise,0.8,0,0
969.0,2,0.8193,3,network_error,3,448,active,13.2,card,enterprise,0.7,0,1
2607.46,6,0.16,0,insufficient_funds,0,730,canceled,3.0,upi,regular,1.8,0,0
4245.39,21,0.7507,0,insufficient_funds,2,150,active,9.8,card,regular,1.5,0,0
599.32,3,0.7016,2,insufficient_funds,2,218,trialing,4.6,card,enterprise,0.4,1,1
220.98,10,0.7331,1,network_error,0,92,trialing,0.9,card,vip,0.3,0,1
5749.9,11,0.8698,0,authentication_failed,2,454,trialing,4.0,upi,regular,0.6,1,1
5333.59,14,0.8779,3,authentication_failed,0,152,past_due,1.8,netbanking,regular,7.3,0,1
2844.85,7,0.5534,0,insufficient_funds,1,317,active,0.1,card,enterprise,8.2,1,1
3563.23,4,0.9324,3,gateway_timeout,0,209,trialing,7.5,upi,regular,8.3,1,1
2884.5,32,0.849,0,gateway_timeout,1,190,trialing,15.8,upi,regular,0.4,0,1
321.49,8,0.7045,1,network_error,0,43,unpaid,3.0,card,starter,1.0,0,0
2242.64,12,0.5497,0,insufficient_funds,1,322,trialing,1.5,card,enterprise,0.3,1,1
1174.5,4,0.9278,0,card_expired,2,14,active,1.0,netbanking,regular,1.6,0,0
718.06,10,0.8851,1,insufficient_funds,0,378,active,1.2,netbanking,vip,5.0,0,1
15900.37,2,0.8719,2,insufficient_funds,1,638,active,7.3,card,regular,5.7,0,1
4773.46,2,0.915,1,gateway_timeout,0,402,canceled,0.7,card,regular,1.9,0,0
6721.84,11,0.8381,1,insufficient_funds,0,54,past_due,10.7,wallet,enterprise,8.9,1,1
2094.34,6,0.8895,3,card_expired,5,92,paused,2.2,upi,regular,0.8,1,1
2697.34,10,0.4583,1,insufficient_funds,1,60,canceled,4.3,card,regular,0.4,1,0
1551.99,2,0.8976,1,insufficient_funds,1,66,canceled,2.2,card,vip,5.2,0,0
709.97,8,0.6984,2,insufficient_funds,1,421,past_due,23.5,upi,regular,0.2,1,1
1186.35,5,0.5008,0,authentication_failed,2,17,active,1.9,upi,vip,2.8,1,1
8185.42,8,0.6901,0,network_error,1,159,active,1.9,netbanking,vip,2.8,0,1
5858.97,3,0.7597,2,insufficient_funds,2,227,active,8.2,card,regular,1.6,1,0
4158.53,11,0.8439,0,insufficient_funds,3,746,past_due,0.5,wallet,vip,1.8,0,1
3422.64,15,0.8739,1,insufficient_funds,3,265,active,0.8,upi,regular,10.3,0,1
12983.15,2,0.7244,1,network_error,0,305,canceled,14.9,wallet,starter,0.9,0,0
577.58,3,0.6883,0,insufficient_funds,1,197,active,0.4,card,regular,12.9,0,1
1846.69,10,0.5688,4,authentication_failed,1,116,active,0.2,netbanking,regular,3.4,1,1
2353.44,11,0.8704,2,insufficient_funds,1,109,active,5.7,upi,regular,17.2,1,1
7826.08,11,0.7539,2,gateway_timeout,0,304,active,2.5,card,regular,0.2,0,1
24674.02,10,0.5095,0,authentication_failed,3,116,canceled,3.0,netbanking,regular,0.6,1,0
1576.6,4,0.6203,2,network_error,3,278,active,2.9,upi,starter,1.4,0,0
10569.58,4,0.3055,2,insufficient_funds,2,198,past_due,8.5,upi,enterprise,0.1,0,1
9078.13,2,0.6211,0,insufficient_funds,4,203,past_due,1.9,wallet,regular,6.2,1,0
1472.25,1,0.4555,0,gateway_timeout,2,99,trialing,6.5,upi,starter,5.7,1,1
2748.57,11,0.6478,3,insufficient_funds,0,56,active,3.4,upi,regular,12.9,0,0
2835.39,0,0.9699,2,gateway_timeout,1,9,active,0.7,upi,regular,4.7,1,1
19333.97,26,0.8276,0,gateway_timeout,2,78,active,5.1,upi,starter,1.4,0,1
1197.7,16,0.8785,1,card_expired,3,209,active,0.4,wallet,regular,2.9,1,1
8226.18,18,0.7529,2,gateway_timeout,1,444,past_due,1.1,netbanking,starter,3.5,0,1
2233.78,22,0.8348,1,insufficient_funds,1,405,canceled,3.2,upi,regular,1.7,0,1
6762.81,4,0.6621,3,insufficient_funds,3,363,active,2.4,netbanking,regular,0.7,1,1
2923.73,17,0.8173,2,insufficient_funds,2,48,active,2.9,upi,enterprise,0.9,0,1
4518.01,1,0.6971,0,gateway_timeout,3,286,active,2.8,wallet,regular,21.3,0,1
9137.2,0,0.4438,3,gateway_timeout,3,66,active,3.2,upi,regular,7.8,0,0
8352.43,14,0.5255,1,authentication_failed,0,101,canceled,1.4,wallet,enterprise,5.0,0,1
10265.39,0,0.6862,3,network_error,0,339,active,2.1,upi,starter,2.5,1,1
507.34,42,0.8061,3,insufficient_funds,2,90,trialing,5.4,card,regular,4.4,0,0
6089.1,10,0.6944,1,card_expired,4,247,active,8.1,card,regular,0.5,0,1
954.04,13,0.6342,1,insufficient_funds,3,283,active,0.1,upi,regular,1.2,0,1
2887.72,2,0.75,2,network_error,3,844,active,2.0,upi,regular,3.0,0,1
4176.88,10,0.7531,2,insufficient_funds,3,44,active,1.9,netbanking,regular,0.6,1,1
2777.01,0,0.7882,0,card_expired,1,50,active,3.1,card,starter,22.1,0,1
3865.8,17,0.6985,1,insufficient_funds,4,154,canceled,0.1,wallet,enterprise,17.2,1,1
28512.69,1,0.8692,2,insufficient_funds,1,187,active,1.4,card,regular,1.3,0,1
926.39,11,0.8735,1,network_error,2,122,active,3.9,netbanking,regular,3.6,1,1
5826.67,2,0.8781,3,insufficient_funds,0,254,trialing,1.0,upi,regular,0.3,0,1
2720.91,0,0.8341,0,gateway_timeout,1,227,active,0.2,netbanking,regular,0.1,1,1
913.64,6,0.4658,2,authentication_failed,0,271,active,1.1,upi,regular,4.2,0,1
1064.25,1,0.8547,1,authentication_failed,0,582,active,7.4,netbanking,regular,1.3,1,1
15106.5,12,0.8539,1,authentication_failed,2,40,past_due,1.3,upi,regular,0.1,0,1
10784.74,2,0.7303,1,authentication_failed,4,423,trialing,2.5,upi,starter,0.9,1,1
12078.04,3,0.7672,1,authentication_failed,1,232,past_due,0.5,card,regular,4.6,0,1
24057.76,7,0.8809,0,insufficient_funds,1,536,active,5.3,upi,starter,6.6,0,1
1367.96,3,0.7781,3,insufficient_funds,4,5,paused,2.2,card,regular,3.0,0,0
2395.93,4,0.6897,1,gateway_timeout,2,444,past_due,0.8,upi,vip,6.0,0,1
5731.49,16,0.9152,2,gateway_timeout,0,60,active,13.7,upi,regular,2.0,0,1
3506.33,1,0.9513,0,gateway_timeout,0,750,canceled,7.3,wallet,regular,1.4,1,1
2909.77,0,0.663,1,network_error,4,97,active,1.9,card,starter,1.8,1,1
2414.37,3,0.6645,3,insufficient_funds,1,317,trialing,0.5,upi,regular,1.5,1,1
4704.31,5,0.7886,2,card_expired,1,417,active,3.8,upi,regular,0.2,0,0
4485.32,7,0.5656,1,insufficient_funds,1,646,trialing,6.1,wallet,regular,12.6,0,1
1080.45,4,0.6987,0,authentication_failed,2,57,past_due,8.4,card,regular,4.1,0,1
3390.83,14,0.7493,1,insufficient_funds,3,243,past_due,2.2,upi,vip,2.2,0,0
4231.26,0,0.9298,0,insufficient_funds,5,9,past_due,0.9,card,regular,3.0,0,1
4423.19,5,0.6035,1,insufficient_funds,0,16,active,1.0,card,starter,2.2,1,1
1379.29,4,0.7666,1,insufficient_funds,1,134,trialing,0.1,upi,enterprise,6.9,0,1
6979.24,9,0.7346,0,network_error,3,296,active,6.2,card,enterprise,5.2,0,1
327.61,32,0.5332,0,authentication_failed,1,266,active,2.8,upi,regular,21.5,1,1
2391.22,6,0.6195,3,insufficient_funds,0,158,active,10.4,upi,regular,4.2,0,1
7775.47,41,0.8777,0,gateway_timeout,4,232,active,0.8,card,regular,0.9,1,1
4349.34,3,0.9133,0,insufficient_funds,2,242,past_due,1.5,card,enterprise,5.5,0,0
1713.39,0,0.5347,0,insufficient_funds,1,457,canceled,7.8,card,regular,0.4,0,0
6136.45,1,0.5916,1,gateway_timeout,2,547,active,3.8,upi,starter,1.7,1,1
4389.6,4,0.8938,0,insufficient_funds,0,121,active,1.8,upi,regular,1.2,0,1
8154.15,3,0.7359,1,network_error,1,17,active,1.2,card,regular,1.8,1,1
6840.6,0,0.6598,0,gateway_timeout,2,69,active,3.5,card,regular,1.7,0,1
4909.43,5,0.4579,1,insufficient_funds,2,26,active,1.9,upi,vip,6.4,0,1
3548.89,3,0.593,0,network_error,0,393,active,1.2,card,enterprise,3.2,1,1
914.63,1,0.5782,2,card_expired,5,16,active,1.9,upi,regular,0.3,1,1
1714.54,3,0.9207,3,insufficient_funds,2,158,active,4.9,upi,regular,5.9,0,1
2915.88,20,0.7833,1,insufficient_funds,2,196,active,2.2,card,regular,1.3,1,1
4772.7,3,0.761,2,authentication_failed,1,443,active,2.6,card,regular,3.2,1,1
3804.73,11,0.8636,1,authentication_failed,0,302,active,4.4,wallet,vip,4.6,0,1
1899.68,8,0.8319,1,authentication_failed,1,229,active,2.7,upi,regular,5.2,1,1
232.43,5,0.9191,3,insufficient_funds,1,218,trialing,12.2,netbanking,regular,5.6,0,0
3628.27,2,0.7175,3,insufficient_funds,0,160,active,0.3,upi,regular,8.6,0,1
1881.74,4,0.8563,1,authentication_failed,3,574,unpaid,4.5,upi,enterprise,4.6,0,1
6832.74,8,0.8055,4,authentication_failed,1,49,active,7.9,card,regular,8.0,1,1
321.19,4,0.7092,3,network_error,0,828,active,1.3,upi,regular,1.0,0,1
4595.31,2,0.655,1,authentication_failed,1,232,past_due,2.1,card,regular,8.1,0,1
14391.44,1,0.2819,2,insufficient_funds,1,68,active,1.9,upi,regular,6.7,0,0
1158.28,20,0.8214,1,insufficient_funds,0,329,active,9.7,card,regular,4.2,0,1
3389.98,5,0.8037,1,insufficient_funds,0,117,trialing,1.5,wallet,enterprise,12.8,0,1
679.37,9,0.8548,1,insufficient_funds,0,27,active,3.2,wallet,regular,14.0,1,1
5113.25,6,0.768,0,authentication_failed,0,22,active,0.7,netbanking,enterprise,2.6,0,1
4198.45,19,0.7702,0,gateway_timeout,0,208,active,0.2,card,regular,5.7,0,1
2815.89,7,0.5412,7,network_error,3,258,active,4.4,upi,regular,3.8,0,1
3884.21,6,0.8281,1,authentication_failed,2,100,active,3.2,netbanking,regular,1.0,1,1
11544.53,24,0.799,2,insufficient_funds,3,296,past_due,0.4,upi,regular,3.6,1,1
1292.61,12,0.6636,3,network_error,0,79,unpaid,12.6,upi,regular,0.2,1,1
314.11,1,0.7024,4,card_expired,1,106,active,2.2,upi,regular,0.9,1,1
10090.38,1,0.6793,1,insufficient_funds,3,65,trialing,2.6,upi,regular,0.7,0,1
4503.3,14,0.7696,0,authentication_failed,4,252,trialing,2.6,upi,starter,20.7,0,1
11266.39,17,0.8608,1,authentication_failed,0,169,active,2.9,card,regular,7.0,1,1
4743.41,7,0.7543,1,insufficient_funds,0,41,active,2.6,netbanking,regular,0.5,0,1
8507.9,7,0.6719,2,insufficient_funds,0,909,past_due,7.2,card,enterprise,1.7,0,1
3007.73,9,0.6839,1,network_error,0,567,canceled,2.5,card,enterprise,2.9,1,1
7128.67,5,0.8558,0,network_error,0,382,trialing,3.2,upi,regular,7.4,0,1
12411.62,10,0.9421,2,insufficient_funds,0,26,trialing,1.5,netbanking,regular,1.2,1,1
4444.6,1,0.5993,3,authentication_failed,2,144,trialing,3.1,card,enterprise,3.6,1,1
1197.04,30,0.4768,0,insufficient_funds,2,184,active,3.7,card,regular,3.2,0,1
1765.32,13,0.6555,1,gateway_timeout,1,724,canceled,5.4,upi,regular,4.0,0,1
1307.25,9,0.9184,4,card_expired,2,113,active,7.4,netbanking,regular,11.5,0,0
1617.5,3,0.8544,1,authentication_failed,2,277,past_due,4.1,upi,regular,2.8,1,1
2029.41,1,0.6611,0,insufficient_funds,2,202,active,0.6,upi,regular,53.6,0,0
4249.91,4,0.9568,0,authentication_failed,4,415,past_due,0.4,wallet,enterprise,2.9,1,1
4633.56,10,0.785,1,insufficient_funds,1,30,trialing,3.6,upi,starter,2.9,0,1
2979.98,9,0.4814,1,card_expired,2,437,active,1.2,card,regular,0.5,1,1
4978.03,4,0.4562,1,authentication_failed,2,264,active,6.3,card,vip,3.3,0,1
625.47,9,0.5892,1,card_expired,3,30,active,10.6,upi,enterprise,7.5,0,0
659.42,15,0.7385,2,insufficient_funds,1,342,canceled,2.2,upi,regular,1.4,1,0
1142.68,0,0.7163,3,insufficient_funds,3,102,trialing,3.8,upi,regular,5.1,0,1
3849.86,5,0.6123,1,network_error,1,21,past_due,4.7,card,starter,4.7,1,0
1403.96,13,0.3759,2,network_error,1,145,active,5.9,wallet,starter,3.7,1,1
1865.38,7,0.7514,4,insufficient_funds,0,49,active,2.7,card,regular,5.2,1,1
2756.74,10,0.967,3,card_expired,5,80,paused,0.2,upi,vip,5.2,1,0
8553.01,6,0.7971,1,network_error,0,1500,active,0.8,upi,vip,0.7,0,1
269.8,45,0.8788,1,authentication_failed,0,41,canceled,0.2,upi,vip,12.9,1,1
5440.24,0,0.85,0,card_expired,0,120,past_due,2.9,netbanking,enterprise,3.6,0,1
5726.32,6,0.7502,0,insufficient_funds,1,272,trialing,3.5,wallet,enterprise,9.9,1,1
8213.7,0,0.9276,2,insufficient_funds,2,921,past_due,0.1,card,regular,2.1,1,1
13696.91,1,0.8728,1,authentication_failed,5,118,active,1.4,card,vip,1.9,0,0
301.72,4,0.8217,3,network_error,1,60,active,10.2,card,regular,15.3,1,1
1034.9,1,0.8836,1,authentication_failed,1,131,trialing,0.2,netbanking,vip,2.8,1,1
11065.3,31,0.5194,2,insufficient_funds,1,44,canceled,2.6,upi,enterprise,8.5,1,1
3267.23,27,0.6543,0,insufficient_funds,3,1077,past_due,4.4,netbanking,regular,2.1,1,1
4357.34,3,0.838,2,insufficient_funds,0,162,past_due,1.4,netbanking,enterprise,16.1,0,1
5638.77,9,0.5511,0,authentication_failed,0,271,past_due,9.2,card,starter,5.8,0,1
5882.61,7,0.5346,4,authentication_failed,0,111,active,0.6,card,regular,1.1,0,1
13622.19,16,0.6186,1,gateway_timeout,3,76,canceled,4.7,card,starter,5.2,0,0
29162.11,9,0.7947,3,insufficient_funds,0,25,trialing,2.1,wallet,regular,2.0,0,0
6567.64,0,0.7352,0,card_expired,1,380,past_due,1.2,card,regular,0.8,0,0
1892.92,13,0.9309,1,network_error,0,208,active,2.4,upi,regular,0.3,1,1
10791.01,13,0.5609,2,insufficient_funds,0,59,active,3.2,card,vip,1.6,1,0
452.37,6,0.6019,1,gateway_timeout,1,277,active,1.1,upi,regular,16.0,1,1
1513.85,22,0.6199,1,authentication_failed,3,71,paused,9.9,upi,enterprise,5.2,1,1
11583.89,22,0.5191,1,authentication_failed,0,60,canceled,0.5,upi,starter,23.5,1,0
1679.86,7,0.7001,0,insufficient_funds,0,515,active,3.3,upi,enterprise,0.4,0,1
1446.48,8,0.5292,2,card_expired,1,171,active,2.6,card,regular,5.4,1,0
943.23,53,0.7773,5,network_error,2,190,active,8.0,upi,starter,3.3,0,1
9998.94,3,0.574,3,gateway_timeout,1,367,active,2.4,card,regular,15.9,0,1
3666.32,3,0.7204,2,insufficient_funds,0,164,active,3.6,card,vip,0.3,1,1
5818.01,1,0.8712,3,authentication_failed,0,69,active,10.4,card,enterprise,4.1,1,1
1566.05,21,0.8338,1,insufficient_funds,0,329,active,0.2,card,regular,0.6,1,1
7294.92,12,0.943,0,authentication_failed,3,473,past_due,2.9,card,regular,10.2,0,1
7335.7,1,0.5497,1,gateway_timeout,1,252,unpaid,10.3,card,enterprise,13.8,0,1
2074.18,38,0.7,0,insufficient_funds,0,405,trialing,0.4,card,regular,2.8,0,1
2843.95,12,0.7426,1,insufficient_funds,0,8,active,8.6,upi,regular,5.6,0,1
1376.65,18,0.7551,1,gateway_timeout,1,168,active,0.1,upi,enterprise,5.6,0,1
18966.77,0,0.5673,2,insufficient_funds,2,135,active,6.9,upi,regular,1.9,1,1
5386.68,6,0.5519,1,authentication_failed,2,15,active,8.2,card,regular,1.9,0,0
13831.88,11,0.9033,2,insufficient_funds,0,59,trialing,0.1,card,starter,6.0,0,1
2007.62,7,0.7235,0,network_error,2,142,trialing,1.0,upi,regular,7.1,0,1
7813.8,10,0.3926,5,card_expired,0,286,trialing,2.2,card,regular,17.0,1,1
7459.15,16,0.6576,2,network_error,2,123,active,2.4,upi,regular,8.9,0,1
6082.69,4,0.9045,1,insufficient_funds,0,321,active,4.0,upi,regular,4.4,1,1
17054.16,17,0.9533,1,network_error,0,281,past_due,0.3,card,starter,5.3,0,1
2700.71,1,0.8074,2,insufficient_funds,2,815,active,0.1,netbanking,regular,0.0,0,1
900.43,2,0.512,1,card_expired,1,39,active,0.9,upi,regular,11.2,0,0
5769.27,0,0.8955,1,insufficient_funds,0,912,past_due,6.2,card,regular,2.0,1,1
6733.9,4,0.668,1,network_error,0,22,active,1.5,upi,regular,6.1,1,1
4479.04,4,0.364,2,insufficient_funds,0,421,active,5.0,netbanking,starter,6.2,1,1
1358.51,15,0.806,2,gateway_timeout,2,94,past_due,2.0,netbanking,regular,0.9,1,0
3710.5,10,0.9084,2,network_error,1,138,active,4.4,upi,regular,0.2,1,1
2071.21,5,0.8431,0,gateway_timeout,0,81,unpaid,0.1,card,enterprise,2.2,1,1
2988.42,10,0.5577,2,gateway_timeout,0,422,active,0.2,card,enterprise,3.4,1,1
5381.27,0,0.7217,2,gateway_timeout,1,162,paused,5.2,card,enterprise,3.8,1,1
7036.67,1,0.3123,2,network_error,0,280,canceled,11.0,card,enterprise,2.0,1,1
1521.29,9,0.8411,3,gateway_timeout,1,758,past_due,0.6,card,enterprise,0.2,0,1
2798.7,9,0.6379,0,authentication_failed,2,115,active,1.8,upi,enterprise,12.6,1,1
1767.81,14,0.5127,4,insufficient_funds,0,165,past_due,6.3,card,regular,7.4,1,1
1307.17,4,0.4831,3,gateway_timeout,2,18,active,0.5,upi,regular,4.6,1,1
7848.22,12,0.5038,3,insufficient_funds,1,229,past_due,1.4,upi,regular,0.4,0,1
12198.38,10,0.8764,3,insufficient_funds,1,96,past_due,1.1,upi,regular,3.0,1,1
2512.02,31,0.3954,2,gateway_timeout,3,236,active,2.8,card,starter,5.2,1,1
7157.12,2,0.6711,1,insufficient_funds,1,91,paused,0.6,card,vip,6.9,1,1
11564.9,7,0.7576,1,insufficient_funds,2,29,active,2.9,card,regular,11.8,1,0
9558.05,8,0.7743,3,gateway_timeout,2,92,past_due,4.3,netbanking,regular,0.9,1,1
1209.44,62,0.8663,1,card_expired,3,430,past_due,2.7,netbanking,regular,1.5,0,1
15851.11,2,0.3827,4,insufficient_funds,0,51,active,0.5,card,regular,3.3,0,1
2563.45,7,0.6531,1,insufficient_funds,0,49,canceled,0.1,upi,regular,7.3,0,1
2271.83,4,0.9227,2,insufficient_funds,1,434,active,16.7,upi,enterprise,4.2,0,1
522.33,7,0.4555,0,card_expired,3,75,unpaid,4.9,card,regular,3.4,0,0
3529.35,2,0.7191,3,insufficient_funds,0,101,active,8.2,upi,starter,6.5,1,1
777.13,0,0.7176,1,insufficient_funds,0,195,unpaid,0.1,netbanking,regular,2.8,1,1
1628.69,8,0.7119,3,network_error,0,138,active,6.5,upi,starter,11.4,0,1
2105.88,3,0.4021,1,authentication_failed,2,431,active,10.9,card,regular,6.7,1,1
8472.86,1,0.7696,2,card_expired,1,216,active,1.0,wallet,regular,7.0,0,1
10616.79,3,0.6638,2,insufficient_funds,2,314,active,1.3,card,vip,9.2,1,1
2001.02,0,0.6873,1,insufficient_funds,1,309,canceled,3.6,card,enterprise,18.9,0,0
9984.28,28,0.6951,2,insufficient_funds,3,21,active,0.7,upi,starter,3.4,1,1
9932.63,8,0.8425,2,gateway_timeout,0,916,trialing,0.1,netbanking,regular,1.6,1,1
7433.43,16,0.8706,4,insufficient_funds,1,19,trialing,6.0,wallet,enterprise,4.6,0,1
993.19,5,0.6201,3,insufficient_funds,1,744,active,6.8,upi,regular,1.4,1,1
6061.12,22,0.7686,0,network_error,3,1100,active,3.7,card,enterprise,20.7,1,1
14704.3,6,0.6684,1,insufficient_funds,3,76,trialing,2.4,upi,regular,3.8,0,1
5937.02,8,0.8631,1,authentication_failed,4,259,unpaid,3.5,upi,enterprise,6.4,1,0
2214.47,6,0.8898,1,gateway_timeout,0,14,paused,2.0,wallet,enterprise,9.7,0,1
3671.53,12,0.6213,2,insufficient_funds,0,286,active,1.2,wallet,regular,7.6,0,1
5388.41,7,0.8583,1,authentication_failed,0,52,active,0.4,upi,regular,4.7,1,1
3772.57,3,0.5797,3,insufficient_funds,2,708,active,1.3,card,regular,15.3,1,1
838.9,1,0.8653,1,insufficient_funds,2,267,past_due,3.2,upi,enterprise,2.7,0,1
2070.3,8,0.7747,0,insufficient_funds,3,363,unpaid,0.1,wallet,vip,2.6,0,0
8307.45,6,0.9279,4,gateway_timeout,5,729,active,7.6,upi,regular,0.9,0,1
10081.47,0,0.9574,3,network_error,1,488,active,2.8,card,starter,2.6,1,1
938.44,4,0.6677,2,authentication_failed,0,158,past_due,3.4,upi,regular,5.4,0,1
15423.22,6,0.7396,2,card_expired,1,47,trialing,1.2,upi,regular,7.2,0,1
2193.61,16,0.901,1,network_error,0,98,active,19.3,netbanking,regular,0.3,1,1
5628.19,0,0.7236,1,insufficient_funds,0,223,active,2.3,card,enterprise,6.9,0,1
7168.11,4,0.7946,3,insufficient_funds,2,343,active,0.9,upi,regular,5.3,1,1
8555.14,16,0.8757,1,insufficient_funds,0,74,active,12.3,card,regular,12.3,1,1
14770.73,9,0.8099,2,insufficient_funds,1,149,active,0.1,card,enterprise,6.8,1,1
2076.52,3,0.9532,2,authentication_failed,0,111,past_due,13.1,upi,enterprise,18.2,0,1
9977.51,17,0.428,3,authentication_failed,3,160,past_due,1.5,netbanking,regular,16.6,0,0
906.01,6,0.513,2,authentication_failed,0,101,active,5.4,upi,starter,5.4,0,1
6304.59,6,0.8167,0,authentication_failed,4,44,active,1.6,card,regular,1.8,1,1
6973.55,35,0.7948,2,insufficient_funds,5,167,active,3.7,upi,enterprise,7.6,1,1
5861.72,27,0.6663,2,insufficient_funds,0,748,active,3.3,card,regular,1.0,1,1
1653.87,4,0.8943,3,insufficient_funds,0,29,canceled,7.0,upi,starter,1.5,0,1
10519.54,1,0.8059,1,gateway_timeout,0,452,canceled,3.6,upi,regular,4.2,0,1
1124.78,3,0.9164,2,insufficient_funds,0,333,active,8.6,card,regular,0.3,0,1
475.63,0,0.6354,2,insufficient_funds,3,100,active,7.2,wallet,enterprise,3.2,0,1
6519.76,0,0.569,0,insufficient_funds,2,38,active,2.2,upi,enterprise,9.4,0,1
3426.32,4,0.891,0,authentication_failed,0,673,active,3.4,upi,regular,3.7,1,1
9655.62,26,0.6076,1,gateway_timeout,4,120,unpaid,6.9,upi,regular,5.3,0,1
2617.65,19,0.5571,5,card_expired,1,143,canceled,9.1,netbanking,regular,13.6,1,0
1121.29,6,0.4016,1,gateway_timeout,3,97,trialing,0.4,card,starter,1.1,0,0
9252.94,7,0.7748,0,gateway_timeout,2,471,unpaid,6.6,netbanking,vip,6.4,0,1
4180.44,0,0.8188,1,insufficient_funds,0,65,past_due,3.1,card,starter,3.0,1,1
1248.64,2,0.6264,1,card_expired,0,357,active,3.8,upi,regular,13.0,1,0
6571.69,0,0.627,0,insufficient_funds,0,71,canceled,1.9,upi,regular,3.9,1,1
3778.13,13,0.6505,0,authentication_failed,1,105,past_due,0.3,upi,regular,2.9,1,1
4835.66,1,0.9586,3,insufficient_funds,1,647,trialing,11.6,card,vip,0.8,0,1
3289.26,19,0.6653,1,authentication_failed,1,241,active,11.0,netbanking,starter,0.6,1,0
9021.96,9,0.7962,0,insufficient_funds,4,295,trialing,0.9,upi,regular,5.6,0,0
9046.94,2,0.8562,1,authentication_failed,3,246,active,2.0,upi,regular,24.1,1,1
6378.85,1,0.7517,1,insufficient_funds,0,50,past_due,3.6,upi,enterprise,44.2,1,1
756.9,9,0.7998,1,insufficient_funds,0,274,active,3.3,netbanking,regular,1.9,0,1
9327.22,21,0.7084,0,gateway_timeout,0,194,active,0.5,upi,enterprise,0.3,0,1
5758.68,12,0.7355,3,insufficient_funds,4,440,active,0.1,card,regular,2.6,0,1
6170.51,4,0.7176,3,card_expired,3,1112,canceled,15.7,wallet,regular,3.7,0,0
2454.79,8,0.7364,1,insufficient_funds,4,245,active,16.4,wallet,regular,5.3,1,0
10771.39,3,0.3957,2,authentication_failed,0,102,past_due,3.2,wallet,regular,2.1,0,0
6661.68,67,0.8871,0,network_error,1,489,trialing,2.3,card,regular,1.4,0,1
797.24,13,0.8397,1,insufficient_funds,0,466,active,12.7,upi,regular,8.1,1,1
2819.37,9,0.7165,5,insufficient_funds,0,484,active,2.5,upi,starter,3.7,0,1
11074.49,5,0.8729,1,network_error,0,111,past_due,2.6,wallet,regular,13.9,1,1
441.73,9,0.5016,1,insufficient_funds,2,134,active,0.5,upi,enterprise,1.9,1,1
16474.67,3,0.9067,1,gateway_timeout,0,368,active,1.8,upi,vip,2.0,0,1
5884.1,0,0.5402,1,network_error,0,138,canceled,4.2,card,vip,8.8,0,0
5189.89,4,0.6468,3,insufficient_funds,1,169,past_due,5.2,card,starter,18.7,0,1
1777.39,25,0.9127,1,authentication_failed,3,3,active,21.8,upi,regular,2.4,1,0
1630.36,9,0.2947,2,gateway_timeout,2,552,trialing,6.3,card,vip,1.2,1,1
14441.58,0,0.9035,0,insufficient_funds,1,162,active,4.6,upi,regular,1.3,0,1
1971.05,20,0.3516,1,gateway_timeout,0,582,active,0.8,netbanking,enterprise,6.8,1,1
7669.52,2,0.8432,1,card_expired,1,889,active,1.8,wallet,starter,5.6,1,1
2697.14,2,0.7074,2,insufficient_funds,0,44,canceled,5.2,wallet,regular,0.5,0,1
949.78,3,0.5872,0,insufficient_funds,1,23,past_due,2.6,upi,starter,1.2,1,0
253.87,8,0.8417,0,insufficient_funds,0,277,active,5.7,upi,starter,9.1,1,1
4129.13,7,0.8774,1,network_error,0,74,past_due,4.3,upi,vip,0.2,0,1
18802.64,6,0.7084,2,insufficient_funds,2,146,active,2.5,card,starter,0.4,1,1
2503.33,11,0.8887,6,authentication_failed,1,2,active,1.6,upi,enterprise,1.4,1,1
2409.55,3,0.5616,3,authentication_failed,0,140,trialing,0.7,card,regular,2.2,0,1
2308.67,14,0.5423,1,insufficient_funds,0,886,canceled,2.3,netbanking,vip,3.0,0,0
3875.51,1,0.4678,1,authentication_failed,1,26,active,4.5,card,vip,4.5,1,1
3105.03,14,0.7943,1,insufficient_funds,1,291,active,0.3,upi,regular,2.0,1,1
10797.76,10,0.761,3,card_expired,1,191,canceled,1.5,netbanking,starter,2.5,1,0
3721.25,10,0.7211,0,card_expired,1,474,trialing,0.6,upi,regular,5.7,0,1
3743.92,6,0.9021,3,insufficient_funds,0,264,active,1.4,card,enterprise,6.0,0,1
944.66,10,0.7457,0,insufficient_funds,0,1,active,6.6,upi,regular,16.1,1,1
20496.68,0,0.885,0,insufficient_funds,0,280,active,2.0,upi,vip,18.6,0,1
1638.23,18,0.3281,0,insufficient_funds,1,426,trialing,8.2,upi,regular,0.8,0,1
580.97,0,0.6796,1,insufficient_funds,1,329,active,5.3,card,enterprise,14.4,0,1
5640.53,1,0.3984,0,insufficient_funds,1,329,unpaid,1.8,wallet,enterprise,12.5,1,0
4723.87,8,0.5758,1,authentication_failed,0,535,active,0.7,card,starter,1.0,0,0
2881.96,12,0.8425,1,insufficient_funds,4,234,canceled,0.1,upi,starter,0.7,0,0
2942.57,0,0.778,1,insufficient_funds,1,277,active,2.2,upi,regular,6.5,0,1
7887.07,24,0.6849,0,insufficient_funds,0,192,active,2.8,upi,regular,4.4,0,1
1288.99,34,0.2964,0,insufficient_funds,0,729,trialing,2.4,card,enterprise,10.0,1,1
8781.03,8,0.5285,0,insufficient_funds,5,280,active,1.8,upi,enterprise,6.8,1,0
5431.24,6,0.537,1,authentication_failed,4,83,active,5.2,card,enterprise,11.5,0,1
2914.76,12,0.78,1,insufficient_funds,0,466,active,0.4,card,regular,3.5,0,1
3262.71,3,0.836,1,insufficient_funds,2,103,active,0.5,wallet,regular,1.9,1,1
1682.92,6,0.6644,0,authentication_failed,1,495,unpaid,3.2,upi,regular,9.5,1,1
7173.94,23,0.8104,4,insufficient_funds,0,47,canceled,0.1,netbanking,regular,1.0,0,1
3796.17,29,0.4209,5,insufficient_funds,2,53,unpaid,2.0,card,vip,7.7,0,1
2134.6,24,0.4047,5,insufficient_funds,1,187,canceled,0.9,upi,vip,0.9,0,1
4732.32,2,0.8168,0,network_error,0,115,trialing,1.0,upi,regular,3.1,0,1
27485.92,2,0.9104,0,insufficient_funds,2,752,active,2.7,card,enterprise,3.6,0,0
3056.97,3,0.886,0,card_expired,2,313,active,3.1,wallet,regular,3.6,1,1
12872.04,5,0.8356,2,gateway_timeout,0,169,unpaid,2.1,upi,regular,6.8,0,1
2315.73,3,0.7651,1,card_expired,0,862,active,0.6,card,regular,8.8,1,1
481.44,4,0.6754,0,authentication_failed,0,709,past_due,2.5,upi,starter,0.4,1,1
1342.3,9,0.8251,1,insufficient_funds,1,62,past_due,6.4,netbanking,enterprise,12.9,0,1
2912.4,13,0.9478,1,gateway_timeout,0,69,active,4.5,card,regular,0.6,0,1
1439.97,12,0.7824,1,authentication_failed,2,410,canceled,2.9,upi,regular,3.5,0,0
201.14,15,0.9449,1,authentication_failed,2,142,active,0.6,wallet,vip,0.4,1,1
12525.61,0,0.9391,1,authentication_failed,0,41,unpaid,3.7,card,regular,19.5,0,1
9485.63,0,0.4752,1,insufficient_funds,2,629,past_due,2.8,card,regular,7.0,0,0
6979.65,14,0.7892,1,insufficient_funds,4,338,active,7.0,wallet,enterprise,0.9,1,1
1118.5,7,0.6429,1,network_error,1,120,past_due,0.7,upi,enterprise,2.1,0,0
841.23,8,0.7573,1,card_expired,0,1101,active,2.0,upi,enterprise,9.2,0,0
549.99,0,0.5794,0,insufficient_funds,3,242,past_due,0.4,upi,regular,1.6,0,1
6637.3,2,0.6801,2,network_error,1,181,active,3.0,upi,vip,7.2,0,1
13411.87,9,0.7653,1,insufficient_funds,1,186,active,9.4,upi,vip,11.8,0,1
3015.3,18,0.7311,1,insufficient_funds,1,106,active,11.5,card,enterprise,5.3,0,1
834.29,23,0.6602,3,authentication_failed,0,97,trialing,0.1,card,regular,4.0,0,1
3791.23,6,0.4261,1,authentication_failed,0,885,past_due,1.8,upi,starter,5.0,1,1
2344.94,7,0.8624,0,card_expired,3,514,active,1.6,upi,regular,3.1,1,1
2548.62,16,0.4596,3,gateway_timeout,5,84,active,4.0,upi,vip,0.3,0,0
5055.46,7,0.6435,1,gateway_timeout,4,657,active,4.9,card,vip,6.0,1,1
6541.99,6,0.8759,2,network_error,0,22,past_due,0.8,netbanking,regular,1.7,1,1
786.06,22,0.9204,3,authentication_failed,1,85,active,0.8,card,starter,0.1,0,1
381.2,14,0.9049,1,insufficient_funds,0,622,paused,1.3,upi,enterprise,2.7,0,1
26063.1,22,0.7491,0,authentication_failed,0,16,paused,0.1,wallet,enterprise,1.0,0,1
1524.57,2,0.7554,1,gateway_timeout,0,652,active,3.4,card,starter,1.7,0,1
476.67,7,0.8255,1,network_error,3,110,unpaid,4.8,upi,regular,6.3,1,1
1252.84,17,0.8469,3,insufficient_funds,4,50,past_due,0.1,upi,regular,2.6,1,1
398.69,1,0.6549,2,insufficient_funds,0,45,past_due,2.3,upi,starter,1.1,0,1
2686.35,15,0.8556,1,insufficient_funds,1,134,trialing,2.4,card,vip,0.1,0,1
8307.6,1,0.8272,1,network_error,1,302,past_due,3.8,upi,enterprise,6.2,1,1
2287.01,15,0.5079,3,network_error,0,260,trialing,5.6,upi,vip,3.4,0,1
3136.58,8,0.6582,0,insufficient_funds,0,97,active,8.1,upi,enterprise,7.7,1,1
5828.69,2,0.5861,3,gateway_timeout,0,140,canceled,0.7,upi,regular,2.4,1,1
3755.48,6,0.8849,1,authentication_failed,2,74,active,2.0,card,regular,11.7,1,1
10082.46,10,0.8144,2,authentication_failed,0,131,active,3.7,upi,enterprise,25.9,0,1
10250.91,9,0.6894,0,insufficient_funds,1,54,canceled,2.7,card,enterprise,6.5,0,1
249.8,5,0.987,0,network_error,0,356,active,4.4,card,regular,2.1,1,1
7726.43,21,0.4503,0,authentication_failed,2,124,paused,3.4,card,regular,3.4,0,1
3287.73,6,0.6933,0,gateway_timeout,0,110,active,1.6,card,regular,11.0,1,1
22677.34,6,0.8399,2,authentication_failed,0,246,active,10.0,card,regular,4.8,1,1
3500.81,0,0.8027,1,card_expired,1,77,active,6.9,wallet,enterprise,1.5,1,1
21874.17,24,0.8912,3,authentication_failed,1,134,active,5.2,card,vip,0.5,1,1
7223.7,1,0.6201,1,insufficient_funds,0,23,active,2.0,upi,regular,4.3,0,0
1629.12,7,0.8743,2,authentication_failed,2,38,past_due,0.2,netbanking,regular,4.4,0,1
4065.23,15,0.3683,1,gateway_timeout,1,185,active,14.7,card,starter,8.6,0,1
24427.07,2,0.545,0,insufficient_funds,2,1500,past_due,4.5,netbanking,regular,3.8,0,0
9943.14,7,0.9009,0,gateway_timeout,1,205,unpaid,1.4,card,regular,26.5,0,0
712.2,2,0.4584,2,gateway_timeout,1,153,unpaid,2.4,upi,enterprise,14.1,0,1
6327.21,13,0.4088,1,insufficient_funds,0,66,past_due,1.1,card,starter,10.3,0,0
2320.03,7,0.6492,0,card_expired,2,115,active,5.4,upi,regular,4.3,0,1
235.03,18,0.3913,1,authentication_failed,0,395,active,4.1,wallet,regular,0.5,0,0
2783.22,21,0.8737,1,network_error,0,156,active,2.9,upi,regular,9.8,0,1
1537.79,9,0.8293,1,insufficient_funds,1,292,canceled,1.9,upi,enterprise,3.1,1,1
8742.68,12,0.7834,1,card_expired,0,101,trialing,1.5,upi,regular,6.8,0,1
2257.4,7,0.9659,2,gateway_timeout,0,56,past_due,6.7,upi,regular,1.2,1,1
8987.48,4,0.8546,1,gateway_timeout,2,190,past_due,2.0,upi,regular,3.0,1,1
202.99,9,0.62,1,authentication_failed,0,110,active,2.6,card,regular,0.5,0,1
2039.54,22,0.6044,1,authentication_failed,2,30,active,0.8,wallet,enterprise,2.5,0,1
1579.86,5,0.5811,2,card_expired,0,106,active,8.0,netbanking,regular,19.4,0,0
1530.04,3,0.5777,2,network_error,1,134,active,1.1,netbanking,regular,2.6,1,1
553.11,4,0.4874,0,authentication_failed,0,332,canceled,0.7,card,vip,11.2,1,1
1235.89,5,0.9543,0,authentication_failed,1,138,active,3.9,upi,regular,14.9,0,0
4254.58,0,0.9522,4,insufficient_funds,4,628,paused,0.6,upi,enterprise,17.1,1,1
1922.05,6,0.7481,3,insufficient_funds,0,253,active,15.3,upi,starter,2.9,1,1
2901.23,6,0.9128,1,insufficient_funds,1,529,active,3.3,card,enterprise,15.0,0,1
2564.98,8,0.3937,1,insufficient_funds,4,56,paused,0.2,upi,vip,7.3,1,0
10633.54,4,0.9613,1,gateway_timeout,0,432,active,0.6,upi,starter,2.2,1,1
11985.15,9,0.4822,2,insufficient_funds,0,22,active,10.8,upi,enterprise,3.9,1,1
3595.8,19,0.7967,2,card_expired,0,328,past_due,3.2,upi,regular,8.0,0,0
2203.55,29,0.8511,1,authentication_failed,1,102,active,1.8,card,regular,2.7,1,1
764.73,8,0.9079,1,card_expired,0,90,active,4.8,card,enterprise,0.5,1,1
15531.08,0,0.8871,2,insufficient_funds,1,271,past_due,1.9,netbanking,vip,14.6,0,0
510.58,33,0.5918,1,card_expired,0,18,paused,0.6,upi,regular,2.8,0,0
1966.62,11,0.8019,1,card_expired,4,766,past_due,5.5,upi,starter,4.5,1,1
1969.58,3,0.8697,1,authentication_failed,0,67,past_due,1.8,card,regular,4.4,1,1
2131.26,1,0.7934,2,network_error,1,423,active,15.8,wallet,regular,10.1,1,1
1097.35,1,0.736,1,insufficient_funds,1,285,active,1.2,upi,regular,1.5,0,1
7843.01,1,0.3716,0,insufficient_funds,1,131,active,0.3,upi,vip,4.3,0,1
853.38,0,0.5768,2,authentication_failed,0,319,past_due,3.5,card,regular,10.8,0,1
5238.01,22,0.6503,2,gateway_timeout,0,111,active,0.4,upi,regular,8.1,0,1
861.07,7,0.6438,2,insufficient_funds,1,276,canceled,6.4,upi,regular,4.3,1,1
565.73,11,0.6633,0,insufficient_funds,0,1,active,1.9,card,regular,7.1,0,1
12208.13,16,0.6371,2,insufficient_funds,0,793,paused,14.5,wallet,regular,0.8,0,1
1254.4,14,0.7545,0,card_expired,1,41,active,9.2,card,enterprise,1.6,0,0
8808.84,20,0.9199,2,authentication_failed,5,182,active,2.9,card,regular,5.5,0,0
4133.23,32,0.1728,2,insufficient_funds,1,77,active,1.8,upi,regular,4.1,0,1
605.27,5,0.6203,2,network_error,4,120,trialing,18.3,upi,regular,1.5,1,0
15755.51,28,0.592,1,gateway_timeout,0,102,active,1.8,upi,regular,0.3,0,0
1618.19,12,0.8164,2,gateway_timeout,2,996,active,0.5,card,starter,10.7,0,1
10017.91,0,0.8274,2,insufficient_funds,1,36,active,5.3,upi,regular,0.2,0,1
1124.48,10,0.9302,2,gateway_timeout,1,41,active,7.1,upi,starter,0.3,1,1
9818.79,11,0.6317,0,authentication_failed,0,891,active,1.6,card,enterprise,0.6,0,1
266.59,22,0.699,2,gateway_timeout,0,36,active,1.3,netbanking,regular,0.0,0,1
3784.95,4,0.7408,1,insufficient_funds,0,23,active,2.2,upi,regular,4.0,1,1
7536.28,8,0.4813,2,authentication_failed,1,178,active,0.9,upi,regular,6.4,0,1
13851.14,0,0.6081,2,insufficient_funds,1,57,active,8.9,upi,regular,0.3,0,1
12195.6,3,0.8654,4,insufficient_funds,1,60,active,7.7,card,enterprise,0.5,1,1
8763.58,0,0.8493,0,card_expired,1,428,active,4.9,card,regular,1.2,0,1
11154.83,7,0.9216,0,gateway_timeout,2,68,canceled,7.0,card,vip,0.5,1,1
1310.84,16,0.9369,1,card_expired,2,99,active,1.2,netbanking,regular,7.6,0,0
1871.66,2,0.8152,3,authentication_failed,2,275,active,2.6,upi,regular,3.4,0,1
1905.19,7,0.816,1,insufficient_funds,0,1133,active,1.8,card,regular,7.0,1,1
2566.48,2,0.3883,3,card_expired,0,170,trialing,6.9,card,regular,4.3,1,0
2698.77,1,0.416,1,insufficient_funds,3,272,paused,0.6,card,regular,9.5,1,0
4132.41,6,0.7981,3,gateway_timeout,1,174,active,0.8,card,vip,0.6,0,1
1071.05,0,0.8928,1,authentication_failed,1,50,unpaid,3.8,upi,regular,5.0,1,1
6076.06,8,0.63,4,insufficient_funds,2,147,active,1.9,card,regular,5.7,0,1
1117.01,0,0.7407,4,insufficient_funds,4,248,trialing,0.6,wallet,regular,4.5,0,0
2057.55,1,0.8602,1,authentication_failed,4,17,unpaid,0.5,upi,enterprise,1.9,0,1
3699.3,7,0.4941,0,insufficient_funds,0,47,past_due,2.6,netbanking,regular,0.4,0,1
8158.99,8,0.5938,1,insufficient_funds,0,423,active,5.4,wallet,regular,3.1,1,1
6925.17,0,0.7395,1,insufficient_funds,1,22,active,0.2,card,enterprise,1.3,0,1
5385.72,8,0.6337,0,insufficient_funds,1,46,trialing,5.4,upi,regular,0.6,1,0
1046.67,17,0.6724,1,network_error,2,74,active,3.8,upi,regular,1.6,0,1
4159.82,12,0.7754,1,authentication_failed,1,15,active,1.6,wallet,regular,6.1,1,1
657.54,1,0.8469,1,network_error,0,392,trialing,0.1,upi,regular,2.3,0,1
2568.96,8,0.6149,2,card_expired,0,190,trialing,14.0,upi,regular,1.4,1,1
2868.05,10,0.5205,1,insufficient_funds,0,58,active,1.9,card,regular,1.3,0,1
403.13,0,0.8898,0,network_error,2,26,active,10.9,card,regular,5.6,0,1
1800.94,18,0.5736,1,insufficient_funds,0,213,active,3.0,card,starter,3.1,0,1
15778.15,22,0.8154,1,insufficient_funds,1,234,active,3.4,card,regular,2.0,0,1
15555.79,18,0.9014,2,insufficient_funds,0,289,active,1.6,upi,regular,7.0,0,1
2371.85,16,0.9298,4,insufficient_funds,1,370,canceled,2.1,upi,enterprise,0.7,0,0
420.28,12,0.7427,2,insufficient_funds,0,897,active,4.3,upi,starter,5.5,1,1
1186.74,9,0.8569,0,card_expired,2,455,past_due,2.5,card,regular,11.8,1,1
2689.69,10,0.5778,1,insufficient_funds,0,68,active,2.0,upi,regular,5.1,0,1
14961.42,15,0.657,1,authentication_failed,2,21,active,0.1,card,regular,9.0,0,1
961.09,10,0.6697,3,insufficient_funds,0,25,active,1.8,upi,regular,1.0,1,1
7409.37,3,0.6033,4,gateway_timeout,1,455,active,0.8,netbanking,regular,3.8,0,0
775.27,4,0.6652,2,authentication_failed,1,356,active,10.7,upi,vip,1.5,0,0
20084.83,21,0.7834,2,insufficient_funds,1,12,active,1.2,wallet,regular,2.5,0,1
2603.23,0,0.3927,2,insufficient_funds,1,330,active,0.3,card,regular,4.6,0,1
7663.49,11,0.8247,1,insufficient_funds,3,335,active,0.7,card,vip,0.9,1,1
2297.25,29,0.4801,2,network_error,0,427,active,0.5,upi,regular,7.0,1,1
5139.86,11,0.8906,3,authentication_failed,2,267,active,0.8,card,starter,2.0,0,1
1266.07,48,0.6425,3,card_expired,3,194,canceled,1.1,upi,starter,3.0,1,0
989.24,11,0.6059,1,insufficient_funds,0,89,active,12.3,upi,regular,4.4,1,1
14108.28,0,0.6639,1,insufficient_funds,1,16,active,5.8,card,regular,4.0,1,1
12683.72,16,0.5964,1,insufficient_funds,0,26,active,1.0,card,vip,7.6,0,1
11122.63,3,0.4601,1,network_error,2,144,active,4.5,upi,starter,1.0,0,1
5109.93,5,0.8357,3,insufficient_funds,0,50,past_due,4.1,card,regular,3.8,1,0
8458.29,3,0.7533,1,authentication_failed,1,5,active,1.6,upi,regular,3.3,0,1
557.68,2,0.6197,0,insufficient_funds,1,153,trialing,1.9,upi,starter,1.8,1,1
2238.26,5,0.4341,1,gateway_timeout,1,1349,active,9.3,card,enterprise,2.9,1,1
2082.22,4,0.4782,1,insufficient_funds,4,909,active,2.6,upi,regular,9.3,0,0
5248.14,9,0.564,3,authentication_failed,1,354,active,11.4,upi,regular,19.7,0,0
2399.95,15,0.6299,3,insufficient_funds,2,74,active,0.8,card,regular,2.0,1,1
1003.82,3,0.8354,1,insufficient_funds,4,387,active,0.2,upi,starter,3.4,0,1
4737.49,2,0.6804,2,insufficient_funds,2,251,past_due,2.7,card,regular,0.7,0,1
8620.37,10,0.9684,2,insufficient_funds,2,100,active,3.6,upi,regular,4.8,0,1
2607.33,10,0.4678,1,insufficient_funds,0,12,canceled,2.9,upi,regular,9.4,0,0
909.37,21,0.6848,1,authentication_failed,0,168,trialing,4.2,upi,enterprise,15.0,1,1
1295.06,0,0.2358,1,card_expired,1,221,active,1.7,card,regular,2.9,0,1
1555.65,18,0.5876,2,insufficient_funds,3,236,active,0.6,upi,starter,11.7,1,1
1982.64,6,0.4681,1,network_error,0,90,paused,1.3,card,regular,0.2,1,1
5347.23,9,0.6762,0,gateway_timeout,2,317,past_due,0.3,upi,starter,7.6,0,1
4793.29,0,0.6765,2,gateway_timeout,0,288,paused,0.3,card,regular,3.3,0,1
6154.95,5,0.488,2,gateway_timeout,1,91,active,1.9,card,regular,19.4,1,1
2451.02,2,0.8604,2,gateway_timeout,2,333,active,9.1,card,enterprise,1.6,0,1
8886.29,2,0.7793,2,insufficient_funds,0,345,past_due,2.7,netbanking,regular,0.4,0,1
1341.33,6,0.8672,4,card_expired,1,454,canceled,0.7,netbanking,starter,4.8,1,1
3365.35,15,0.8858,3,insufficient_funds,2,139,past_due,1.8,card,enterprise,2.7,1,0
8270.71,12,0.6979,2,insufficient_funds,1,685,active,15.2,upi,starter,3.8,1,1
1193.22,8,0.7069,2,card_expired,0,819,active,0.1,upi,regular,0.7,0,1
781.9,7,0.5283,2,authentication_failed,1,316,past_due,3.7,upi,regular,7.2,0,0
10957.22,5,0.8715,4,insufficient_funds,0,267,active,3.8,upi,starter,1.4,1,1
2299.82,34,0.8036,3,card_expired,0,430,active,8.5,upi,regular,1.3,1,1
5958.01,7,0.612,0,authentication_failed,0,37,past_due,2.2,card,vip,1.6,1,1
328.38,2,0.8932,2,insufficient_funds,2,375,active,2.2,upi,vip,0.9,0,1
6056.67,2,0.8022,0,authentication_failed,0,144,active,13.9,upi,enterprise,2.4,0,1
2099.73,8,0.8049,1,network_error,1,616,active,0.1,netbanking,vip,0.6,0,1
486.77,7,0.9019,2,insufficient_funds,3,25,trialing,3.7,upi,starter,0.8,0,1
4905.64,0,0.8227,0,insufficient_funds,1,51,active,4.8,upi,enterprise,3.5,1,1
1577.48,16,0.9398,0,insufficient_funds,0,113,active,0.4,card,starter,2.5,0,1
2645.38,11,0.6371,1,insufficient_funds,0,880,active,5.0,card,enterprise,0.7,1,1
620.07,10,0.5237,0,insufficient_funds,5,223,past_due,4.3,upi,regular,1.2,0,0
995.94,0,0.8881,6,authentication_failed,0,628,unpaid,0.1,upi,regular,4.7,1,1
1968.95,4,0.8758,3,card_expired,1,695,active,7.6,card,enterprise,4.4,0,0
670.23,25,0.7308,0,insufficient_funds,2,9,active,4.1,netbanking,starter,0.8,0,0
12285.84,18,0.7296,2,gateway_timeout,0,328,active,10.5,card,regular,0.6,0,1
230.33,3,0.9524,0,authentication_failed,2,82,active,3.9,upi,regular,2.3,0,1
3506.89,1,0.336,3,insufficient_funds,1,126,past_due,2.2,upi,regular,1.4,1,1
857.65,5,0.4971,2,authentication_failed,1,2,active,3.8,card,regular,1.4,1,1
2038.53,4,0.6145,1,authentication_failed,3,295,active,8.0,card,vip,6.1,1,1
13222.48,10,0.7131,3,insufficient_funds,0,472,active,2.2,upi,enterprise,1.8,1,1
1081.86,32,0.7087,0,insufficient_funds,4,27,active,2.2,card,vip,1.4,1,1
17082.38,4,0.8262,2,insufficient_funds,0,244,active,0.4,card,regular,1.0,0,1
1352.06,0,0.8358,0,insufficient_funds,0,74,canceled,3.3,upi,regular,6.2,0,0
6965.58,21,0.9379,3,insufficient_funds,0,1031,active,2.3,upi,starter,0.2,1,1
4155.75,0,0.9514,0,gateway_timeout,0,14,canceled,1.9,card,regular,1.5,1,1
10991.5,28,0.7322,1,gateway_timeout,0,188,past_due,0.2,upi,regular,7.0,1,1
4237.11,10,0.9675,0,network_error,1,455,active,3.7,card,vip,23.2,1,1
4023.85,26,0.891,2,insufficient_funds,2,337,active,0.2,upi,starter,0.2,0,1
1287.41,2,0.851,3,network_error,0,200,active,0.4,upi,starter,3.1,0,1
1108.98,0,0.6852,1,gateway_timeout,0,491,active,0.2,upi,enterprise,7.4,0,1
12613.89,6,0.8476,0,gateway_timeout,0,985,active,1.3,upi,vip,3.2,1,1
2186.28,5,0.3986,2,network_error,1,28,active,2.9,card,enterprise,8.9,1,1
2526.73,3,0.6917,1,insufficient_funds,0,20,active,3.6,upi,regular,5.7,0,0
7331.91,30,0.761,2,card_expired,0,447,trialing,1.7,wallet,starter,4.9,0,1
2268.67,16,0.8562,1,authentication_failed,0,70,trialing,4.8,card,enterprise,0.1,0,1
15389.28,10,0.7207,0,insufficient_funds,1,524,past_due,6.1,card,regular,2.4,1,1
6895.68,1,0.7703,0,gateway_timeout,4,107,past_due,3.7,upi,regular,0.8,0,1
4749.42,12,0.8787,2,insufficient_funds,4,60,active,1.7,upi,starter,7.6,0,1
10838.76,12,0.353,2,insufficient_funds,2,98,active,0.2,upi,regular,6.4,1,1
454.39,5,0.7823,1,authentication_failed,0,598,active,11.0,wallet,starter,0.8,1,1
1685.72,24,0.6037,2,authentication_failed,3,338,active,15.3,card,enterprise,0.4,1,1
3327.78,1,0.7122,0,insufficient_funds,0,11,active,0.4,card,regular,4.0,0,1
1487.24,2,0.6069,1,gateway_timeout,1,1172,canceled,2.2,card,enterprise,3.0,1,1
7011.04,0,0.7519,4,insufficient_funds,3,60,active,1.0,card,regular,9.8,1,0
12779.39,15,0.6645,2,authentication_failed,1,168,active,3.2,upi,regular,3.3,0,0
2956.24,9,0.4193,1,insufficient_funds,0,65,active,2.7,card,regular,1.2,0,0
2293.76,3,0.7362,2,insufficient_funds,1,82,past_due,1.0,card,enterprise,0.0,1,1
16492.08,1,0.7873,0,insufficient_funds,2,19,active,9.6,upi,starter,8.7,0,0
3142.61,0,0.7691,3,authentication_failed,1,270,active,8.9,card,regular,12.5,1,1
3557.4,1,0.6504,1,insufficient_funds,0,191,canceled,4.8,netbanking,regular,1.9,0,0
2366.62,5,0.7719,0,insufficient_funds,0,275,canceled,5.1,upi,regular,3.3,1,0
12214.71,2,0.7817,2,insufficient_funds,0,117,past_due,1.7,upi,regular,3.2,1,1
4407.72,2,0.4725,2,insufficient_funds,0,499,active,2.0,card,starter,3.4,0,1
7381.09,19,0.4212,0,card_expired,4,190,active,2.7,upi,vip,7.6,0,0
8551.43,6,0.5076,3,authentication_failed,0,809,active,4.1,upi,starter,13.5,0,1
2291.6,12,0.6628,1,insufficient_funds,4,448,active,2.3,card,starter,2.0,1,1
3043.11,0,0.7933,1,authentication_failed,1,198,canceled,1.3,card,regular,2.6,0,1
9634.92,4,0.491,0,gateway_timeout,1,940,active,8.1,upi,enterprise,0.8,1,1
2456.93,6,0.7938,1,insufficient_funds,3,66,active,1.3,card,enterprise,12.4,0,1
8097.82,1,0.6271,5,card_expired,5,218,active,3.9,card,regular,0.7,1,0
14350.44,1,0.9688,1,insufficient_funds,4,300,active,5.0,card,enterprise,19.2,0,1
5080.34,19,0.4086,3,card_expired,1,21,active,3.9,card,enterprise,5.4,0,0
6966.76,26,0.8441,0,card_expired,1,181,past_due,5.6,card,vip,0.8,0,1
8376.27,0,0.6596,0,authentication_failed,0,49,active,0.9,card,regular,3.4,0,1
9522.93,4,0.7033,2,insufficient_funds,1,285,paused,2.0,wallet,regular,1.8,0,0
2713.07,30,0.7579,3,insufficient_funds,1,42,active,3.3,upi,starter,2.9,0,1
463.12,0,0.8737,1,card_expired,0,386,active,8.2,upi,regular,2.0,0,1
2769.79,9,0.9255,3,insufficient_funds,3,231,active,13.8,card,regular,6.2,0,0
5800.55,34,0.6212,1,gateway_timeout,0,44,canceled,7.9,upi,regular,15.6,0,0
3192.37,36,0.7587,0,insufficient_funds,1,240,canceled,0.5,upi,enterprise,1.7,1,1
7110.78,6,0.2292,0,card_expired,0,3,canceled,0.1,upi,regular,0.3,1,0
2407.92,1,0.9088,4,network_error,1,10,active,1.3,upi,enterprise,0.5,1,1
5235.79,2,0.7464,0,authentication_failed,1,62,active,2.1,upi,vip,7.1,1,1
1231.55,20,0.6448,2,gateway_timeout,1,119,active,0.5,upi,enterprise,2.0,0,1
7118.88,23,0.8954,4,insufficient_funds,0,40,active,4.6,upi,regular,1.0,0,1
4144.94,8,0.6114,0,gateway_timeout,0,388,active,9.2,upi,regular,10.3,0,1
1341.18,13,0.8671,1,gateway_timeout,0,30,active,2.0,card,regular,0.6,0,1
1925.93,12,0.7657,0,insufficient_funds,0,12,active,18.1,card,starter,9.4,0,1
7103.72,10,0.3532,1,authentication_failed,1,2,active,1.4,upi,enterprise,5.5,0,1
3494.71,16,0.7594,0,gateway_timeout,2,208,active,2.1,card,regular,0.3,1,0
1416.93,10,0.7661,1,insufficient_funds,2,214,active,0.2,upi,enterprise,4.8,0,1
17297.5,7,0.929,0,gateway_timeout,3,52,canceled,5.0,upi,enterprise,2.7,1,1
6478.52,2,0.6806,1,card_expired,0,77,trialing,0.1,wallet,regular,2.9,0,0
15948.48,12,0.8862,2,insufficient_funds,1,379,unpaid,2.2,upi,starter,0.9,0,0
2985.26,6,0.5879,1,insufficient_funds,1,560,trialing,1.0,upi,regular,4.7,1,1
3422.74,3,0.8726,4,insufficient_funds,1,100,trialing,4.0,card,starter,2.6,0,0
11611.72,15,0.4495,1,insufficient_funds,1,144,past_due,1.0,upi,regular,0.3,1,1
3922.72,11,0.9499,1,network_error,3,18,active,3.3,upi,enterprise,12.1,1,1
6342.68,26,0.7903,0,gateway_timeout,0,467,unpaid,0.3,card,enterprise,2.1,1,1
1652.92,1,0.7164,1,insufficient_funds,0,268,active,0.3,card,regular,1.6,1,1
3159.51,9,0.9264,0,network_error,1,21,past_due,8.7,wallet,regular,2.0,1,1
858.81,2,0.8467,0,insufficient_funds,1,223,active,6.1,card,regular,10.7,1,1
1353.23,22,0.7501,5,network_error,0,27,active,13.7,wallet,regular,12.1,1,1
204.72,0,0.4724,1,authentication_failed,1,340,active,1.0,wallet,vip,9.3,1,1
400.28,10,0.55,3,authentication_failed,1,36,active,1.4,upi,regular,3.6,0,1
19123.39,14,0.6122,1,authentication_failed,0,158,active,25.4,card,regular,1.6,1,1
1587.69,4,0.7266,0,insufficient_funds,3,309,active,4.6,upi,regular,2.7,0,1
5642.97,29,0.8432,1,gateway_timeout,1,51,active,1.4,card,vip,14.1,1,1
9334.85,18,0.69,2,gateway_timeout,1,27,trialing,1.2,card,enterprise,2.2,1,1
4199.88,3,0.9124,3,authentication_failed,0,354,trialing,7.4,upi,regular,0.6,1,1
1031.13,0,0.7692,1,card_expired,5,334,trialing,2.0,upi,regular,5.7,1,1
6711.91,3,0.5753,1,authentication_failed,1,103,paused,0.2,card,regular,4.2,1,1
4784.6,3,0.4689,3,gateway_timeout,0,60,paused,1.8,upi,regular,2.1,0,1
6769.88,20,0.5209,5,insufficient_funds,0,634,active,0.8,wallet,vip,0.2,0,1
7542.87,32,0.6295,2,network_error,0,260,active,0.4,card,regular,6.0,0,1
18727.15,0,0.8157,4,network_error,0,192,active,8.7,upi,regular,8.2,0,1
4461.46,6,0.6742,1,authentication_failed,0,80,past_due,4.7,wallet,starter,1.8,0,1
2290.03,7,0.8176,4,gateway_timeout,1,114,active,4.4,upi,starter,8.3,0,1
5427.22,0,0.7706,2,insufficient_funds,0,104,trialing,3.7,card,starter,1.0,0,0
554.48,4,0.4924,5,authentication_failed,1,765,active,5.1,card,regular,1.7,0,0
11584.46,3,0.8157,4,insufficient_funds,4,38,unpaid,11.8,wallet,regular,16.8,0,0
835.65,7,0.7768,2,card_expired,1,143,active,0.3,upi,enterprise,8.3,1,1
2186.32,10,0.6004,2,gateway_timeout,0,12,past_due,0.1,upi,starter,0.3,0,1
8657.18,11,0.8932,2,network_error,0,184,active,3.3,card,enterprise,22.3,0,1
4747.97,1,0.7116,2,gateway_timeout,4,464,past_due,2.1,upi,regular,2.7,0,0
2701.37,15,0.8001,3,insufficient_funds,1,861,active,0.3,upi,vip,0.8,1,1
3406.91,10,0.9228,4,authentication_failed,1,93,active,12.5,upi,regular,1.6,1,1
9839.52,20,0.9695,2,authentication_failed,0,54,unpaid,5.8,card,regular,3.5,0,1
2277.61,5,0.3657,1,card_expired,0,242,active,2.7,upi,regular,0.5,0,1
10387.65,21,0.7356,3,authentication_failed,2,93,active,12.4,card,starter,3.6,0,1
661.31,19,0.7161,2,authentication_failed,2,27,past_due,5.9,wallet,regular,11.6,1,1
7698.4,5,0.5149,2,gateway_timeout,0,58,active,0.3,upi,enterprise,6.3,1,1
9604.52,4,0.7983,1,authentication_failed,4,6,active,4.4,card,regular,10.3,0,0
1203.35,25,0.8759,2,gateway_timeout,0,541,trialing,2.6,card,regular,1.4,1,1
3013.64,11,0.5072,2,authentication_failed,2,118,paused,3.6,card,regular,3.7,0,1
1104.61,25,0.6843,4,gateway_timeout,1,378,unpaid,1.1,upi,regular,0.5,1,1
6331.16,15,0.5022,3,network_error,0,267,canceled,2.5,card,enterprise,5.6,0,1
4032.33,8,0.7652,1,insufficient_funds,3,54,past_due,1.6,netbanking,regular,1.3,0,1
5243.72,1,0.7574,2,insufficient_funds,1,126,active,2.3,card,starter,0.9,1,1
1293.81,3,0.9454,1,authentication_failed,1,148,active,0.4,netbanking,starter,1.1,0,1
1389.67,32,0.9113,2,insufficient_funds,1,264,active,0.6,upi,regular,5.4,0,1
411.91,3,0.8258,0,insufficient_funds,1,654,active,2.5,netbanking,regular,2.7,1,1
2143.54,0,0.8109,1,gateway_timeout,0,53,active,1.1,card,regular,2.6,1,1
4302.0,11,0.7974,4,insufficient_funds,2,130,active,1.3,upi,regular,0.8,0,1
9957.35,12,0.8262,1,insufficient_funds,0,57,active,4.2,wallet,regular,0.7,1,1
5696.97,3,0.8583,0,authentication_failed,1,435,active,0.1,card,regular,2.6,0,1
3058.16,3,0.9092,1,insufficient_funds,0,334,active,2.5,netbanking,regular,2.5,0,1
15500.83,6,0.4893,0,insufficient_funds,0,437,active,3.4,card,regular,1.4,0,1
6551.37,0,0.512,2,insufficient_funds,2,372,trialing,1.7,upi,vip,8.7,1,0
13508.11,14,0.9065,0,insufficient_funds,0,7,active,3.0,card,regular,6.1,0,1
3949.52,3,0.8154,0,insufficient_funds,2,78,trialing,7.1,card,regular,1.5,0,1
1698.13,18,0.6835,1,gateway_timeout,0,110,active,2.3,card,regular,3.9,0,1
471.37,15,0.6177,2,gateway_timeout,3,406,active,2.7,upi,regular,5.8,0,1
6674.68,10,0.4415,0,insufficient_funds,1,478,active,7.8,card,regular,3.2,1,0
846.58,3,0.6934,3,insufficient_funds,0,159,past_due,2.5,card,regular,0.7,0,1
2003.24,6,0.5145,2,network_error,2,1072,active,11.5,upi,regular,2.9,0,1
4001.47,5,0.8396,3,gateway_timeout,1,189,active,9.2,card,vip,1.5,1,1
4355.34,3,0.9715,0,insufficient_funds,1,178,active,0.2,netbanking,regular,0.9,0,1
4788.75,17,0.7927,3,insufficient_funds,2,193,active,0.8,upi,regular,1.4,0,1
1109.14,6,0.7533,2,insufficient_funds,5,335,active,2.7,card,starter,8.2,1,1
2588.06,16,0.8876,3,network_error,0,119,active,0.6,upi,enterprise,2.5,0,1
5001.14,1,0.6049,3,network_error,1,593,trialing,8.3,card,regular,8.3,0,1
17702.69,1,0.9078,2,insufficient_funds,0,200,past_due,2.4,netbanking,starter,0.7,1,1
6702.99,35,0.7599,0,insufficient_funds,0,141,active,0.7,upi,starter,4.3,1,1
12994.09,8,0.8332,4,insufficient_funds,0,71,canceled,4.5,wallet,starter,4.5,0,1
7381.88,6,0.8642,2,insufficient_funds,0,115,past_due,4.8,upi,regular,10.8,1,1
4678.97,7,0.8225,1,network_error,0,270,active,2.9,upi,starter,3.4,1,1
1266.11,2,0.5998,2,insufficient_funds,1,911,active,0.6,card,regular,5.0,0,0
5693.35,12,0.7345,2,insufficient_funds,0,219,active,6.7,card,regular,13.5,0,1
5082.59,0,0.8878,1,insufficient_funds,0,193,active,8.9,card,enterprise,0.3,1,1
4812.41,8,0.7233,1,authentication_failed,1,91,active,10.2,upi,regular,4.2,1,1
3564.62,8,0.8924,1,insufficient_funds,1,634,past_due,1.0,netbanking,enterprise,0.4,1,1
3960.84,23,0.6909,1,insufficient_funds,1,239,active,3.7,upi,vip,7.2,0,1
2235.65,7,0.5211,0,network_error,1,473,active,4.8,card,regular,2.3,0,1
3862.69,1,0.7901,0,insufficient_funds,0,18,unpaid,0.3,wallet,regular,3.5,0,1
1300.47,8,0.6518,3,insufficient_funds,0,363,active,3.3,upi,regular,3.0,0,1
8378.25,0,0.509,0,authentication_failed,0,77,past_due,0.2,upi,regular,0.2,1,0
1227.6,2,0.8705,3,authentication_failed,3,786,active,6.5,card,regular,0.5,0,1
643.97,0,0.7564,1,gateway_timeout,2,40,active,8.6,card,starter,0.7,1,1
3065.69,6,0.8766,3,insufficient_funds,0,29,active,4.0,card,regular,5.2,1,1
5569.22,0,0.7705,3,insufficient_funds,0,106,active,10.5,upi,enterprise,5.7,0,1
3078.75,6,0.7976,1,insufficient_funds,1,90,unpaid,1.3,card,regular,7.6,1,1
1820.03,25,0.7828,2,card_expired,0,1070,past_due,4.9,wallet,starter,1.8,0,1
4284.16,12,0.851,0,insufficient_funds,3,245,active,0.8,card,regular,3.8,0,1
2330.91,0,0.7658,0,insufficient_funds,1,378,canceled,0.3,wallet,starter,5.0,1,0
13705.45,2,0.8613,1,authentication_failed,4,39,canceled,2.2,card,regular,2.8,1,1
12996.76,10,0.8921,3,insufficient_funds,4,1349,trialing,12.0,card,regular,8.1,0,1
3689.51,21,0.3947,4,card_expired,1,501,active,7.0,card,regular,3.5,0,1
2186.62,0,0.7266,1,insufficient_funds,1,743,active,4.8,wallet,regular,2.3,1,1
6880.52,15,0.7193,2,card_expired,0,62,canceled,4.4,upi,regular,1.8,1,0
387.02,7,0.6352,2,network_error,2,98,trialing,1.2,card,regular,7.1,1,1
3419.59,7,0.6208,1,insufficient_funds,4,513,unpaid,0.1,upi,regular,0.6,1,1
2249.8,30,0.6609,2,insufficient_funds,0,117,active,2.4,netbanking,regular,2.0,0,1
12862.25,13,0.4322,3,gateway_timeout,2,4,unpaid,1.5,card,enterprise,8.7,1,0
260.38,18,0.9318,0,insufficient_funds,0,698,unpaid,1.8,card,regular,4.1,1,1
4223.91,4,0.7897,1,insufficient_funds,0,52,active,0.3,upi,starter,5.9,0,1
6948.15,7,0.6959,3,insufficient_funds,0,4,active,1.2,card,vip,13.5,1,1
3518.12,9,0.7396,0,authentication_failed,1,91,past_due,3.5,wallet,regular,0.2,0,1
646.36,3,0.6905,2,insufficient_funds,0,289,past_due,9.4,upi,regular,3.3,1,0
18160.83,8,0.7295,2,insufficient_funds,0,252,active,6.8,card,vip,0.1,1,1
3849.16,2,0.9192,0,insufficient_funds,1,56,active,1.4,card,enterprise,3.8,0,0
4962.0,1,0.6917,2,insufficient_funds,2,158,active,5.9,wallet,starter,0.0,0,0
1549.93,4,0.8611,0,insufficient_funds,0,285,active,4.7,upi,enterprise,1.6,0,1
3503.38,12,0.7823,1,insufficient_funds,1,213,active,0.6,upi,regular,0.7,0,1
3003.14,23,0.9296,0,card_expired,1,325,active,3.5,netbanking,starter,0.8,0,1
589.24,5,0.7971,1,authentication_failed,0,145,active,6.3,card,enterprise,1.1,0,1
761.14,9,0.6333,1,insufficient_funds,3,124,trialing,0.6,card,regular,12.4,0,1
9284.54,1,0.7486,2,insufficient_funds,0,15,trialing,0.3,card,regular,6.7,0,0
1571.0,22,0.5496,1,insufficient_funds,2,559,trialing,0.3,card,enterprise,9.9,1,1
1284.31,7,0.8318,2,authentication_failed,1,530,active,2.9,netbanking,enterprise,8.1,0,1
3715.09,14,0.4723,0,authentication_failed,1,142,active,0.1,wallet,vip,0.7,0,1
7521.22,15,0.748,3,network_error,1,439,active,2.6,card,regular,0.9,0,1
519.74,2,0.627,1,authentication_failed,3,246,paused,3.0,upi,regular,2.4,0,1
4499.65,7,0.8135,0,authentication_failed,2,73,active,0.9,netbanking,enterprise,1.5,0,1
834.68,30,0.7357,0,insufficient_funds,1,49,unpaid,14.0,card,regular,0.3,1,1
385.71,0,0.5295,1,authentication_failed,0,14,past_due,5.5,upi,regular,5.7,0,0
470.93,10,0.6038,2,authentication_failed,1,270,active,2.0,upi,regular,4.0,1,1
9183.78,31,0.5775,4,card_expired,0,84,active,8.1,card,regular,3.3,1,1
827.66,3,0.5762,0,gateway_timeout,1,570,trialing,2.4,upi,vip,7.2,1,1
431.01,18,0.4722,0,authentication_failed,1,481,active,5.1,card,regular,8.0,0,1
3080.38,25,0.955,0,insufficient_funds,3,318,past_due,3.6,card,regular,2.6,0,0
9489.29,13,0.903,0,gateway_timeout,2,240,active,2.5,card,regular,0.8,1,1
1721.82,2,0.7615,0,insufficient_funds,0,654,active,1.2,upi,starter,2.4,1,0
2938.42,3,0.6043,3,insufficient_funds,0,466,active,0.1,upi,vip,0.8,1,1
403.71,0,0.7895,4,gateway_timeout,0,76,trialing,0.1,card,starter,15.7,1,1
3180.81,16,0.7505,2,insufficient_funds,0,75,trialing,4.1,upi,regular,5.4,1,1
4509.17,17,0.8116,1,insufficient_funds,0,6,active,8.2,card,regular,2.3,0,1
4430.41,9,0.7055,1,insufficient_funds,4,169,active,7.1,upi,regular,16.3,0,1
2220.53,4,0.4212,1,gateway_timeout,1,153,active,3.2,upi,vip,0.9,0,1
2095.58,0,0.6276,1,network_error,4,72,trialing,0.2,netbanking,enterprise,26.9,1,1
763.74,13,0.7585,0,insufficient_funds,0,849,active,0.3,card,starter,0.7,0,1
2484.83,12,0.8328,1,insufficient_funds,2,196,active,0.8,upi,enterprise,1.4,1,1
724.0,23,0.8011,1,network_error,1,42,trialing,1.0,card,regular,25.8,0,1
7474.92,12,0.8452,3,authentication_failed,0,465,canceled,1.9,upi,regular,3.8,0,1
17147.48,16,0.8302,1,insufficient_funds,0,147,active,0.9,card,vip,1.6,0,1
17745.21,13,0.7784,3,card_expired,1,352,paused,1.4,upi,vip,10.6,0,1
10215.04,9,0.8432,0,insufficient_funds,0,113,active,0.3,upi,regular,9.6,0,1
4791.37,5,0.496,2,authentication_failed,0,20,active,2.1,card,regular,10.1,0,1
6234.31,22,0.8833,2,insufficient_funds,1,1187,active,3.0,card,regular,0.9,1,1
1878.8,9,0.8176,2,insufficient_funds,0,445,active,5.1,upi,regular,3.1,1,1
5181.68,4,0.7018,4,authentication_failed,0,63,trialing,0.3,upi,regular,8.1,1,1
3240.81,0,0.3841,2,insufficient_funds,3,452,past_due,10.2,upi,regular,2.3,1,0
3489.07,3,0.5977,2,insufficient_funds,1,415,active,2.3,card,enterprise,3.4,0,1
7289.47,7,0.6987,0,card_expired,2,406,active,2.1,card,regular,2.3,1,1
1855.86,3,0.5921,1,authentication_failed,0,72,active,12.8,upi,regular,0.2,1,1
2113.92,2,0.6546,3,network_error,1,43,canceled,3.0,card,starter,2.8,0,0
13127.51,7,0.5776,0,insufficient_funds,1,181,active,1.2,card,enterprise,12.6,0,0
489.33,1,0.7473,3,authentication_failed,0,306,active,0.1,upi,regular,0.8,1,1
3524.1,15,0.9216,2,insufficient_funds,1,163,trialing,8.3,card,regular,3.3,0,1
12397.8,6,0.5836,4,insufficient_funds,2,138,active,5.8,card,starter,1.7,1,1
4912.7,8,0.588,1,insufficient_funds,2,156,past_due,4.2,card,starter,6.9,0,0
4152.78,1,0.4338,0,insufficient_funds,3,775,past_due,2.4,card,regular,8.4,1,0
1636.71,3,0.5569,2,insufficient_funds,0,646,active,6.2,card,regular,8.6,1,1
2302.45,5,0.6742,2,insufficient_funds,1,700,active,1.3,upi,regular,3.2,1,1
9754.35,15,0.8754,2,card_expired,0,90,active,1.0,card,starter,1.8,1,1
4296.03,13,0.8611,2,insufficient_funds,0,7,active,10.7,wallet,starter,3.8,0,1
3815.37,2,0.6619,1,insufficient_funds,0,935,active,0.3,card,enterprise,8.2,0,0
724.47,9,0.5171,0,insufficient_funds,2,17,active,9.5,card,regular,4.6,0,1
280.79,2,0.7727,1,authentication_failed,1,707,canceled,1.0,netbanking,enterprise,0.2,0,1
16777.65,42,0.843,0,authentication_failed,1,174,active,11.5,netbanking,regular,3.6,1,1
2565.93,28,0.705,0,authentication_failed,1,217,past_due,1.9,upi,regular,0.8,1,1
4821.78,7,0.8381,2,card_expired,0,22,unpaid,1.9,card,vip,6.8,1,1
615.36,11,0.6027,1,insufficient_funds,2,633,active,0.2,card,enterprise,2.0,0,1
5946.07,15,0.7488,1,gateway_timeout,2,41,active,7.0,upi,starter,1.4,0,1
13683.08,12,0.5843,2,insufficient_funds,2,534,active,8.0,upi,enterprise,12.6,1,1
4486.16,11,0.6785,2,insufficient_funds,5,54,active,5.0,netbanking,regular,1.6,1,1
874.03,30,0.5323,1,authentication_failed,2,52,active,5.3,netbanking,regular,5.0,0,1
4558.04,8,0.9071,0,authentication_failed,0,41,active,1.5,card,enterprise,8.7,1,1
7469.6,9,0.843,4,insufficient_funds,0,43,active,4.5,card,regular,3.4,1,1
2807.89,17,0.7912,0,authentication_failed,1,278,active,0.1,card,regular,3.1,1,1
10794.56,10,0.9024,2,insufficient_funds,2,1,active,5.2,card,starter,22.6,0,1
5430.33,12,0.4095,3,insufficient_funds,0,402,active,10.0,card,starter,1.3,1,1
11675.51,2,0.5139,1,authentication_failed,2,326,active,1.1,netbanking,regular,3.4,0,1
5084.26,4,0.7488,2,gateway_timeout,4,135,past_due,0.3,card,regular,2.3,1,1
903.72,1,0.7086,1,gateway_timeout,0,445,active,4.9,upi,vip,1.6,1,1
2053.08,6,0.6899,2,gateway_timeout,1,299,past_due,10.9,card,regular,0.3,0,1
1326.95,5,0.7033,3,authentication_failed,0,887,trialing,8.9,upi,regular,3.7,0,1
12174.95,55,0.9504,3,insufficient_funds,5,269,active,10.6,upi,regular,5.8,0,1
7343.92,8,0.7809,2,gateway_timeout,3,248,canceled,4.4,card,regular,3.2,1,1
5841.21,14,0.8048,2,network_error,0,28,canceled,2.0,card,regular,0.6,1,1
1990.28,3,0.4279,0,card_expired,0,557,active,2.3,card,starter,0.8,1,1
1216.98,16,0.7837,2,insufficient_funds,0,246,trialing,10.0,wallet,enterprise,2.2,0,1
7262.19,9,0.721,0,authentication_failed,1,161,active,4.4,card,vip,5.9,0,1
3413.77,11,0.779,1,network_error,4,3,past_due,3.8,upi,regular,6.0,1,1
1479.56,3,0.685,0,insufficient_funds,2,174,paused,4.3,card,enterprise,6.3,1,1
4993.67,7,0.5768,2,authentication_failed,1,220,active,7.3,card,vip,3.4,1,1
405.85,9,0.5332,3,insufficient_funds,0,311,active,0.2,card,regular,10.0,0,1
2173.89,8,0.6556,2,insufficient_funds,0,47,active,0.7,netbanking,regular,1.3,1,1
3360.8,23,0.6099,0,insufficient_funds,0,26,active,1.0,wallet,regular,10.1,0,1
1000.6,21,0.7761,1,insufficient_funds,2,212,active,1.0,upi,regular,4.9,0,1
21084.66,33,0.9083,1,insufficient_funds,1,462,active,3.0,wallet,starter,2.7,1,1
1372.9,10,0.8354,1,card_expired,1,257,past_due,1.4,wallet,regular,7.6,0,0
898.34,33,0.7753,0,card_expired,1,363,active,1.8,wallet,regular,5.9,1,1
1337.86,16,0.6236,1,gateway_timeout,0,112,active,2.7,upi,vip,3.7,0,1
7528.01,2,0.6425,2,gateway_timeout,2,56,active,3.0,card,vip,5.9,0,1
2971.33,5,0.7501,0,insufficient_funds,2,77,active,2.4,upi,vip,2.0,1,1
4366.83,2,0.7199,1,insufficient_funds,0,59,active,3.3,netbanking,regular,1.4,0,1
306.16,0,0.5869,1,authentication_failed,0,606,canceled,1.3,card,vip,0.4,0,0
375.19,1,0.6394,2,card_expired,2,659,unpaid,3.8,upi,regular,2.0,0,0
3151.38,0,0.6851,3,gateway_timeout,4,216,active,1.8,upi,regular,1.7,1,1
8681.93,12,0.823,2,insufficient_funds,0,258,past_due,12.8,netbanking,enterprise,0.6,0,1
11024.51,5,0.6477,4,insufficient_funds,0,536,active,9.8,upi,regular,2.8,0,1
653.49,3,0.6131,1,insufficient_funds,1,96,active,5.9,card,regular,8.2,1,0
4064.88,13,0.8993,1,authentication_failed,1,78,active,7.0,card,vip,8.7,0,1
12422.45,16,0.6952,1,gateway_timeout,0,565,active,14.3,card,regular,0.5,1,1
2654.89,35,0.4401,0,authentication_failed,1,53,active,0.8,upi,regular,6.2,0,1
9047.03,9,0.7916,0,insufficient_funds,0,1500,active,4.1,upi,vip,11.5,1,1
917.59,5,0.6483,1,gateway_timeout,1,399,active,0.7,card,enterprise,0.1,1,1
13897.28,3,0.8901,1,gateway_timeout,0,540,active,1.1,upi,vip,5.6,0,1
7160.02,2,0.8331,0,insufficient_funds,0,77,canceled,2.2,card,starter,28.8,1,0
14379.51,2,0.9002,2,authentication_failed,5,476,active,0.5,wallet,regular,4.9,0,1
5844.59,4,0.898,1,insufficient_funds,0,112,trialing,1.7,card,regular,0.9,0,1
2458.1,45,0.7599,2,gateway_timeout,0,140,active,3.6,wallet,regular,2.6,1,1
14117.74,0,0.4916,2,insufficient_funds,1,261,active,0.5,card,regular,0.1,1,1
1811.83,2,0.6355,3,insufficient_funds,1,788,active,3.8,card,regular,4.8,0,1
2218.63,1,0.8587,4,insufficient_funds,0,194,paused,1.9,card,regular,13.5,0,1
6233.36,11,0.7679,4,insufficient_funds,2,233,active,1.9,upi,enterprise,5.2,0,0
7447.58,4,0.7951,2,insufficient_funds,0,580,active,8.9,netbanking,regular,3.2,0,1
13453.87,5,0.7271,1,insufficient_funds,2,66,active,2.0,wallet,regular,1.4,0,1
1345.82,1,0.7971,1,gateway_timeout,0,164,active,4.9,upi,enterprise,2.3,0,1
8197.39,4,0.499,4,network_error,1,527,canceled,9.9,netbanking,regular,0.1,1,1
6907.49,1,0.934,0,authentication_failed,5,443,active,5.4,netbanking,regular,2.6,1,1
529.6,7,0.5639,2,gateway_timeout,0,16,past_due,4.3,card,enterprise,0.8,1,1
2648.77,0,0.8597,1,insufficient_funds,1,15,canceled,1.3,netbanking,vip,4.6,1,1
1861.76,14,0.9245,0,gateway_timeout,0,501,paused,5.2,upi,starter,4.6,0,0
2015.55,7,0.8127,2,insufficient_funds,1,75,unpaid,0.9,card,starter,2.2,0,0
20557.11,12,0.703,1,authentication_failed,0,109,active,0.3,card,regular,7.5,1,1
5346.98,5,0.8267,1,card_expired,2,284,active,3.2,netbanking,regular,8.3,0,1
6523.5,4,0.9386,1,insufficient_funds,1,272,past_due,10.2,upi,vip,2.6,1,1
18978.87,0,0.8284,1,authentication_failed,3,305,active,1.4,upi,regular,0.7,0,0
2567.66,7,0.912,1,authentication_failed,2,23,active,1.5,upi,regular,6.9,1,1
8293.41,6,0.8715,3,authentication_failed,0,230,unpaid,3.3,upi,enterprise,3.4,0,1
3050.5,5,0.5611,1,gateway_timeout,3,164,active,0.7,upi,regular,8.1,1,1
10383.2,12,0.3844,1,authentication_failed,0,410,active,4.5,card,regular,1.4,1,1
1196.27,16,0.7487,1,card_expired,1,42,active,2.6,upi,starter,4.0,0,1
14952.47,13,0.7577,2,network_error,0,304,past_due,0.8,upi,regular,0.7,0,1
1434.44,1,0.8153,2,insufficient_funds,0,361,active,2.5,card,vip,5.0,1,1
2174.26,9,0.6188,0,insufficient_funds,0,1095,trialing,0.5,card,enterprise,5.7,1,1
7256.88,0,0.3852,1,insufficient_funds,2,238,canceled,3.9,upi,regular,14.9,0,0
2702.36,11,0.7906,1,gateway_timeout,1,75,active,0.4,card,regular,8.6,0,1
4885.16,4,0.7666,1,insufficient_funds,0,470,canceled,5.6,card,regular,1.0,1,1
3140.09,1,0.7559,4,insufficient_funds,4,399,paused,4.6,upi,vip,3.6,0,1
6981.15,18,0.5495,2,insufficient_funds,0,10,canceled,0.3,netbanking,enterprise,16.7,1,1
1496.0,9,0.9258,1,network_error,1,355,canceled,0.3,upi,starter,1.1,1,1
501.18,4,0.7814,1,network_error,0,294,active,1.5,netbanking,regular,0.8,1,1
1982.87,0,0.7573,1,insufficient_funds,0,69,past_due,0.6,netbanking,vip,1.9,0,1
3415.21,7,0.5084,2,network_error,3,223,trialing,1.6,wallet,regular,10.1,1,1
1119.73,24,0.7072,3,card_expired,1,187,active,0.9,card,regular,2.2,1,1
2390.95,8,0.3194,2,gateway_timeout,0,78,paused,4.5,upi,regular,6.7,0,1
2753.99,33,0.6026,1,insufficient_funds,0,157,active,0.5,card,vip,2.8,1,1
495.52,1,0.8228,1,insufficient_funds,3,54,active,0.1,upi,enterprise,5.0,1,0
4577.03,7,0.7477,4,insufficient_funds,0,44,active,1.0,netbanking,vip,1.4,0,1
10985.65,15,0.4591,0,insufficient_funds,3,701,trialing,1.9,card,regular,3.5,0,1
1022.86,7,0.7126,2,card_expired,0,214,active,0.1,wallet,regular,0.5,1,1
4754.13,0,0.8016,1,insufficient_funds,5,417,active,5.4,card,vip,4.8,0,1
5664.23,8,0.3115,0,gateway_timeout,1,104,active,5.5,card,starter,3.0,0,1
2917.9,8,0.8291,1,gateway_timeout,5,104,canceled,2.6,upi,vip,1.1,1,1
6238.19,12,0.6997,3,insufficient_funds,1,174,canceled,2.7,upi,regular,3.9,0,0
2844.37,13,0.7069,1,insufficient_funds,2,484,active,5.1,wallet,starter,1.7,0,0
3712.33,13,0.6199,2,authentication_failed,0,745,active,5.5,upi,enterprise,1.6,0,1
236.9,10,0.7965,2,insufficient_funds,0,13,active,4.3,card,vip,1.2,1,1
6083.74,2,0.6951,1,card_expired,0,158,active,0.4,upi,regular,8.4,0,1
5613.83,4,0.7715,2,card_expired,0,521,active,3.6,wallet,vip,9.9,1,0
395.79,14,0.7348,0,network_error,0,199,active,3.5,upi,regular,5.0,1,1
2496.31,29,0.92,1,card_expired,0,150,active,2.0,card,regular,5.0,1,1
19523.75,0,0.6289,0,authentication_failed,4,41,past_due,0.7,card,regular,2.5,1,0
2929.99,7,0.7214,4,insufficient_funds,0,147,active,10.9,upi,regular,12.5,0,1
3685.23,3,0.721,1,authentication_failed,0,337,canceled,6.2,upi,regular,14.5,1,1
12235.85,2,0.7818,3,insufficient_funds,0,284,active,2.3,upi,regular,5.7,0,1
6516.17,6,0.9289,1,gateway_timeout,2,145,trialing,1.4,card,regular,2.0,0,1
4562.21,8,0.6626,5,card_expired,1,365,active,2.1,upi,regular,6.0,0,0
8192.61,0,0.4564,2,gateway_timeout,0,226,canceled,2.6,card,regular,3.4,1,0
10188.99,14,0.7598,1,network_error,0,81,canceled,6.0,card,starter,1.0,1,1
3252.2,16,0.5902,0,network_error,0,38,canceled,0.2,upi,regular,1.0,0,1
3422.82,31,0.6741,0,gateway_timeout,0,276,paused,4.6,wallet,regular,1.1,1,1
2639.22,1,0.5258,0,gateway_timeout,2,49,active,4.0,card,vip,5.8,1,1
17211.91,8,0.5542,0,insufficient_funds,3,60,active,4.4,card,enterprise,5.2,0,1
6172.86,5,0.5604,5,insufficient_funds,3,82,active,5.0,card,regular,1.4,1,1
634.46,3,0.839,2,card_expired,1,742,trialing,12.5,upi,regular,7.1,1,1
10137.4,7,0.4646,2,gateway_timeout,2,285,past_due,6.4,upi,starter,15.6,0,0
3475.02,14,0.8523,1,network_error,2,656,unpaid,3.4,upi,regular,0.1,0,1
556.16,0,0.7789,3,insufficient_funds,0,71,past_due,2.3,card,regular,0.9,0,0
4189.4,33,0.8492,2,gateway_timeout,3,240,active,7.7,netbanking,enterprise,6.4,1,1
2899.25,15,0.6925,2,insufficient_funds,1,280,active,19.1,card,regular,5.9,1,1
10708.41,13,0.7515,1,insufficient_funds,1,752,active,14.4,upi,starter,1.3,0,1
1340.75,13,0.6542,1,authentication_failed,1,158,active,3.2,upi,enterprise,7.8,0,1
8956.87,4,0.5586,2,insufficient_funds,0,258,active,4.2,upi,enterprise,0.6,0,1
4278.71,13,0.3654,2,card_expired,0,526,active,6.9,card,regular,4.3,1,1
480.79,4,0.7341,1,insufficient_funds,1,39,canceled,2.1,wallet,regular,4.2,0,1
18050.21,21,0.8945,2,network_error,1,605,past_due,4.8,card,regular,6.4,0,1
3793.51,1,0.7545,1,authentication_failed,0,100,active,1.9,card,starter,9.7,1,1
1918.63,3,0.8545,2,insufficient_funds,0,141,active,3.9,upi,enterprise,9.9,0,1
3368.8,7,0.8081,0,authentication_failed,4,176,active,0.6,upi,starter,6.3,1,1
9954.64,3,0.6919,3,network_error,0,317,active,5.9,card,starter,9.5,0,0
2018.52,5,0.9629,2,gateway_timeout,0,43,active,0.4,card,enterprise,8.5,0,1
1270.15,6,0.9211,1,insufficient_funds,0,290,active,0.6,upi,vip,11.6,1,1
890.98,18,0.4493,0,insufficient_funds,0,26,active,7.0,card,vip,0.8,1,1
1968.11,7,0.7844,0,insufficient_funds,2,121,past_due,3.3,card,enterprise,0.5,0,0
7771.73,4,0.8249,0,gateway_timeout,0,241,active,2.8,card,regular,6.6,1,1
3389.76,2,0.5598,2,insufficient_funds,2,38,canceled,8.5,wallet,regular,3.0,1,0
1490.5,4,0.7839,1,gateway_timeout,0,276,active,1.6,upi,regular,9.0,1,1
1108.72,6,0.9101,0,insufficient_funds,1,772,active,1.6,card,regular,3.8,0,1
2222.8,13,0.6433,0,gateway_timeout,0,785,active,3.0,card,enterprise,21.6,1,1
14260.76,1,0.8369,1,authentication_failed,2,221,active,7.4,card,regular,0.5,0,1
2300.56,2,0.4022,1,card_expired,2,183,active,0.9,upi,regular,4.5,0,0
22366.21,4,0.5672,1,authentication_failed,1,143,active,1.4,upi,regular,3.4,0,0
3520.18,4,0.5142,2,insufficient_funds,2,153,past_due,5.2,upi,regular,1.1,1,1
1187.16,4,0.8991,0,gateway_timeout,0,210,active,17.9,card,regular,9.0,1,1
11288.47,14,0.8783,0,insufficient_funds,1,143,active,4.8,card,regular,6.3,0,1
3284.22,3,0.7613,3,insufficient_funds,3,139,canceled,3.3,card,regular,1.7,1,0
6383.71,6,0.4454,2,card_expired,0,86,active,8.3,netbanking,vip,0.9,0,0
20786.51,9,0.8777,2,gateway_timeout,1,284,active,2.1,upi,enterprise,3.2,0,1
457.39,2,0.9308,1,insufficient_funds,0,517,active,4.5,upi,regular,0.5,0,1
708.47,12,0.8554,2,network_error,1,9,active,1.1,upi,regular,0.8,1,1
6572.99,7,0.8038,2,insufficient_funds,1,830,active,2.0,card,regular,1.1,1,1
1855.21,5,0.9822,2,gateway_timeout,2,323,active,5.1,card,starter,0.8,0,1
1218.55,15,0.9613,3,insufficient_funds,0,3,trialing,3.7,card,regular,6.6,0,0
400.79,2,0.877,1,authentication_failed,2,27,past_due,9.4,card,enterprise,2.1,1,0
310.44,20,0.8057,1,insufficient_funds,0,678,active,0.9,card,starter,1.3,0,1
7646.86,7,0.7467,3,authentication_failed,0,278,active,2.7,wallet,enterprise,1.0,0,1
921.85,8,0.9443,1,insufficient_funds,1,16,trialing,0.2,wallet,starter,15.4,0,1
3352.93,19,0.4968,4,authentication_failed,0,103,active,13.9,upi,regular,2.3,1,1
4855.71,16,0.7153,2,insufficient_funds,1,539,active,3.7,upi,regular,6.0,0,1
2996.16,8,0.7781,1,network_error,2,485,trialing,0.8,card,enterprise,0.2,1,1
337.4,13,0.6965,2,card_expired,2,53,past_due,7.6,card,regular,5.2,1,1
7850.86,5,0.6937,1,insufficient_funds,2,138,past_due,0.5,netbanking,enterprise,3.5,0,1
252.84,7,0.7687,1,network_error,4,350,active,8.6,card,starter,6.9,1,1
7375.11,0,0.9057,1,network_error,1,290,trialing,0.2,upi,vip,3.5,1,1
11388.88,0,0.7333,1,gateway_timeout,2,27,active,11.3,netbanking,enterprise,2.8,0,1
3035.57,16,0.5556,2,insufficient_funds,2,227,active,1.4,card,regular,14.1,1,1
4034.43,0,0.6744,1,card_expired,1,7,active,1.8,card,enterprise,0.6,0,1
3440.71,1,0.7549,0,card_expired,4,113,active,4.0,netbanking,regular,10.5,0,1
2665.0,15,0.5443,3,insufficient_funds,1,183,canceled,11.4,upi,regular,11.4,0,0
11120.66,0,0.6758,3,gateway_timeout,0,11,active,0.9,upi,regular,8.1,1,1
11418.45,3,0.7053,0,card_expired,0,465,past_due,1.8,upi,regular,7.4,0,1
2245.98,8,0.6515,1,card_expired,0,134,active,4.5,netbanking,starter,13.9,0,1
4973.47,8,0.8927,1,network_error,2,131,active,0.3,wallet,regular,9.8,0,1
13280.15,14,0.866,0,card_expired,1,30,past_due,1.7,upi,vip,0.4,0,1
16558.55,6,0.7465,2,authentication_failed,4,162,active,4.0,netbanking,enterprise,5.9,0,1
3756.14,6,0.9172,2,card_expired,3,23,active,2.3,upi,regular,11.9,0,0
3214.93,12,0.4606,1,insufficient_funds,1,42,active,15.4,netbanking,enterprise,1.2,1,1
1833.46,6,0.5165,1,insufficient_funds,0,451,active,14.9,upi,regular,7.7,0,1
16155.32,8,0.7409,1,insufficient_funds,4,287,active,10.5,card,enterprise,0.7,0,0
970.5,21,0.6639,5,authentication_failed,1,227,active,12.4,wallet,starter,1.4,0,0
4535.47,4,0.8524,1,authentication_failed,5,177,past_due,12.2,upi,regular,0.8,0,0
1860.26,4,0.8026,6,insufficient_funds,0,161,active,7.4,card,regular,0.1,0,1
1835.64,0,0.5191,1,authentication_failed,3,756,active,11.9,card,regular,0.0,1,1
2795.71,9,0.6845,2,authentication_failed,0,1182,canceled,0.1,card,starter,6.2,1,1
33797.82,0,0.8191,2,insufficient_funds,1,122,active,6.1,wallet,regular,5.3,0,0
482.67,6,0.8181,2,insufficient_funds,5,4,active,3.1,card,regular,4.7,1,0
4520.17,15,0.8126,0,insufficient_funds,1,603,trialing,2.5,upi,enterprise,0.9,0,1
630.91,7,0.7709,3,authentication_failed,2,97,past_due,0.5,card,starter,2.4,0,1
1039.26,2,0.5761,0,network_error,0,644,active,1.8,card,regular,15.1,1,1
3095.19,14,0.3961,0,insufficient_funds,1,191,active,1.9,upi,vip,15.8,0,1
3771.45,2,0.8828,3,authentication_failed,1,835,active,1.0,upi,regular,6.1,0,1
1697.37,12,0.8504,1,insufficient_funds,0,180,active,11.6,netbanking,starter,1.9,0,1
2102.33,8,0.8101,3,network_error,0,141,active,3.8,netbanking,starter,3.8,0,0
654.92,1,0.5643,1,card_expired,2,639,active,13.6,wallet,vip,0.2,1,0
2006.43,22,0.8027,0,authentication_failed,4,318,trialing,3.5,netbanking,regular,8.7,0,1
17189.78,2,0.7156,0,card_expired,1,462,active,3.0,netbanking,regular,5.6,1,1
14675.58,43,0.8363,0,insufficient_funds,0,20,trialing,2.0,upi,enterprise,3.2,0,1
2238.93,0,0.6058,1,authentication_failed,1,238,past_due,0.9,upi,regular,1.5,0,0
4429.79,2,0.6657,2,gateway_timeout,5,276,active,0.8,upi,regular,9.2,0,1
12217.3,2,0.643,3,insufficient_funds,2,36,trialing,5.2,card,regular,11.6,0,1
231.02,0,0.775,1,card_expired,1,90,past_due,6.7,upi,regular,0.5,0,0
8521.68,12,0.769,2,insufficient_funds,4,555,active,0.1,card,starter,15.6,1,1
15018.22,11,0.6079,3,network_error,3,66,active,0.4,netbanking,enterprise,1.5,0,1
678.84,14,0.8283,1,network_error,2,378,active,5.3,upi,regular,3.9,0,1
1080.39,2,0.6586,1,insufficient_funds,4,7,active,0.8,card,starter,6.4,1,1
16388.55,5,0.7066,1,gateway_timeout,2,51,past_due,1.9,wallet,vip,1.6,1,1
4055.98,10,0.4587,0,authentication_failed,4,14,past_due,6.3,card,regular,5.7,1,1
271.49,5,0.5402,2,authentication_failed,2,131,trialing,8.2,upi,starter,2.1,1,0
1689.55,11,0.832,1,insufficient_funds,0,57,active,9.8,wallet,enterprise,18.8,0,1
3188.67,9,0.5774,0,gateway_timeout,0,76,active,1.7,card,regular,7.5,0,1
6103.05,1,0.6729,3,authentication_failed,0,177,past_due,3.7,upi,starter,8.1,1,1
6805.54,14,0.3538,2,insufficient_funds,0,183,trialing,2.6,upi,enterprise,4.7,0,1
27131.93,12,0.8206,1,gateway_timeout,1,60,trialing,5.0,upi,regular,16.5,1,1
1894.96,10,0.7199,0,network_error,1,476,active,5.4,netbanking,regular,5.1,1,1
4063.33,1,0.8914,4,insufficient_funds,0,103,active,1.0,netbanking,regular,1.6,1,1
4010.6,2,0.4677,2,card_expired,0,120,active,11.4,card,regular,1.4,1,1
2801.39,4,0.5617,0,authentication_failed,1,567,active,2.7,card,starter,11.3,0,1
1126.6,3,0.4561,3,insufficient_funds,0,141,active,1.0,card,vip,1.4,1,1
19161.56,2,0.903,1,insufficient_funds,2,61,canceled,1.3,card,regular,15.8,0,0
9797.41,15,0.4917,1,insufficient_funds,0,23,paused,0.6,card,vip,6.2,0,0
3649.09,9,0.8397,1,insufficient_funds,4,275,active,0.8,upi,enterprise,0.2,0,1
4822.19,7,0.7647,2,insufficient_funds,0,54,canceled,7.7,card,vip,0.3,0,0
1489.07,2,0.6657,2,authentication_failed,0,399,active,7.3,wallet,enterprise,0.7,1,1
4123.98,23,0.7049,4,authentication_failed,1,560,past_due,2.3,card,regular,4.8,0,1
6136.73,2,0.8231,2,insufficient_funds,2,178,active,2.7,card,regular,0.4,0,1
3819.75,15,0.308,1,authentication_failed,3,220,canceled,0.3,upi,regular,4.0,0,0
23370.51,32,0.8268,1,insufficient_funds,2,20,active,1.1,card,vip,8.3,0,1
4925.27,12,0.5825,1,insufficient_funds,0,270,past_due,1.1,card,regular,0.1,0,1
2517.91,46,0.8416,2,insufficient_funds,0,612,trialing,7.3,card,regular,2.1,0,1
7595.38,9,0.9146,0,authentication_failed,0,1,active,2.3,upi,enterprise,2.9,1,1
1134.43,2,0.7377,2,network_error,0,61,active,0.2,card,enterprise,4.2,0,1
2626.73,2,0.8417,3,card_expired,2,101,past_due,1.2,upi,enterprise,6.9,1,1
2330.58,3,0.7128,1,card_expired,1,427,trialing,2.4,upi,starter,2.2,1,1
3026.47,0,0.6031,2,insufficient_funds,1,29,past_due,0.7,upi,enterprise,4.8,1,1
7811.25,10,0.6046,5,authentication_failed,0,146,active,0.3,upi,enterprise,0.9,0,1
3509.92,2,0.6389,2,insufficient_funds,4,52,active,0.7,card,regular,1.8,0,1
8099.75,16,0.7985,1,authentication_failed,0,610,trialing,1.1,card,starter,11.6,1,1
4495.88,4,0.7353,4,insufficient_funds,2,59,active,2.7,upi,vip,2.1,1,1
2293.28,6,0.8218,2,card_expired,2,94,active,5.8,card,starter,0.3,0,0
8503.1,32,0.8354,1,insufficient_funds,0,201,active,1.1,card,regular,1.7,0,1
1560.94,2,0.5806,0,authentication_failed,0,22,active,6.8,upi,regular,3.6,0,1
1470.48,12,0.6195,3,insufficient_funds,1,140,active,7.2,card,vip,13.3,1,1
3710.97,13,0.8298,4,insufficient_funds,0,95,active,4.4,upi,regular,0.0,1,1
1711.27,2,0.8735,3,authentication_failed,3,509,active,3.0,card,regular,0.9,1,1
245.64,6,0.7624,0,network_error,3,397,past_due,0.6,upi,enterprise,7.8,0,1
5424.85,4,0.6495,2,card_expired,2,654,trialing,3.2,upi,regular,1.6,1,1
3777.92,14,0.4333,1,network_error,0,82,past_due,2.3,upi,vip,1.4,0,1
3148.6,9,0.4019,3,insufficient_funds,2,422,active,0.6,upi,regular,4.0,0,1
17251.47,6,0.9741,4,insufficient_funds,1,431,active,0.5,upi,enterprise,6.6,0,0
4433.81,14,0.9642,5,insufficient_funds,1,31,active,1.2,upi,enterprise,5.6,0,1
10154.65,2,0.8999,0,insufficient_funds,0,174,paused,5.2,card,enterprise,3.8,1,1
950.92,13,0.6673,1,gateway_timeout,1,901,active,3.9,card,regular,0.2,1,1
4410.63,19,0.4967,1,insufficient_funds,0,445,past_due,0.7,upi,regular,0.3,0,1
10324.0,20,0.8907,3,gateway_timeout,1,268,active,2.4,card,regular,0.6,0,1
4574.61,14,0.9331,1,authentication_failed,1,181,trialing,1.3,card,regular,3.1,0,1
6529.49,4,0.7933,4,network_error,1,310,active,9.3,netbanking,regular,3.0,1,1
2526.42,38,0.7661,3,gateway_timeout,1,404,active,0.3,upi,vip,11.8,1,1
685.03,4,0.8147,0,network_error,0,171,active,1.4,upi,starter,2.4,0,1
3261.53,9,0.8372,2,insufficient_funds,1,339,active,1.1,card,starter,1.5,0,1
2708.33,1,0.7397,1,insufficient_funds,3,43,past_due,2.1,upi,regular,0.9,1,0
10289.29,37,0.7645,3,authentication_failed,1,126,active,0.4,card,regular,8.0,0,1
1598.54,11,0.6857,1,authentication_failed,0,15,active,1.1,card,regular,5.4,0,1
17216.13,13,0.9342,3,authentication_failed,0,364,canceled,9.7,netbanking,regular,6.3,0,0
16066.9,0,0.2872,0,card_expired,1,60,trialing,0.8,card,vip,6.9,0,0
1622.65,13,0.7002,2,gateway_timeout,0,46,past_due,1.4,card,regular,0.3,1,1
2338.95,14,0.7176,3,insufficient_funds,0,144,active,2.0,card,regular,17.0,0,1
11495.51,10,0.9176,1,authentication_failed,1,192,past_due,1.2,card,enterprise,1.9,1,1
17199.32,3,0.8006,0,insufficient_funds,1,46,active,4.0,upi,regular,1.4,1,1
3129.89,6,0.946,2,insufficient_funds,1,113,past_due,14.4,upi,regular,0.8,1,1
2135.65,1,0.9605,1,network_error,0,217,active,3.0,upi,regular,2.4,1,1
3933.73,6,0.8834,1,insufficient_funds,2,24,active,7.0,netbanking,regular,0.1,0,1
6020.06,2,0.7492,0,network_error,2,96,past_due,0.3,card,enterprise,3.0,0,1
1797.41,4,0.4532,0,insufficient_funds,0,76,trialing,2.2,netbanking,regular,2.8,1,1
6868.0,1,0.9313,2,insufficient_funds,0,319,trialing,1.2,card,regular,0.2,0,1
465.2,2,0.9454,0,authentication_failed,1,46,active,1.5,upi,regular,5.4,0,1
452.75,0,0.9353,5,card_expired,4,171,active,7.5,card,vip,2.4,0,1
2641.15,23,0.7528,3,insufficient_funds,1,100,canceled,3.1,upi,regular,11.8,0,0
2380.7,7,0.8882,2,insufficient_funds,1,321,active,1.8,netbanking,enterprise,4.2,1,1
2096.31,4,0.6794,1,insufficient_funds,1,824,past_due,1.5,card,regular,0.6,0,0
3576.73,7,0.7337,3,authentication_failed,0,501,active,0.3,card,regular,4.0,0,1
2133.71,9,0.6041,0,gateway_timeout,0,182,active,8.9,card,vip,5.0,0,1
1267.56,24,0.6489,1,insufficient_funds,4,485,unpaid,1.7,upi,enterprise,7.7,0,0
2051.48,1,0.7628,1,authentication_failed,1,310,active,3.7,netbanking,starter,0.3,1,1
18625.29,3,0.7213,0,insufficient_funds,0,54,past_due,3.5,upi,regular,1.7,0,0
2847.61,35,0.8929,0,insufficient_funds,0,295,active,2.4,card,regular,0.4,0,1
3141.35,4,0.7959,1,network_error,0,220,canceled,6.5,card,starter,3.8,1,1
4496.54,0,0.8693,0,network_error,1,58,trialing,1.5,netbanking,regular,7.0,1,1
20673.95,1,0.7431,1,network_error,0,903,active,2.9,netbanking,enterprise,11.9,1,1
1582.73,0,0.8051,0,insufficient_funds,2,423,active,1.2,wallet,regular,3.1,1,1
5917.24,43,0.8143,0,gateway_timeout,0,367,active,7.4,card,regular,1.0,0,1
6493.64,3,0.5671,4,card_expired,0,946,active,3.9,upi,regular,11.2,0,0
4873.86,24,0.7889,1,authentication_failed,0,1112,active,1.8,upi,enterprise,0.1,0,1
663.75,52,0.9404,2,authentication_failed,1,162,past_due,0.1,card,regular,1.7,0,1
5848.54,8,0.922,0,gateway_timeout,5,177,active,4.0,card,regular,0.7,1,0
531.2,0,0.8098,1,authentication_failed,3,473,active,5.1,card,regular,16.1,0,1
4733.47,0,0.7189,3,authentication_failed,0,251,past_due,3.7,netbanking,regular,1.9,0,1
6927.32,6,0.5094,2,authentication_failed,3,21,active,17.3,upi,regular,1.6,0,0
1384.75,4,0.8481,2,gateway_timeout,1,294,active,0.5,upi,regular,1.1,1,1
9413.85,8,0.7585,1,card_expired,2,161,active,1.4,netbanking,enterprise,2.2,0,1
354.12,5,0.7187,3,authentication_failed,1,16,trialing,2.2,wallet,regular,5.3,1,1
9483.5,25,0.6948,3,authentication_failed,1,614,trialing,2.0,card,regular,2.0,1,1
3283.98,7,0.4238,2,network_error,0,67,past_due,5.4,card,enterprise,1.0,1,1
1426.87,11,0.7626,0,authentication_failed,0,762,trialing,0.6,netbanking,enterprise,2.6,0,1
918.07,21,0.8219,0,authentication_failed,1,175,active,0.3,upi,vip,1.1,0,1
15520.82,1,0.7883,2,network_error,1,259,past_due,0.1,upi,regular,0.1,1,1
577.21,2,0.9467,2,insufficient_funds,0,77,active,4.7,upi,regular,3.3,1,1
1310.05,1,0.7498,3,authentication_failed,2,1070,active,6.3,upi,enterprise,4.0,1,1
2337.19,1,0.7344,0,insufficient_funds,2,12,active,2.6,upi,vip,2.3,1,1
5041.01,6,0.7319,2,insufficient_funds,0,496,active,1.9,card,regular,1.0,1,0
4135.1,3,0.8462,2,insufficient_funds,0,18,active,0.8,upi,starter,1.2,0,1
871.34,5,0.8894,1,insufficient_funds,0,595,active,2.6,upi,regular,3.9,0,1
1910.54,38,0.5202,3,network_error,4,599,active,0.4,card,regular,1.9,1,1
1563.98,1,0.8749,0,authentication_failed,0,115,active,0.5,upi,starter,3.5,1,1
1401.09,7,0.8186,4,authentication_failed,1,230,active,2.3,card,enterprise,17.6,1,1
2847.87,0,0.6288,4,insufficient_funds,2,482,trialing,0.1,netbanking,regular,1.1,1,1
6287.51,3,0.8333,0,network_error,0,96,active,5.0,upi,enterprise,9.1,0,1
1426.01,7,0.5908,1,network_error,1,35,unpaid,10.4,upi,regular,5.1,0,1
2483.89,27,0.663,0,card_expired,0,620,trialing,1.6,netbanking,enterprise,6.0,0,1
2679.01,4,0.4517,3,gateway_timeout,0,20,active,4.1,upi,regular,1.5,0,0
18944.53,0,0.6751,2,insufficient_funds,0,36,canceled,9.8,upi,regular,0.4,0,0
15668.53,4,0.3363,1,insufficient_funds,0,49,active,1.0,upi,regular,3.0,0,1
8250.63,1,0.4794,0,network_error,0,241,active,3.1,card,regular,2.0,0,1
1583.11,2,0.8735,2,authentication_failed,1,96,trialing,3.5,card,enterprise,0.3,1,1
552.31,9,0.9198,3,authentication_failed,1,204,trialing,7.0,upi,regular,6.6,0,0
2105.6,0,0.7697,2,insufficient_funds,3,378,past_due,3.8,card,starter,28.0,1,0
1751.65,5,0.5585,0,gateway_timeout,2,232,trialing,6.1,upi,starter,2.1,1,1
3725.35,8,0.6898,2,authentication_failed,1,604,active,1.3,upi,regular,20.7,1,0
7719.27,5,0.7219,0,insufficient_funds,1,27,active,4.8,card,regular,10.9,0,0
9971.03,0,0.7225,1,insufficient_funds,1,648,canceled,2.8,card,regular,1.8,1,1
9517.27,40,0.6695,0,authentication_failed,0,167,active,3.3,netbanking,starter,0.2,0,1
2428.9,4,0.5535,1,card_expired,2,15,active,4.8,netbanking,regular,32.0,1,1
6011.51,14,0.7813,0,authentication_failed,1,550,trialing,6.8,card,enterprise,6.7,1,1
2075.9,3,0.767,1,card_expired,1,31,active,1.0,wallet,vip,4.3,0,1
514.2,6,0.6769,1,insufficient_funds,0,279,active,1.2,card,starter,1.9,1,1
6246.02,4,0.7325,2,authentication_failed,3,84,active,27.6,netbanking,starter,3.5,0,0
249.38,3,0.9343,3,insufficient_funds,0,28,active,0.2,netbanking,regular,3.5,0,1
2831.24,0,0.8743,1,insufficient_funds,0,463,active,0.5,upi,regular,5.6,0,1
2197.76,4,0.8233,1,insufficient_funds,0,140,active,2.9,card,regular,5.3,1,1
6110.69,20,0.3113,2,insufficient_funds,5,242,trialing,3.2,upi,regular,13.9,0,0
7467.42,11,0.9359,3,card_expired,0,306,active,5.0,upi,regular,6.2,0,1
2012.71,1,0.6678,1,insufficient_funds,3,201,active,9.8,netbanking,regular,7.6,1,1
8546.66,8,0.6119,3,card_expired,0,378,active,10.0,wallet,regular,5.0,1,0
1940.11,21,0.7591,0,card_expired,2,174,active,4.1,wallet,regular,2.6,1,1
3155.9,11,0.3485,3,insufficient_funds,0,135,active,5.6,card,starter,10.1,0,0
6691.76,1,0.8023,1,authentication_failed,1,349,active,4.2,upi,enterprise,20.7,1,1
6103.24,19,0.7604,2,authentication_failed,0,59,active,0.7,card,regular,0.3,0,0
22057.8,3,0.9379,0,card_expired,0,713,active,11.6,wallet,regular,9.6,1,1
1475.5,5,0.9419,1,authentication_failed,0,90,canceled,7.4,netbanking,vip,11.7,1,1
5628.25,7,0.7633,1,insufficient_funds,0,10,active,0.4,card,enterprise,6.8,1,1
4903.97,18,0.8268,3,authentication_failed,0,196,active,16.9,upi,regular,1.3,0,0
12531.31,25,0.8958,2,card_expired,1,90,active,7.4,card,starter,5.1,1,1
1050.16,25,0.8593,0,insufficient_funds,2,44,active,9.0,wallet,regular,5.4,0,1
7167.57,0,0.4931,1,insufficient_funds,1,382,active,3.0,card,enterprise,4.6,0,1
4399.76,24,0.9331,2,insufficient_funds,1,224,active,9.4,wallet,enterprise,2.2,1,1
1805.61,0,0.8204,1,authentication_failed,1,225,canceled,1.6,upi,regular,11.4,0,0
3416.41,2,0.7603,2,network_error,1,182,active,0.7,upi,regular,6.2,0,1
2230.65,6,0.8896,1,insufficient_funds,0,260,trialing,0.2,card,regular,3.7,0,1
4529.34,6,0.7661,0,network_error,5,639,past_due,1.2,upi,starter,1.2,0,0
11191.15,8,0.6579,1,card_expired,1,101,unpaid,8.2,wallet,regular,1.0,0,1
4411.78,6,0.6067,1,gateway_timeout,2,253,active,4.1,upi,regular,10.7,0,1
5194.59,25,0.5363,0,gateway_timeout,1,383,active,1.7,upi,enterprise,2.1,0,1
3856.82,2,0.4518,2,gateway_timeout,2,57,active,1.0,card,vip,14.2,1,1
462.6,3,0.4306,2,insufficient_funds,1,332,active,1.2,upi,starter,1.0,0,1
1525.42,24,0.7652,0,card_expired,2,121,past_due,4.5,wallet,regular,0.1,0,1
3586.39,0,0.6532,1,network_error,0,461,past_due,0.7,upi,regular,2.9,1,1
2057.02,8,0.7959,1,insufficient_funds,0,88,active,0.6,netbanking,regular,2.1,0,1
1203.02,10,0.8344,1,insufficient_funds,1,296,active,4.0,wallet,regular,17.8,1,1
3707.24,6,0.9433,1,insufficient_funds,0,179,past_due,8.5,card,regular,7.2,0,1
2149.02,11,0.7549,0,gateway_timeout,2,347,active,6.0,card,regular,1.0,0,0
1692.76,1,0.9536,4,insufficient_funds,0,419,canceled,0.4,wallet,enterprise,5.3,0,0
3317.97,18,0.8432,1,authentication_failed,0,33,active,6.1,card,starter,8.3,1,1
915.22,1,0.6526,3,gateway_timeout,1,77,trialing,9.3,card,enterprise,2.3,0,1
13337.82,4,0.7055,1,authentication_failed,3,75,active,4.8,upi,regular,9.1,1,1
10313.5,0,0.9202,3,authentication_failed,0,12,unpaid,5.8,card,regular,0.1,0,0
6348.51,7,0.7074,2,network_error,2,794,active,8.4,card,regular,15.4,1,1
761.44,10,0.8874,0,insufficient_funds,5,205,active,3.0,upi,starter,3.3,0,1
7677.81,26,0.493,0,authentication_failed,2,63,active,3.1,upi,vip,2.0,0,1
8450.19,12,0.4115,3,authentication_failed,1,209,active,3.7,netbanking,enterprise,5.8,1,1
7500.02,7,0.2215,0,insufficient_funds,1,442,active,0.9,card,regular,11.6,1,0
805.0,25,0.9143,1,insufficient_funds,0,44,active,2.3,card,regular,13.7,0,1
5362.83,6,0.9567,1,gateway_timeout,1,262,active,3.0,upi,vip,1.6,0,1
9188.63,7,0.8097,2,insufficient_funds,1,41,canceled,0.2,card,vip,1.1,1,1
4506.09,8,0.7504,3,insufficient_funds,1,475,active,2.6,card,vip,0.6,0,1
5398.05,5,0.5445,3,network_error,0,69,trialing,4.0,card,regular,3.7,1,1
3265.8,17,0.7463,4,insufficient_funds,0,233,trialing,5.6,upi,regular,0.8,0,1
3961.38,1,0.3486,3,insufficient_funds,0,5,trialing,0.2,card,starter,16.0,0,0
374.91,7,0.7001,0,card_expired,1,1,trialing,3.2,upi,regular,2.4,0,1
5293.87,12,0.9017,3,insufficient_funds,0,287,active,5.7,card,starter,4.9,0,1
624.78,22,0.8293,1,insufficient_funds,0,15,past_due,0.8,netbanking,regular,6.5,1,1
3054.78,20,0.7323,2,insufficient_funds,0,60,trialing,1.7,upi,enterprise,5.2,0,0
1931.18,6,0.8961,0,authentication_failed,1,701,active,0.3,card,enterprise,2.9,0,1
4141.99,9,0.4384,4,insufficient_funds,0,260,active,2.0,upi,regular,2.7,0,1
915.98,4,0.8,4,card_expired,1,76,trialing,1.2,upi,regular,9.2,1,0
6082.49,5,0.807,1,insufficient_funds,0,279,canceled,1.8,upi,vip,1.0,0,1
8124.01,22,0.7557,1,authentication_failed,0,1255,active,0.8,upi,vip,5.0,1,1
1091.77,25,0.6528,0,insufficient_funds,1,144,active,1.3,upi,regular,30.3,1,1
750.82,21,0.8079,1,insufficient_funds,0,179,active,2.0,card,regular,1.1,0,1
986.28,1,0.8747,3,network_error,0,192,active,0.1,upi,regular,1.4,1,1
10683.04,18,0.8433,4,card_expired,4,44,active,1.6,upi,regular,18.7,0,0
3955.89,28,0.8627,1,insufficient_funds,1,191,active,0.7,upi,starter,1.5,1,1
3348.62,4,0.5605,1,insufficient_funds,0,249,trialing,10.9,upi,enterprise,0.4,1,1
764.23,6,0.9052,1,authentication_failed,0,169,canceled,1.8,upi,vip,3.0,0,1
5442.77,14,0.8757,3,authentication_failed,1,155,active,2.0,upi,regular,0.0,0,1
10324.75,7,0.6091,2,authentication_failed,0,63,trialing,8.7,upi,enterprise,9.1,0,1
9006.71,47,0.7549,5,network_error,1,218,past_due,6.7,card,regular,3.1,0,1
5118.23,5,0.868,0,gateway_timeout,2,199,active,0.3,upi,regular,2.3,0,1
591.31,11,0.8821,1,authentication_failed,0,663,active,0.2,card,regular,3.9,1,1
796.15,14,0.6158,7,insufficient_funds,1,115,canceled,7.5,upi,regular,0.9,1,0
452.83,6,0.5731,0,authentication_failed,1,302,canceled,0.5,upi,regular,1.3,1,1
1688.52,18,0.7728,0,authentication_failed,0,383,active,2.5,wallet,regular,1.9,0,1
928.95,7,0.7491,1,authentication_failed,0,393,unpaid,0.6,upi,starter,0.6,0,1
1705.85,5,0.9098,1,insufficient_funds,0,209,active,2.3,card,enterprise,2.8,1,1
2631.14,1,0.7327,0,network_error,5,245,active,0.9,card,enterprise,3.4,0,1
14522.01,4,0.5183,4,authentication_failed,0,405,active,4.0,upi,regular,1.7,0,1
4912.87,12,0.8046,2,insufficient_funds,2,8,active,0.4,card,regular,1.0,0,1
9208.25,24,0.6616,2,gateway_timeout,1,61,active,4.5,card,regular,14.3,0,1
6395.44,2,0.8547,1,insufficient_funds,1,187,canceled,3.0,wallet,vip,5.0,0,1
796.75,4,0.9013,4,insufficient_funds,1,328,active,3.7,card,regular,1.1,0,1
6857.52,1,0.5973,0,gateway_timeout,3,50,canceled,1.7,card,starter,0.8,0,0
1808.6,11,0.8334,3,network_error,1,509,trialing,10.8,upi,regular,6.0,0,1
5295.88,30,0.4507,0,insufficient_funds,2,181,active,0.4,upi,enterprise,5.1,1,1
2284.87,9,0.8906,2,authentication_failed,2,119,active,9.0,card,regular,7.4,1,1
30514.29,9,0.632,0,insufficient_funds,1,42,active,3.2,card,starter,6.1,1,1
1729.58,7,0.7668,1,authentication_failed,1,206,past_due,7.5,upi,regular,2.3,1,1
1836.49,0,0.7379,1,authentication_failed,3,389,paused,6.5,card,vip,16.6,0,1
13544.55,12,0.6137,0,gateway_timeout,0,94,canceled,1.1,upi,regular,7.9,0,1
324.77,8,0.8047,0,gateway_timeout,1,172,active,1.0,upi,enterprise,3.5,1,1
6164.98,10,0.3713,2,insufficient_funds,1,49,paused,2.7,upi,enterprise,3.2,1,0
6660.86,21,0.5667,0,insufficient_funds,0,76,trialing,5.0,upi,regular,1.1,0,1
9251.0,14,0.6689,3,gateway_timeout,2,294,past_due,1.7,upi,regular,7.4,1,1
18533.5,14,0.5648,0,insufficient_funds,0,849,active,8.9,card,enterprise,0.8,0,1
18766.25,24,0.7209,1,gateway_timeout,2,237,trialing,1.7,upi,starter,0.5,1,1
537.52,43,0.9374,2,card_expired,3,250,active,0.2,upi,regular,1.9,0,1
8825.35,8,0.5053,1,network_error,1,532,active,5.4,wallet,starter,0.6,1,1
5396.67,1,0.5537,1,card_expired,2,51,trialing,0.7,upi,regular,1.4,1,0
5411.28,5,0.4889,1,authentication_failed,0,421,active,10.0,card,regular,3.1,0,1
886.84,14,0.9169,2,insufficient_funds,0,489,canceled,4.3,upi,regular,1.3,1,1
5451.79,0,0.8068,3,insufficient_funds,1,296,canceled,1.4,card,enterprise,13.0,0,1
20422.8,0,0.4766,1,card_expired,1,9,past_due,2.3,card,enterprise,10.3,0,0
12341.79,0,0.7144,1,insufficient_funds,1,651,past_due,2.2,upi,enterprise,12.3,1,1
3091.34,12,0.6706,2,insufficient_funds,0,225,active,3.2,upi,regular,1.4,1,1
403.84,6,0.363,1,insufficient_funds,4,63,active,1.0,card,enterprise,0.2,0,1
2449.39,4,0.9083,3,card_expired,0,167,trialing,0.5,upi,vip,9.3,0,0
8954.73,1,0.5892,2,authentication_failed,0,210,active,3.7,upi,enterprise,4.4,1,0
6244.91,12,0.9041,0,authentication_failed,1,21,active,3.5,card,enterprise,2.4,0,1
3274.86,3,0.4758,2,insufficient_funds,2,225,active,1.8,upi,starter,7.9,1,1
483.39,2,0.8339,1,insufficient_funds,1,242,past_due,8.4,card,enterprise,9.2,0,0
2983.43,10,0.7319,1,network_error,0,397,trialing,5.8,card,regular,4.0,0,1
3365.2,7,0.7632,1,insufficient_funds,0,640,past_due,1.0,upi,enterprise,7.5,0,1
13394.17,4,0.8066,2,network_error,1,156,unpaid,3.1,card,starter,3.4,0,1
5323.36,9,0.894,2,card_expired,0,82,active,0.5,upi,regular,2.2,1,1
2067.31,3,0.7762,2,insufficient_funds,1,285,trialing,1.4,card,regular,0.8,0,1
3925.55,15,0.8844,0,network_error,0,41,active,9.9,card,regular,4.6,1,1
541.69,2,0.5492,0,card_expired,0,26,active,8.9,upi,regular,1.5,1,1
18180.27,1,0.7119,3,card_expired,0,382,past_due,1.3,netbanking,enterprise,6.5,1,0
2431.9,14,0.7707,1,card_expired,2,496,active,1.3,upi,enterprise,1.5,1,1
3449.17,11,0.8133,3,network_error,1,421,paused,12.4,netbanking,starter,5.9,1,1
2394.73,1,0.6804,1,gateway_timeout,0,551,active,3.0,card,starter,4.3,0,1
5936.57,1,0.9695,0,authentication_failed,0,82,active,11.4,upi,regular,4.8,0,1
5626.98,17,0.8239,1,insufficient_funds,1,248,canceled,2.0,upi,regular,16.4,1,1
6481.99,14,0.8264,4,insufficient_funds,1,237,active,4.1,netbanking,regular,4.4,1,1
1760.85,3,0.7057,1,authentication_failed,1,12,active,6.5,card,regular,1.3,1,1
2096.56,10,0.8327,2,insufficient_funds,0,7,active,1.2,card,regular,4.9,1,1
869.09,1,0.5768,5,insufficient_funds,0,522,active,4.7,card,regular,4.8,1,1
5528.45,6,0.8903,4,insufficient_funds,0,5,active,0.1,upi,regular,0.0,0,1
403.05,0,0.651,1,network_error,0,328,unpaid,0.3,wallet,regular,17.9,1,1
4752.57,4,0.5203,1,insufficient_funds,3,141,active,1.2,card,regular,12.1,1,1
10389.42,0,0.797,2,insufficient_funds,0,11,past_due,2.1,card,regular,1.1,0,0
11274.34,6,0.9223,0,authentication_failed,1,476,past_due,1.9,upi,enterprise,4.9,0,1
3180.45,5,0.9607,2,authentication_failed,3,124,canceled,2.6,upi,starter,0.1,0,0
3274.49,5,0.8443,1,authentication_failed,0,333,active,6.3,card,regular,4.0,1,1
600.46,0,0.5767,0,insufficient_funds,2,174,past_due,5.9,upi,starter,10.2,0,1
5754.92,4,0.9459,4,network_error,1,509,trialing,3.2,wallet,regular,6.1,0,1
8809.1,13,0.7544,1,insufficient_funds,3,175,active,0.6,card,regular,4.6,0,1
1602.9,4,0.6701,1,insufficient_funds,1,352,active,4.2,netbanking,regular,1.7,1,1
2934.86,11,0.9574,1,network_error,4,230,active,8.6,card,regular,4.1,0,1
9326.77,4,0.7264,0,card_expired,1,381,active,2.5,upi,regular,2.2,1,1
10682.75,5,0.5647,1,authentication_failed,0,29,active,0.8,upi,regular,7.4,1,1
1593.15,7,0.4338,1,insufficient_funds,2,110,active,1.3,upi,regular,15.2,0,1
4198.88,28,0.2744,1,insufficient_funds,0,115,active,3.9,card,enterprise,8.9,0,1
1269.02,1,0.7968,3,gateway_timeout,4,30,active,4.2,card,regular,1.7,1,1
737.25,0,0.6986,0,gateway_timeout,0,566,active,0.5,upi,regular,1.4,1,1
12302.37,8,0.7187,2,insufficient_funds,2,78,active,4.9,wallet,regular,25.7,0,1
8788.11,28,0.5145,2,gateway_timeout,0,377,paused,13.9,upi,regular,1.3,0,1
7336.31,43,0.6774,2,card_expired,1,167,active,1.2,wallet,regular,0.1,0,1
449.98,6,0.7501,5,insufficient_funds,0,547,unpaid,0.1,card,regular,3.1,0,0
9480.81,5,0.5475,0,insufficient_funds,1,328,past_due,2.7,upi,starter,1.5,1,1
3081.66,9,0.9618,0,insufficient_funds,1,355,past_due,14.9,upi,enterprise,1.8,0,1
2295.76,7,0.7795,1,card_expired,0,167,active,0.2,upi,regular,3.5,0,1
4153.54,9,0.5731,3,insufficient_funds,0,124,active,3.0,card,regular,0.2,0,1
678.99,19,0.5579,0,insufficient_funds,2,159,trialing,1.6,upi,regular,4.2,1,1
7266.2,13,0.9267,0,insufficient_funds,1,169,trialing,2.6,upi,starter,4.5,0,1
4566.58,6,0.9875,1,card_expired,0,16,trialing,8.5,netbanking,starter,6.5,0,1
1232.6,5,0.6899,0,network_error,0,29,past_due,2.4,upi,regular,2.8,0,1
1242.7,9,0.5552,1,authentication_failed,1,86,active,5.3,upi,regular,5.1,0,1
1218.23,5,0.8078,0,insufficient_funds,1,134,past_due,6.2,card,enterprise,3.4,0,1
493.46,5,0.4832,0,network_error,0,18,active,4.4,netbanking,regular,11.3,1,1
4631.21,0,0.4953,1,insufficient_funds,4,164,active,0.6,card,enterprise,7.2,0,1
9373.8,1,0.7098,0,insufficient_funds,0,218,trialing,12.7,wallet,regular,0.5,1,1
288.27,6,0.601,1,gateway_timeout,1,810,active,0.8,upi,regular,5.8,0,1
451.23,16,0.8619,0,insufficient_funds,3,28,active,3.7,card,regular,11.3,1,1
4452.17,3,0.7355,1,authentication_failed,4,415,paused,0.6,upi,enterprise,0.4,1,1
8760.0,7,0.937,1,insufficient_funds,3,329,active,0.1,card,regular,3.0,1,1
2178.11,4,0.7553,0,network_error,1,343,active,0.2,card,enterprise,6.4,0,1
2350.95,1,0.9261,1,authentication_failed,0,467,active,2.0,card,enterprise,10.2,0,1
4735.99,30,0.5391,1,card_expired,3,842,active,2.3,card,enterprise,1.9,0,0
1802.49,18,0.7513,2,insufficient_funds,4,256,active,3.5,upi,vip,3.5,1,1
334.84,0,0.9336,0,authentication_failed,0,540,active,1.7,upi,regular,1.2,1,1
6844.44,12,0.8593,4,gateway_timeout,3,34,active,2.1,wallet,enterprise,1.3,1,1
5112.82,4,0.4909,2,insufficient_funds,3,68,past_due,9.3,upi,starter,2.8,1,0
4546.51,50,0.8021,2,card_expired,1,119,active,1.7,netbanking,enterprise,6.1,1,1
6967.86,3,0.9241,1,card_expired,2,21,canceled,1.5,upi,regular,0.3,0,1
5823.2,2,0.7583,3,gateway_timeout,4,63,past_due,5.1,card,regular,1.2,1,0
1352.62,7,0.8822,1,authentication_failed,0,976,active,15.3,upi,regular,4.5,1,1
2373.04,17,0.6728,2,gateway_timeout,1,339,trialing,0.1,netbanking,enterprise,5.0,0,1
874.0,2,0.7688,3,insufficient_funds,0,318,active,0.3,upi,regular,1.9,1,1
895.49,11,0.4473,1,insufficient_funds,0,192,past_due,5.8,wallet,starter,2.7,0,1
5838.08,0,0.6892,0,authentication_failed,3,64,active,0.2,upi,vip,5.1,0,1
9980.82,23,0.6465,4,authentication_failed,0,33,active,5.5,card,regular,1.7,0,1
16648.18,0,0.8476,1,insufficient_funds,4,186,active,1.9,netbanking,regular,1.2,1,1
5148.97,23,0.8183,3,insufficient_funds,1,270,active,2.9,netbanking,vip,2.2,1,1
1217.33,6,0.9604,1,insufficient_funds,2,207,trialing,0.1,card,regular,0.9,1,1
758.29,5,0.6203,4,network_error,0,155,active,1.4,card,starter,5.6,0,0
8579.25,34,0.8508,2,network_error,0,7,active,7.3,upi,regular,0.7,0,1
4522.72,44,0.6103,1,insufficient_funds,1,228,active,12.3,card,enterprise,0.1,1,1
5015.41,9,0.6005,1,insufficient_funds,0,184,active,3.2,netbanking,enterprise,2.0,0,1
7803.98,1,0.5289,2,insufficient_funds,1,84,canceled,16.7,upi,regular,10.5,0,0
6274.79,6,0.888,0,card_expired,0,398,active,0.4,card,regular,1.1,1,1
9192.66,7,0.7747,0,insufficient_funds,3,295,active,8.2,upi,regular,4.8,0,0
489.28,6,0.7557,4,network_error,0,898,trialing,5.6,upi,enterprise,5.6,0,1
7082.13,7,0.6297,2,insufficient_funds,1,174,active,0.5,upi,enterprise,11.2,1,1
9714.11,0,0.8992,2,authentication_failed,1,18,active,4.8,upi,regular,1.7,1,1
1885.31,11,0.9571,1,network_error,0,660,active,4.2,upi,regular,3.1,0,1
5314.47,11,0.9105,1,insufficient_funds,5,154,active,11.7,upi,starter,4.0,0,1
2085.57,1,0.8606,2,insufficient_funds,1,1285,trialing,1.0,upi,enterprise,0.6,0,1
16046.99,8,0.7396,1,authentication_failed,2,175,active,1.6,card,enterprise,1.3,0,1
369.97,7,0.6595,2,gateway_timeout,0,136,active,0.8,upi,regular,10.5,1,1
4535.04,10,0.8959,0,gateway_timeout,0,20,active,10.7,card,regular,0.8,0,1
1110.63,0,0.5183,0,authentication_failed,0,34,active,7.9,upi,regular,0.5,0,1
6427.8,9,0.7175,0,insufficient_funds,0,30,past_due,1.3,upi,enterprise,5.6,1,1
1167.26,3,0.9488,2,gateway_timeout,2,256,active,7.9,card,regular,5.5,1,1
1541.9,6,0.7402,1,insufficient_funds,0,190,active,13.0,card,regular,4.1,0,0
3609.76,14,0.7598,4,insufficient_funds,1,1067,active,0.5,card,enterprise,3.3,1,1
12515.82,11,0.7645,1,gateway_timeout,0,143,past_due,12.2,netbanking,regular,1.3,0,1
1389.47,1,0.7311,1,insufficient_funds,0,44,active,8.7,upi,regular,3.6,0,1
978.83,8,0.424,2,insufficient_funds,0,84,active,9.3,upi,starter,0.1,1,1
7314.31,33,0.5551,1,card_expired,1,405,past_due,0.2,card,enterprise,2.7,1,1
3671.94,1,0.5989,1,gateway_timeout,0,435,active,11.2,card,enterprise,0.9,0,1
12339.9,18,0.899,2,authentication_failed,0,32,past_due,20.9,upi,regular,5.4,1,1
992.72,11,0.4629,5,gateway_timeout,0,1056,active,5.0,card,regular,0.1,0,1
5391.27,14,0.614,0,gateway_timeout,0,109,active,7.3,upi,regular,3.9,0,1
1525.55,3,0.7138,2,gateway_timeout,1,111,active,2.7,card,regular,13.7,0,1
1052.52,3,0.6499,2,insufficient_funds,0,84,canceled,0.4,upi,enterprise,5.6,0,0
5951.05,22,0.5203,1,card_expired,2,365,trialing,2.6,upi,regular,6.2,1,1
4703.13,4,0.7242,1,insufficient_funds,0,695,active,9.2,card,vip,6.6,1,1
7228.97,0,0.7953,2,insufficient_funds,1,313,trialing,2.4,upi,starter,0.4,0,1
2051.43,8,0.6825,1,authentication_failed,0,25,active,1.7,netbanking,regular,2.8,0,1
3170.78,1,0.8042,2,card_expired,0,371,trialing,4.0,wallet,enterprise,1.1,1,1
2799.93,15,0.7446,1,insufficient_funds,0,377,past_due,13.9,card,vip,2.7,0,1
20903.87,9,0.8436,1,authentication_failed,1,263,past_due,3.4,netbanking,vip,6.7,1,1
1928.31,19,0.6621,3,card_expired,1,54,active,3.0,card,regular,0.6,1,1
1946.49,14,0.6995,2,network_error,2,174,active,2.5,card,regular,3.8,1,1
2389.02,1,0.6379,0,gateway_timeout,1,9,active,2.1,card,regular,5.8,1,1
4357.38,4,0.8351,0,insufficient_funds,2,74,active,2.2,card,regular,1.9,0,1
1653.92,14,0.8068,1,insufficient_funds,3,279,active,14.1,card,regular,4.7,1,1
12542.6,5,0.457,1,gateway_timeout,0,113,active,1.3,card,regular,0.1,1,1
1744.09,34,0.5632,1,gateway_timeout,0,44,active,2.6,upi,starter,2.5,0,1
11507.97,12,0.7973,1,authentication_failed,0,29,unpaid,0.5,upi,starter,0.5,0,1
746.15,0,0.7057,0,gateway_timeout,0,362,past_due,2.6,netbanking,regular,1.8,0,1
5543.75,20,0.526,3,insufficient_funds,0,83,active,1.6,netbanking,regular,0.1,0,1
12075.0,1,0.8546,1,network_error,0,828,active,2.7,card,regular,0.7,0,1
1124.12,1,0.5267,1,authentication_failed,1,336,active,2.3,netbanking,regular,3.2,0,1
17461.45,12,0.6633,4,authentication_failed,2,109,trialing,8.8,netbanking,regular,2.6,1,1
3215.47,19,0.7406,2,authentication_failed,0,106,past_due,3.7,upi,regular,10.5,0,1
14767.55,7,0.9549,0,authentication_failed,1,39,active,2.1,card,enterprise,1.0,1,1
5847.73,3,0.7514,3,gateway_timeout,3,315,active,2.0,upi,enterprise,1.8,0,1
1994.72,4,0.8529,1,insufficient_funds,2,171,active,0.2,card,vip,1.0,0,1
1243.14,3,0.7335,1,network_error,0,433,active,1.1,card,regular,17.0,0,1
2010.13,3,0.7438,3,insufficient_funds,1,81,trialing,8.8,upi,enterprise,23.6,0,1
688.16,2,0.6845,1,authentication_failed,1,104,active,1.9,netbanking,enterprise,4.9,1,1
976.65,8,0.9066,0,insufficient_funds,0,163,active,12.7,card,regular,0.4,1,1
752.76,21,0.9189,1,authentication_failed,1,307,trialing,0.7,card,regular,2.0,0,1
2949.08,3,0.6252,0,card_expired,0,494,past_due,0.6,upi,regular,8.0,0,1
8137.85,1,0.8874,0,insufficient_funds,0,771,active,8.4,upi,vip,3.8,1,1
962.16,17,0.7737,1,insufficient_funds,0,13,active,2.9,netbanking,starter,4.1,1,1
898.15,12,0.7318,3,authentication_failed,0,467,active,7.7,card,regular,15.6,0,1
5356.11,25,0.8274,0,insufficient_funds,0,34,past_due,1.5,card,regular,0.4,1,1
1298.14,1,0.6589,0,insufficient_funds,1,1011,past_due,1.1,upi,regular,12.7,0,0
713.54,1,0.4573,0,gateway_timeout,2,12,active,4.0,netbanking,regular,10.6,1,1
1112.7,7,0.8745,1,gateway_timeout,2,94,trialing,1.5,upi,starter,1.9,0,1
13067.47,9,0.7155,0,authentication_failed,1,1500,past_due,0.1,wallet,regular,2.1,0,1
8815.03,6,0.6637,2,authentication_failed,0,72,active,9.2,upi,enterprise,0.9,1,1
2385.28,8,0.8106,1,insufficient_funds,1,484,trialing,6.9,upi,vip,0.4,0,1
5532.96,1,0.6733,3,network_error,1,450,active,3.0,upi,regular,2.6,0,1
4053.12,6,0.6266,3,network_error,3,77,active,1.2,card,regular,1.5,0,1
5852.44,10,0.749,2,insufficient_funds,2,176,past_due,1.6,card,enterprise,3.3,1,1
5939.08,5,0.7696,1,insufficient_funds,2,20,active,0.1,wallet,regular,11.6,0,0
5154.18,10,0.7846,3,insufficient_funds,3,37,active,0.5,upi,enterprise,0.1,1,1
1746.92,5,0.8494,0,insufficient_funds,0,112,active,1.6,wallet,starter,3.8,1,1
398.94,3,0.8795,3,gateway_timeout,1,591,active,7.0,card,starter,3.5,0,1
3240.05,3,0.9241,2,authentication_failed,4,272,paused,6.0,wallet,vip,6.0,0,1
11280.84,5,0.6132,4,insufficient_funds,1,232,unpaid,2.1,upi,regular,13.9,1,0
4414.01,0,0.8526,2,authentication_failed,3,760,active,8.0,netbanking,regular,1.9,0,1
9130.61,10,0.6828,0,authentication_failed,3,378,active,3.3,card,starter,1.6,0,1
24112.13,17,0.8131,1,insufficient_funds,0,1297,past_due,10.3,netbanking,vip,1.4,0,1
1093.34,4,0.7214,0,insufficient_funds,3,154,canceled,0.1,card,regular,1.8,0,0
6084.67,0,0.8903,0,insufficient_funds,0,54,canceled,8.0,card,regular,0.6,1,1
5808.79,41,0.8561,0,gateway_timeout,1,139,active,4.9,card,starter,0.0,0,1
19748.99,2,0.9232,4,insufficient_funds,2,139,active,1.7,card,regular,1.1,1,1
21402.89,1,0.8161,0,insufficient_funds,0,375,active,4.8,card,vip,8.0,0,1
6002.63,4,0.558,4,card_expired,0,78,active,4.8,upi,regular,4.8,1,0
1596.02,12,0.8141,2,insufficient_funds,0,189,active,3.7,upi,regular,3.2,0,1
8211.22,3,0.8231,1,insufficient_funds,2,131,trialing,9.7,netbanking,starter,8.6,1,1
766.01,8,0.7035,0,network_error,3,152,active,9.1,card,regular,1.5,0,1
7786.56,5,0.9658,1,insufficient_funds,2,27,active,1.0,card,vip,7.5,0,1
12250.64,1,0.7662,1,insufficient_funds,1,208,paused,1.1,card,regular,0.3,1,1
2613.08,3,0.7735,1,network_error,2,252,active,2.5,upi,regular,8.3,0,1
5179.85,12,0.6891,1,gateway_timeout,3,13,active,4.5,wallet,regular,5.2,0,1
3011.85,8,0.8257,0,network_error,1,35,active,5.7,netbanking,regular,15.0,1,1
3079.18,1,0.9596,1,insufficient_funds,3,19,active,18.1,upi,regular,4.4,0,1
2058.01,1,0.4335,4,authentication_failed,3,57,active,1.2,card,starter,0.0,0,1
7380.15,9,0.7051,0,authentication_failed,0,19,unpaid,3.1,upi,enterprise,2.2,1,1
13958.17,15,0.776,1,network_error,3,134,active,0.9,card,regular,2.7,1,1
14330.02,4,0.735,2,authentication_failed,0,75,active,7.7,card,starter,0.8,1,0
1160.53,8,0.7618,2,gateway_timeout,0,336,active,1.9,upi,regular,5.1,1,1
10586.96,1,0.9058,3,insufficient_funds,1,662,active,12.5,upi,enterprise,3.6,0,1
6886.22,3,0.8831,3,insufficient_funds,0,188,unpaid,5.1,card,regular,7.4,1,1
1657.36,0,0.9597,3,insufficient_funds,3,111,active,5.5,card,regular,0.5,0,0
548.28,13,0.6648,0,authentication_failed,2,205,active,0.3,netbanking,regular,5.6,0,0
1759.86,4,0.9524,0,card_expired,1,40,active,3.5,card,regular,3.4,1,1
12363.94,16,0.5641,0,card_expired,2,410,trialing,0.2,wallet,starter,5.0,0,1
5214.4,11,0.5821,4,insufficient_funds,2,198,active,0.3,card,vip,11.8,0,1
6583.7,16,0.8288,2,gateway_timeout,0,7,unpaid,12.0,upi,starter,6.3,0,0
1686.32,3,0.6906,1,card_expired,0,173,trialing,0.3,upi,regular,0.7,0,1
6553.91,1,0.6901,1,card_expired,1,244,trialing,11.0,upi,regular,1.7,1,0
342.62,33,0.7554,1,insufficient_funds,2,40,active,1.2,upi,regular,11.4,0,1
2552.59,11,0.8867,1,gateway_timeout,3,122,active,0.1,upi,regular,1.8,1,1
5127.58,17,0.8374,0,insufficient_funds,0,81,past_due,14.2,wallet,starter,1.8,1,0
989.69,0,0.5399,2,gateway_timeout,1,167,active,2.5,card,enterprise,5.6,0,0
8858.13,4,0.9112,1,authentication_failed,1,160,unpaid,1.5,upi,regular,0.9,0,1
1539.6,12,0.6935,1,gateway_timeout,1,530,active,2.0,upi,regular,4.6,1,1
5481.8,0,0.7296,1,insufficient_funds,0,541,past_due,10.4,upi,regular,4.9,0,1
2797.63,7,0.8454,1,insufficient_funds,1,80,active,1.2,card,regular,6.6,0,1
4732.24,5,0.9619,1,network_error,3,340,past_due,10.6,upi,enterprise,7.0,0,1
768.37,0,0.7601,1,gateway_timeout,4,36,canceled,0.3,card,regular,7.5,0,1
285.29,2,0.438,1,network_error,5,116,active,0.4,card,regular,11.2,1,1
12215.59,3,0.5546,1,card_expired,0,116,active,2.7,upi,enterprise,0.0,1,1
1771.02,1,0.8697,2,insufficient_funds,0,468,past_due,1.6,card,enterprise,5.8,0,1
8765.03,9,0.4579,3,gateway_timeout,2,20,active,0.1,wallet,starter,4.6,0,1
36895.0,2,0.7437,2,authentication_failed,1,182,canceled,3.1,upi,starter,0.2,0,0
1387.68,3,0.3595,2,insufficient_funds,2,143,canceled,1.3,netbanking,regular,3.2,0,0
1740.59,21,0.9265,1,card_expired,0,227,trialing,3.0,wallet,regular,16.6,0,1
5636.28,5,0.8772,1,gateway_timeout,0,510,active,3.6,card,regular,3.1,1,1
17026.54,4,0.8789,0,insufficient_funds,2,19,active,0.9,upi,starter,2.5,1,1
12573.65,12,0.8773,1,authentication_failed,1,986,active,6.8,upi,regular,1.3,0,1
3694.57,22,0.829,0,gateway_timeout,1,270,past_due,2.7,upi,enterprise,11.6,1,0
8126.42,0,0.7863,1,insufficient_funds,3,361,active,5.2,upi,regular,0.2,1,1
929.44,5,0.6321,3,network_error,0,127,trialing,3.6,netbanking,regular,6.2,0,1
19157.48,8,0.5029,1,authentication_failed,2,714,active,3.3,upi,regular,1.4,1,1
16870.48,3,0.9433,3,card_expired,1,101,canceled,6.5,card,regular,7.0,0,1
1094.01,14,0.7783,3,authentication_failed,1,372,past_due,1.6,upi,regular,8.7,0,1
1979.26,33,0.8296,0,insufficient_funds,2,432,active,4.8,card,enterprise,4.4,1,1
727.66,27,0.7784,0,card_expired,0,289,active,0.9,card,regular,0.1,1,1
1785.33,2,0.8022,1,insufficient_funds,2,356,active,4.5,netbanking,vip,2.8,1,1
8662.9,2,0.7176,0,authentication_failed,0,40,past_due,1.8,wallet,regular,1.8,0,1
2576.61,29,0.9557,0,authentication_failed,1,31,canceled,0.1,upi,regular,5.4,1,1
662.75,5,0.7809,1,insufficient_funds,0,206,unpaid,8.5,upi,enterprise,10.0,1,1
2294.47,2,0.5785,1,insufficient_funds,0,105,unpaid,0.4,card,regular,12.1,0,1
20118.49,11,0.552,4,insufficient_funds,0,492,unpaid,2.8,netbanking,starter,1.4,1,1
5166.99,3,0.4253,0,insufficient_funds,0,64,past_due,5.5,card,starter,2.9,0,1
2890.65,2,0.5159,1,insufficient_funds,1,275,active,0.4,card,regular,10.6,1,0
1110.84,20,0.8966,1,authentication_failed,1,70,active,2.5,card,regular,3.2,0,0
21607.03,1,0.9465,3,insufficient_funds,0,47,active,0.6,upi,regular,0.8,1,1
8797.63,0,0.8337,1,authentication_failed,1,54,past_due,9.7,upi,regular,3.2,1,1
1852.79,2,0.5204,3,authentication_failed,1,86,active,2.8,card,enterprise,4.7,1,0
563.22,8,0.6449,1,gateway_timeout,3,433,active,2.5,card,regular,9.5,0,0
491.46,1,0.7054,2,card_expired,0,1476,active,3.6,netbanking,regular,1.2,1,1
841.32,6,0.7724,1,insufficient_funds,3,184,active,2.4,upi,regular,15.5,1,1
4546.66,9,0.7942,2,insufficient_funds,1,33,past_due,12.8,upi,starter,7.5,0,0
13408.74,17,0.3705,3,authentication_failed,0,397,active,5.1,card,regular,1.6,1,1
3633.28,2,0.6961,1,gateway_timeout,1,32,active,7.5,upi,regular,19.0,0,1
9455.81,16,0.9732,2,insufficient_funds,0,71,active,0.5,card,enterprise,14.2,0,1
3151.93,2,0.7993,0,insufficient_funds,0,764,paused,8.5,upi,vip,6.8,0,1
6365.01,10,0.706,1,gateway_timeout,3,61,active,2.7,netbanking,regular,4.1,0,1
6781.47,5,0.7016,4,gateway_timeout,1,211,active,4.1,card,regular,12.7,0,1
1155.58,1,0.7335,3,gateway_timeout,0,589,past_due,3.8,card,enterprise,2.9,1,1
2440.95,11,0.5888,2,authentication_failed,1,311,active,4.0,card,starter,2.8,0,0
5270.93,2,0.7661,2,insufficient_funds,0,369,past_due,4.7,card,regular,2.4,1,1
566.6,1,0.9237,1,authentication_failed,1,72,active,0.9,netbanking,starter,8.7,1,1
2443.48,4,0.5861,2,insufficient_funds,1,455,active,2.9,upi,regular,0.8,1,1
4026.43,10,0.7419,1,network_error,0,91,active,1.0,wallet,regular,0.4,0,1
28096.1,2,0.3489,2,authentication_failed,2,178,active,0.4,card,vip,1.8,1,1
3417.34,1,0.3551,2,insufficient_funds,1,163,active,4.9,card,vip,14.4,0,1
8665.64,0,0.4992,2,gateway_timeout,1,168,trialing,3.0,netbanking,enterprise,3.1,1,1
3028.76,6,0.6721,1,network_error,0,419,active,0.3,upi,regular,1.8,0,1
8157.76,5,0.7203,0,authentication_failed,1,137,past_due,5.1,upi,enterprise,0.3,1,1
4724.46,2,0.8316,2,insufficient_funds,1,451,active,1.0,netbanking,vip,5.4,0,1
11083.97,0,0.8762,0,authentication_failed,0,609,active,3.0,netbanking,regular,3.8,1,1
2846.16,5,0.774,0,gateway_timeout,0,510,canceled,0.8,upi,enterprise,7.8,0,1
4835.55,14,0.8004,0,gateway_timeout,0,620,trialing,4.5,card,enterprise,2.6,1,1
5171.51,11,0.7504,1,gateway_timeout,0,58,active,0.4,card,regular,6.8,1,1
2901.13,18,0.8173,1,authentication_failed,0,366,past_due,3.4,netbanking,regular,1.0,0,1
979.25,0,0.5065,2,network_error,3,149,active,10.5,upi,regular,6.2,0,1
691.15,32,0.687,0,insufficient_funds,1,410,paused,5.4,card,regular,1.5,1,1
284.06,3,0.7478,1,insufficient_funds,1,124,canceled,5.6,card,enterprise,8.5,1,0
10538.92,44,0.6651,1,insufficient_funds,2,230,trialing,6.5,upi,regular,5.1,1,1
1549.05,2,0.921,1,insufficient_funds,0,31,past_due,17.0,upi,regular,3.0,0,0
1388.16,6,0.693,1,insufficient_funds,4,180,active,0.1,wallet,regular,0.7,1,1
6859.7,4,0.8671,1,insufficient_funds,0,83,active,3.2,upi,enterprise,1.4,0,1
2128.43,4,0.8696,0,insufficient_funds,1,166,active,9.3,card,vip,0.9,0,1
3726.55,17,0.7007,1,insufficient_funds,4,387,active,7.2,upi,regular,2.4,1,0
1086.74,13,0.7391,1,insufficient_funds,0,84,past_due,0.4,card,enterprise,1.3,0,1
16262.69,46,0.8645,1,insufficient_funds,0,405,past_due,1.5,card,vip,2.5,0,1
9738.59,9,0.7815,3,insufficient_funds,1,418,active,0.7,upi,starter,14.2,0,1
10167.77,5,0.6705,1,authentication_failed,0,494,past_due,7.9,upi,vip,0.3,1,1
2810.9,0,0.9519,1,insufficient_funds,2,23,active,3.6,upi,starter,0.7,1,1
7385.02,53,0.8811,0,insufficient_funds,3,2,active,6.9,wallet,starter,3.7,1,1
976.7,7,0.9504,2,insufficient_funds,3,254,active,4.4,upi,regular,6.8,0,1
243.28,11,0.8549,1,card_expired,0,14,past_due,2.6,card,regular,1.7,1,1
300.88,4,0.8199,2,authentication_failed,4,134,trialing,13.6,upi,regular,8.0,1,1
4616.72,7,0.7855,0,authentication_failed,2,583,active,7.2,upi,regular,1.2,0,1
3238.47,27,0.7248,2,insufficient_funds,2,75,active,7.5,card,regular,13.3,0,0
3849.22,1,0.5127,3,authentication_failed,1,78,active,14.8,upi,starter,4.0,1,0
237.46,3,0.8912,2,gateway_timeout,0,219,active,0.6,upi,enterprise,1.4,0,1
2946.85,1,0.8822,2,authentication_failed,0,1053,past_due,8.0,upi,vip,4.0,1,1
6530.45,14,0.5634,0,authentication_failed,1,28,active,5.4,card,regular,13.3,1,0
3123.2,0,0.7582,3,insufficient_funds,2,813,active,0.2,upi,regular,9.0,1,0
6787.93,0,0.5985,2,authentication_failed,0,255,past_due,0.4,card,enterprise,3.8,1,1
1526.47,3,0.5467,1,card_expired,3,356,trialing,11.5,card,starter,0.9,0,0
8587.03,6,0.4887,2,insufficient_funds,0,49,active,1.5,upi,vip,14.3,0,1
4638.9,4,0.566,1,card_expired,0,229,active,0.7,upi,regular,10.5,0,1
1383.44,0,0.6982,0,authentication_failed,1,43,active,9.7,netbanking,enterprise,0.1,0,1
1550.65,29,0.7166,1,network_error,3,167,active,6.3,card,regular,0.4,0,1
5144.72,28,0.7581,0,insufficient_funds,2,139,past_due,2.9,upi,enterprise,3.1,0,1
9058.01,3,0.8081,2,insufficient_funds,0,349,active,4.8,card,starter,4.2,0,1
2886.09,12,0.4547,2,insufficient_funds,0,115,active,26.4,card,starter,4.1,1,1
1694.06,8,0.414,2,insufficient_funds,0,20,past_due,1.1,upi,starter,4.8,1,1
10287.47,2,0.7475,0,insufficient_funds,2,723,trialing,1.3,card,regular,5.8,0,1
5732.24,2,0.9179,2,insufficient_funds,0,40,past_due,0.9,netbanking,regular,13.9,0,1
3171.81,6,0.9208,1,authentication_failed,0,121,canceled,1.3,upi,regular,2.5,0,0
3546.18,5,0.7485,2,insufficient_funds,3,184,paused,0.5,netbanking,vip,0.1,1,1
1342.39,3,0.7707,1,gateway_timeout,1,547,trialing,7.4,upi,regular,4.2,1,1
5128.24,15,0.425,1,insufficient_funds,4,26,past_due,0.7,wallet,enterprise,4.2,0,0
2421.62,6,0.6236,1,card_expired,0,283,active,1.9,card,regular,1.3,0,1
27382.36,10,0.3833,1,insufficient_funds,2,141,canceled,3.4,netbanking,vip,3.7,1,1
3471.4,1,0.8888,1,gateway_timeout,0,388,active,7.8,upi,enterprise,11.3,1,1
3526.55,7,0.9221,1,insufficient_funds,1,512,active,0.6,card,enterprise,4.9,0,1
4371.85,3,0.733,2,insufficient_funds,1,60,active,4.2,card,starter,6.7,0,0
12629.9,7,0.932,0,insufficient_funds,0,239,canceled,6.9,netbanking,regular,5.3,1,0
8267.68,14,0.5872,1,card_expired,0,186,trialing,8.2,upi,regular,2.0,0,1
3199.47,13,0.8294,1,authentication_failed,4,216,active,10.1,upi,regular,1.0,0,1
6541.65,4,0.5213,0,insufficient_funds,2,484,canceled,0.3,upi,regular,2.4,0,0
4612.29,11,0.7424,3,authentication_failed,2,88,canceled,2.5,card,vip,5.8,1,0
3589.98,26,0.6513,2,insufficient_funds,0,89,active,2.3,upi,starter,2.8,0,1
1267.92,9,0.2186,0,card_expired,2,316,active,0.1,upi,enterprise,3.0,0,0
3317.51,1,0.8511,0,gateway_timeout,0,177,active,5.2,netbanking,regular,6.4,1,1
1610.61,10,0.7857,3,authentication_failed,0,231,trialing,5.8,upi,starter,5.3,1,1
12516.24,1,0.4197,0,insufficient_funds,1,376,past_due,1.0,card,vip,9.1,1,1
2242.9,19,0.7134,0,authentication_failed,0,117,active,7.8,card,regular,8.7,0,1
15410.35,6,0.6283,2,insufficient_funds,0,96,active,1.5,upi,starter,0.8,0,1
4007.72,4,0.7472,1,authentication_failed,5,134,canceled,1.5,card,regular,2.9,0,0
5192.18,0,0.8609,0,insufficient_funds,0,7,unpaid,3.3,upi,starter,1.8,0,1
4114.71,4,0.5451,3,gateway_timeout,1,429,active,1.0,upi,regular,17.9,1,1
892.75,22,0.8591,1,insufficient_funds,2,123,paused,5.6,upi,vip,2.4,1,1
2556.59,0,0.9171,1,network_error,0,136,past_due,1.2,card,enterprise,4.3,1,1
722.06,6,0.5438,1,card_expired,1,386,trialing,3.5,upi,vip,3.9,0,1
5076.94,25,0.639,0,insufficient_funds,0,58,trialing,1.1,upi,enterprise,6.3,1,1
3160.85,4,0.7925,2,authentication_failed,0,41,active,1.7,netbanking,enterprise,0.8,0,1
7725.05,5,0.7903,3,authentication_failed,0,602,past_due,10.8,upi,regular,16.1,1,1
1445.32,8,0.6266,2,card_expired,0,646,active,2.5,upi,regular,0.4,0,1
1099.02,5,0.9251,1,gateway_timeout,0,396,active,4.6,upi,vip,5.1,0,1
2807.18,1,0.9895,1,insufficient_funds,3,41,active,1.0,card,enterprise,26.7,0,1
13258.16,0,0.7467,0,insufficient_funds,1,439,trialing,4.8,upi,regular,14.6,0,1
6396.65,8,0.4155,1,insufficient_funds,0,682,active,15.2,card,regular,1.4,0,1
2914.37,24,0.7106,2,authentication_failed,1,481,canceled,4.9,card,regular,2.9,1,0
3841.51,1,0.7582,1,gateway_timeout,0,129,active,2.7,card,enterprise,3.6,1,1
639.86,2,0.7595,2,insufficient_funds,5,25,active,0.5,card,starter,1.1,0,0
21059.12,4,0.9207,1,network_error,4,121,past_due,3.1,upi,regular,7.5,0,0
5689.17,15,0.5581,0,insufficient_funds,1,2,paused,1.1,card,regular,3.5,0,0
1880.19,2,0.6359,2,card_expired,0,184,canceled,5.4,card,enterprise,1.6,0,0
4607.13,20,0.8062,4,insufficient_funds,0,3,canceled,1.6,wallet,enterprise,12.4,0,0
779.76,0,0.9653,1,network_error,2,205,active,0.7,upi,enterprise,1.3,0,1
17083.01,26,0.7153,1,insufficient_funds,1,150,active,0.6,wallet,regular,1.4,1,1
1160.56,7,0.9206,2,insufficient_funds,0,106,canceled,0.6,card,enterprise,14.1,0,1
5421.05,10,0.9109,1,network_error,0,90,active,4.7,wallet,starter,1.6,0,1
1608.2,4,0.9316,3,gateway_timeout,0,443,unpaid,0.2,card,regular,7.3,0,1
6521.47,14,0.7771,0,authentication_failed,3,179,active,13.2,card,regular,2.8,0,1
7698.91,1,0.6934,3,insufficient_funds,1,85,past_due,0.9,upi,enterprise,6.2,1,1
5795.4,0,0.5028,2,insufficient_funds,0,287,active,1.6,upi,starter,43.7,1,1
4966.06,4,0.6947,3,authentication_failed,0,229,past_due,0.7,upi,enterprise,6.9,0,1
11349.88,18,0.5479,2,insufficient_funds,0,96,active,8.6,upi,regular,3.4,0,1
609.45,13,0.4688,1,authentication_failed,1,1112,active,0.1,card,regular,5.7,1,1
2209.22,6,0.8199,2,authentication_failed,2,376,active,5.0,card,regular,3.3,1,1
1627.01,8,0.5653,1,authentication_failed,1,294,trialing,0.5,card,enterprise,7.5,0,0
22320.06,1,0.5481,4,network_error,1,26,active,32.0,card,regular,0.2,0,1
2666.48,17,0.5607,4,network_error,0,38,active,2.0,card,regular,2.6,1,1
6795.29,14,0.6979,0,card_expired,0,216,active,1.6,upi,vip,0.5,0,1
5971.55,10,0.4636,1,insufficient_funds,1,616,active,2.0,netbanking,starter,1.7,0,1
1391.8,5,0.8949,0,insufficient_funds,2,158,past_due,1.8,upi,starter,9.3,1,1
1565.59,31,0.7593,4,authentication_failed,4,38,canceled,0.8,upi,regular,0.7,1,0
1851.45,20,0.83,0,network_error,3,193,active,8.2,upi,regular,3.0,0,1
2847.73,9,0.7567,4,authentication_failed,1,714,active,4.0,upi,vip,41.1,0,1
1534.99,4,0.7404,2,insufficient_funds,1,212,canceled,1.7,upi,starter,8.3,1,0
299.24,9,0.3428,3,card_expired,0,464,canceled,1.9,card,vip,2.9,1,0
10776.09,8,0.6425,2,gateway_timeout,4,491,past_due,0.3,upi,regular,1.7,1,1
17049.92,4,0.611,1,insufficient_funds,3,58,active,2.0,upi,regular,4.4,0,1
2289.49,3,0.9766,2,authentication_failed,0,193,active,5.8,upi,enterprise,7.8,1,1
2266.28,4,0.4706,1,insufficient_funds,0,19,active,2.1,card,regular,3.1,1,1
235.59,8,0.7315,0,insufficient_funds,1,38,active,2.4,card,regular,1.6,0,1
5901.09,5,0.6125,1,insufficient_funds,0,130,active,0.8,card,regular,7.1,0,1
8927.43,2,0.8847,2,authentication_failed,1,18,trialing,0.7,upi,regular,9.4,0,0
992.68,13,0.9859,1,insufficient_funds,1,34,active,4.9,upi,starter,1.4,0,1
1069.78,7,0.7487,3,insufficient_funds,2,64,active,4.6,card,vip,1.3,0,0
8005.22,0,0.885,1,insufficient_funds,3,315,active,3.9,card,enterprise,2.1,0,1
4989.35,4,0.501,3,authentication_failed,1,31,past_due,5.9,card,regular,0.4,0,0
429.49,20,0.8517,1,authentication_failed,0,375,active,2.5,upi,regular,15.3,0,1
5071.55,13,0.6958,0,insufficient_funds,1,205,past_due,0.5,card,regular,7.1,1,1
2047.48,3,0.8833,1,insufficient_funds,0,1031,active,3.2,upi,regular,0.3,1,1
2500.07,26,0.8069,3,insufficient_funds,0,21,trialing,1.2,upi,regular,14.9,0,0
7542.54,0,0.4699,1,insufficient_funds,1,403,active,4.8,card,regular,3.4,1,0
8528.33,30,0.4588,0,authentication_failed,4,160,active,4.3,card,regular,1.6,1,0
2757.1,2,0.9411,1,card_expired,1,12,active,1.2,card,enterprise,13.2,1,1
14901.77,0,0.8602,0,insufficient_funds,0,450,active,8.0,card,regular,9.6,1,1
2808.28,5,0.7218,2,insufficient_funds,0,184,active,9.0,upi,regular,2.1,0,1
7588.45,4,0.8798,2,card_expired,0,137,canceled,4.6,card,regular,6.4,0,0
3507.05,7,0.6475,0,authentication_failed,0,261,active,2.2,upi,regular,1.3,1,1
11591.04,15,0.6109,1,gateway_timeout,0,123,trialing,3.6,upi,regular,18.2,1,0
12116.87,17,0.5308,0,insufficient_funds,3,158,active,1.6,netbanking,regular,0.9,1,1
657.38,4,0.5238,2,card_expired,1,97,active,1.7,netbanking,regular,1.8,0,1
13983.05,5,0.865,0,insufficient_funds,1,82,active,2.7,card,starter,9.6,0,1
8930.15,1,0.5058,4,network_error,0,149,canceled,1.5,wallet,regular,11.4,0,0
8034.54,0,0.8395,1,insufficient_funds,2,142,active,5.1,wallet,regular,6.3,1,1
1321.42,9,0.9234,3,card_expired,5,27,active,0.6,upi,starter,0.5,0,1
8376.84,0,0.8383,2,insufficient_funds,0,82,active,0.4,upi,regular,3.0,0,0
9690.03,12,0.7103,2,gateway_timeout,1,41,past_due,3.0,card,regular,2.1,1,1
1906.47,7,0.5802,2,insufficient_funds,0,97,unpaid,2.5,card,regular,1.8,0,0
15409.94,2,0.6301,0,card_expired,0,178,past_due,1.7,card,regular,1.6,0,0
455.73,7,0.6913,1,network_error,4,210,active,8.8,upi,enterprise,5.1,0,1
1012.06,1,0.2569,3,insufficient_funds,0,445,canceled,2.9,netbanking,regular,0.7,1,0
4056.42,5,0.7258,4,authentication_failed,0,168,trialing,7.2,upi,regular,7.7,0,1
4487.66,15,0.3819,1,insufficient_funds,1,55,active,5.7,upi,regular,1.9,0,1
5380.3,5,0.7673,1,authentication_failed,1,155,active,3.0,wallet,starter,2.2,0,0
285.57,1,0.7524,3,insufficient_funds,0,775,trialing,7.4,card,enterprise,8.8,0,1
16340.44,12,0.7416,2,card_expired,0,492,active,3.7,upi,enterprise,3.1,0,0
428.06,1,0.6389,3,insufficient_funds,1,307,active,1.0,upi,enterprise,4.3,0,1
971.95,12,0.6184,1,gateway_timeout,1,129,past_due,2.0,upi,enterprise,3.5,0,1
270.57,6,0.7099,0,insufficient_funds,1,83,active,9.0,card,enterprise,2.7,0,1
4383.45,5,0.6384,0,network_error,0,153,canceled,1.6,card,starter,5.3,0,0
13660.9,18,0.6634,1,insufficient_funds,2,275,active,0.2,upi,regular,0.3,0,1
5682.28,11,0.7293,1,gateway_timeout,1,542,active,10.0,upi,enterprise,7.0,1,1
8848.36,0,0.9253,2,gateway_timeout,0,730,active,2.9,card,enterprise,5.6,1,1
266.85,3,0.6353,2,card_expired,1,368,past_due,5.9,upi,regular,1.6,1,1
4104.6,19,0.8577,2,insufficient_funds,2,250,active,2.5,upi,vip,1.5,1,1
3276.89,0,0.9314,3,insufficient_funds,0,18,active,4.0,upi,regular,1.3,0,1
3655.43,7,0.7294,2,insufficient_funds,2,253,active,3.5,upi,enterprise,6.3,1,1
574.77,12,0.8356,2,insufficient_funds,0,347,active,0.4,card,enterprise,4.3,0,1
5966.96,9,0.5219,3,authentication_failed,1,464,trialing,0.7,upi,vip,4.0,0,1
3698.04,13,0.444,3,network_error,1,143,active,7.2,wallet,starter,12.1,0,1
7444.02,12,0.636,2,insufficient_funds,1,7,active,0.5,upi,enterprise,42.9,0,1
3520.76,11,0.6447,4,insufficient_funds,0,43,active,1.4,card,regular,4.3,1,1
1008.96,16,0.7496,2,insufficient_funds,0,120,active,3.7,card,enterprise,5.2,1,1
5424.27,9,0.822,2,insufficient_funds,1,290,canceled,10.0,upi,regular,4.6,0,0
1146.04,4,0.7574,1,gateway_timeout,0,177,active,2.0,upi,starter,0.5,1,1
10494.06,6,0.9211,1,insufficient_funds,1,263,past_due,2.9,upi,regular,2.8,1,0
4948.15,11,0.5683,2,card_expired,1,212,active,13.6,upi,starter,2.9,1,0
1055.15,19,0.6681,2,insufficient_funds,0,702,active,5.6,upi,regular,0.3,0,1
16595.53,3,0.6434,4,card_expired,2,388,canceled,1.6,netbanking,regular,7.9,0,0
3852.85,3,0.786,1,gateway_timeout,1,422,active,5.5,upi,starter,0.8,0,1
578.46,25,0.5365,0,gateway_timeout,1,298,active,1.7,wallet,enterprise,4.6,0,1
5128.64,8,0.9406,0,insufficient_funds,0,22,active,4.4,upi,regular,0.8,0,1
1659.78,1,0.3523,2,card_expired,1,981,canceled,0.8,card,regular,3.9,0,0
8340.39,10,0.8569,0,authentication_failed,1,19,active,0.4,upi,vip,0.1,1,1
8713.86,44,0.6808,2,insufficient_funds,4,111,active,2.0,upi,starter,4.4,0,0
19503.65,16,0.8289,1,card_expired,1,412,past_due,0.9,upi,regular,4.1,1,1
3684.47,12,0.4891,3,insufficient_funds,1,94,active,7.0,upi,enterprise,0.1,1,1
3234.45,2,0.8384,1,card_expired,5,250,active,3.8,wallet,starter,0.3,0,0
7201.47,19,0.6412,0,authentication_failed,0,564,active,0.3,card,regular,8.0,0,1
910.53,7,0.5977,1,insufficient_funds,3,424,paused,1.9,netbanking,enterprise,3.6,0,1
4158.38,20,0.953,0,gateway_timeout,2,207,canceled,2.3,upi,enterprise,1.2,0,1
4151.02,3,0.9766,1,insufficient_funds,0,182,trialing,7.0,upi,regular,4.0,0,1
668.66,0,0.8736,1,insufficient_funds,1,60,past_due,8.8,card,starter,0.9,0,0
2906.29,6,0.5144,2,insufficient_funds,1,226,active,2.1,card,starter,4.0,0,0
9796.31,2,0.6709,3,authentication_failed,0,296,active,6.5,upi,regular,0.6,0,1
9895.05,11,0.8352,1,insufficient_funds,1,235,active,5.8,upi,regular,0.8,0,1
722.57,29,0.8631,0,insufficient_funds,3,69,past_due,0.3,card,regular,2.8,0,1
675.52,11,0.7191,0,insufficient_funds,0,498,active,0.5,card,starter,8.4,0,1
1723.77,20,0.4278,1,insufficient_funds,2,193,active,1.3,upi,regular,3.0,1,1
10587.86,5,0.2903,0,gateway_timeout,2,26,past_due,4.8,card,starter,2.7,0,1
890.01,14,0.6635,2,insufficient_funds,0,41,active,0.4,card,regular,2.1,0,1
6564.77,17,0.7164,2,insufficient_funds,3,490,active,4.0,card,regular,3.0,0,1
733.28,11,0.7743,0,network_error,2,92,active,0.1,upi,regular,9.3,0,0
5079.38,6,0.6244,1,network_error,4,207,past_due,4.4,upi,regular,4.5,0,0
2400.81,9,0.8903,0,gateway_timeout,3,158,active,12.6,card,regular,4.8,0,1
7977.45,11,0.7067,1,card_expired,0,181,active,8.3,card,regular,0.2,1,0
1530.85,2,0.868,1,gateway_timeout,1,308,past_due,6.0,upi,enterprise,2.9,1,1
5297.18,15,0.5089,1,card_expired,1,360,trialing,1.3,upi,starter,5.7,1,0
1543.86,28,0.9284,0,insufficient_funds,2,880,active,0.2,card,regular,1.3,0,1
6452.88,5,0.5955,1,authentication_failed,1,303,active,8.7,upi,vip,0.9,1,1
10544.61,11,0.8213,1,insufficient_funds,4,95,active,0.5,wallet,regular,0.1,0,0
877.96,12,0.8136,1,insufficient_funds,1,263,active,0.2,card,starter,1.0,0,1
10271.85,10,0.6032,0,insufficient_funds,0,219,canceled,3.4,upi,enterprise,0.7,1,1
4701.78,7,0.8835,1,insufficient_funds,5,193,past_due,3.1,card,regular,12.5,1,1
879.73,20,0.7285,1,gateway_timeout,1,3,active,0.8,netbanking,enterprise,1.3,0,1
2989.08,5,0.9166,2,insufficient_funds,1,413,active,2.9,card,regular,6.6,1,1
1076.89,0,0.7613,2,insufficient_funds,0,679,paused,1.2,card,starter,7.3,0,1
6225.67,17,0.7136,0,insufficient_funds,2,81,unpaid,5.8,upi,regular,3.3,0,0
7312.06,10,0.6534,0,insufficient_funds,3,18,active,7.3,upi,starter,5.2,0,1
759.11,17,0.6219,1,gateway_timeout,0,50,active,1.6,card,regular,1.3,1,1
3727.51,1,0.7291,0,authentication_failed,0,1449,active,12.3,upi,regular,5.9,1,1
8626.87,0,0.8315,2,card_expired,0,256,active,2.0,card,starter,6.9,1,1
13957.11,25,0.8705,3,authentication_failed,0,118,active,10.6,netbanking,regular,1.8,0,1
3802.78,1,0.7323,2,insufficient_funds,3,80,active,3.4,upi,starter,7.6,0,0
15206.66,15,0.7685,1,insufficient_funds,1,1111,trialing,0.7,netbanking,regular,20.4,0,1
4036.0,16,0.7194,2,insufficient_funds,3,52,active,2.2,upi,enterprise,11.8,1,1
2705.95,11,0.8708,3,card_expired,1,53,active,1.7,card,starter,1.6,0,1
9626.06,1,0.9216,1,gateway_timeout,5,143,paused,6.4,card,vip,6.9,1,1
3596.05,10,0.483,0,insufficient_funds,1,115,active,6.4,upi,vip,1.0,1,1
3392.37,20,0.8052,0,gateway_timeout,2,46,canceled,7.3,card,starter,3.3,0,1
3569.79,5,0.9058,2,card_expired,3,324,unpaid,0.4,netbanking,starter,12.4,0,0
9579.57,5,0.7459,1,insufficient_funds,0,977,active,0.2,card,regular,0.1,1,1
9117.22,5,0.2951,2,gateway_timeout,0,70,unpaid,9.7,card,regular,6.0,0,0
2783.55,0,0.8914,0,gateway_timeout,0,231,active,1.0,card,vip,15.9,0,1
2227.07,21,0.6617,0,insufficient_funds,2,67,active,1.9,upi,starter,2.3,0,1
3585.66,19,0.9251,2,network_error,2,170,active,2.8,netbanking,enterprise,5.7,1,1
4452.19,58,0.5973,1,card_expired,0,408,active,12.0,upi,regular,0.6,0,1
1561.26,8,0.5354,0,insufficient_funds,0,168,active,4.4,upi,enterprise,2.3,0,1
8098.31,13,0.7641,1,insufficient_funds,3,445,trialing,1.5,upi,vip,6.9,0,1
3532.36,2,0.4961,4,network_error,2,213,trialing,4.1,upi,enterprise,0.0,0,1
2232.67,10,0.6327,1,card_expired,3,1009,paused,13.8,wallet,starter,1.5,1,1
764.84,9,0.571,3,card_expired,3,192,active,0.1,wallet,starter,2.7,1,1
1564.59,21,0.5274,0,network_error,1,334,active,0.9,upi,vip,5.3,0,1
15107.29,16,0.666,2,insufficient_funds,2,61,active,3.9,upi,regular,1.3,0,1
2019.93,26,0.6346,2,insufficient_funds,2,63,canceled,0.1,wallet,vip,2.7,0,0
1124.78,19,0.8093,0,insufficient_funds,0,111,active,8.1,card,regular,2.9,0,0
3287.16,19,0.7059,2,network_error,2,63,canceled,2.1,card,enterprise,1.3,0,1
2034.26,0,0.5179,2,authentication_failed,1,4,active,6.1,netbanking,enterprise,6.8,1,1
378.96,17,0.5011,1,network_error,0,62,past_due,5.3,upi,enterprise,3.2,0,0
2151.49,8,0.8693,2,insufficient_funds,0,170,active,3.9,card,regular,9.1,0,1
4127.5,4,0.4892,1,gateway_timeout,0,277,past_due,3.7,card,starter,1.2,0,1
4211.6,0,0.9058,1,insufficient_funds,2,203,active,20.2,card,regular,3.5,0,1
2404.62,10,0.6562,2,gateway_timeout,3,53,past_due,0.2,netbanking,regular,15.7,0,1
3164.72,3,0.643,1,insufficient_funds,4,35,active,2.2,upi,starter,0.5,0,0
17036.58,5,0.6705,1,insufficient_funds,0,441,active,7.1,netbanking,regular,25.2,1,1
2568.84,10,0.6946,3,card_expired,1,376,active,2.3,upi,vip,0.2,0,0
1693.56,23,0.9415,1,insufficient_funds,3,70,active,5.5,card,regular,1.5,0,1
1595.05,16,0.7816,0,insufficient_funds,0,184,active,5.8,card,starter,0.8,0,1
3260.28,5,0.7528,3,insufficient_funds,0,280,past_due,0.5,upi,regular,4.7,1,1
7325.59,4,0.2625,1,insufficient_funds,1,297,active,10.2,upi,regular,10.8,0,1
1353.28,2,0.5987,2,authentication_failed,1,152,active,2.7,upi,starter,0.3,0,1
6377.25,4,0.4414,2,insufficient_funds,0,164,canceled,5.5,upi,enterprise,4.9,1,1
306.88,1,0.6518,2,insufficient_funds,1,165,active,12.2,netbanking,regular,9.6,0,1
2914.45,33,0.6478,0,authentication_failed,3,209,active,3.5,card,enterprise,3.3,1,1
7677.54,8,0.4947,3,gateway_timeout,1,158,past_due,4.1,card,enterprise,3.0,0,1
2267.99,1,0.9045,1,gateway_timeout,2,166,past_due,1.6,upi,regular,17.3,0,1
4347.55,4,0.8861,1,card_expired,2,429,past_due,4.3,card,vip,8.5,1,0
1346.94,7,0.4491,0,authentication_failed,0,58,past_due,0.4,card,regular,1.7,0,1
6973.89,7,0.6834,2,insufficient_funds,2,156,active,1.2,upi,regular,14.1,1,1
468.48,0,0.7525,1,card_expired,2,292,past_due,6.9,upi,regular,5.6,1,1
9771.08,28,0.4355,2,insufficient_funds,1,199,active,2.7,card,vip,11.2,1,1
1304.46,3,0.9557,2,gateway_timeout,2,89,trialing,0.4,card,starter,4.9,0,1
10573.19,0,0.333,1,gateway_timeout,5,27,active,6.4,upi,starter,3.6,0,0
2373.41,0,0.7115,0,insufficient_funds,1,275,active,5.9,upi,regular,1.3,0,1
6612.98,8,0.7298,1,insufficient_funds,0,311,past_due,0.5,upi,regular,1.7,1,1
2122.62,1,0.4937,2,insufficient_funds,2,17,active,3.4,netbanking,regular,1.0,1,1
12017.61,0,0.7773,0,gateway_timeout,0,322,past_due,4.6,wallet,enterprise,5.4,1,1
877.02,4,0.4946,0,card_expired,1,435,trialing,1.1,upi,starter,0.7,1,0
1183.24,9,0.5676,3,insufficient_funds,3,564,active,9.4,upi,enterprise,10.6,1,1
3596.52,1,0.6691,2,authentication_failed,1,1058,active,3.1,netbanking,regular,10.0,1,1
627.45,3,0.7093,1,insufficient_funds,4,223,unpaid,15.4,card,regular,0.1,1,0
1290.66,5,0.8632,0,insufficient_funds,0,1017,active,10.7,upi,vip,5.3,0,1
14591.2,1,0.7459,1,authentication_failed,1,199,canceled,10.7,netbanking,enterprise,4.9,0,0
18951.58,6,0.747,0,insufficient_funds,0,281,canceled,0.8,upi,regular,5.1,0,1
2560.1,0,0.6283,4,insufficient_funds,1,292,active,2.0,upi,regular,6.1,1,1
13038.36,0,0.8146,2,card_expired,0,335,active,0.1,card,starter,4.5,0,1
4135.36,6,0.8774,1,insufficient_funds,0,369,active,7.0,card,regular,0.2,0,1
1771.79,2,0.8636,0,gateway_timeout,2,208,active,3.3,card,regular,6.1,0,1
6260.0,0,0.6369,3,insufficient_funds,4,367,active,1.1,card,enterprise,0.5,0,1
5577.92,5,0.5895,1,gateway_timeout,0,73,unpaid,5.7,upi,regular,3.5,1,1
22806.59,23,0.5663,2,insufficient_funds,3,182,active,10.6,card,enterprise,13.0,0,1
1739.75,12,0.6895,0,authentication_failed,4,49,active,3.4,card,regular,0.4,1,1
5774.62,16,0.7406,1,gateway_timeout,2,140,active,3.2,card,enterprise,7.4,1,1
467.13,19,0.553,2,insufficient_funds,0,124,active,3.0,card,regular,14.3,1,1
803.19,34,0.5112,3,card_expired,0,7,active,17.9,wallet,regular,14.0,1,0
219.63,13,0.6548,2,insufficient_funds,0,83,active,5.2,card,enterprise,2.0,1,1
37826.02,8,0.7631,1,gateway_timeout,1,304,active,5.2,upi,regular,5.7,0,1
8304.36,4,0.8269,0,authentication_failed,2,151,active,1.0,upi,starter,5.3,0,1
7925.82,1,0.7729,2,insufficient_funds,0,642,active,4.7,wallet,regular,2.9,1,1
3763.96,11,0.8883,1,insufficient_funds,1,130,canceled,6.8,upi,regular,3.0,1,0
1983.85,50,0.9031,1,insufficient_funds,0,154,canceled,0.5,upi,regular,10.5,0,0
1020.04,5,0.7043,2,insufficient_funds,2,375,active,6.5,card,starter,2.5,0,0
1875.09,12,0.8199,2,insufficient_funds,2,23,active,14.5,netbanking,regular,22.9,0,1
2557.79,6,0.5175,2,insufficient_funds,2,646,active,3.7,upi,vip,0.5,0,1
7259.29,5,0.7437,1,card_expired,2,171,past_due,7.3,card,regular,0.9,1,1
4078.97,5,0.4475,0,insufficient_funds,0,335,active,3.7,upi,regular,1.1,1,1
603.25,6,0.3604,3,authentication_failed,1,308,active,0.1,card,starter,1.4,0,0
290.97,4,0.7722,1,insufficient_funds,2,92,active,3.3,netbanking,enterprise,0.8,1,1
739.78,13,0.7098,0,authentication_failed,4,1500,past_due,11.7,netbanking,vip,14.6,0,1
2842.39,19,0.9216,0,insufficient_funds,2,10,past_due,4.0,upi,vip,0.2,1,1
13729.73,20,0.8279,2,network_error,3,664,unpaid,4.0,upi,regular,1.9,0,1
5272.31,2,0.8199,0,gateway_timeout,0,26,active,6.0,card,regular,3.8,0,1
8293.05,21,0.4073,3,insufficient_funds,2,93,past_due,2.7,wallet,enterprise,0.6,0,0
3340.31,3,0.8491,0,authentication_failed,0,577,active,7.9,upi,regular,0.8,1,1
2444.47,3,0.3489,0,insufficient_funds,2,61,active,1.8,upi,regular,6.1,0,1
773.69,12,0.9797,4,network_error,0,17,active,2.8,upi,regular,7.5,0,1
10634.67,3,0.6327,1,authentication_failed,0,322,past_due,10.3,card,regular,4.0,1,1
7842.98,0,0.7197,0,insufficient_funds,1,85,past_due,7.8,upi,regular,1.2,0,1
1120.32,4,0.8919,1,insufficient_funds,0,128,active,0.7,upi,regular,0.8,1,1
3789.87,12,0.9701,0,authentication_failed,2,149,past_due,3.9,wallet,enterprise,4.9,0,0
3541.05,3,0.7024,4,insufficient_funds,0,283,active,8.0,card,regular,1.1,0,1
5105.37,9,0.6024,1,gateway_timeout,2,331,active,19.2,upi,enterprise,1.0,0,1
14811.19,10,0.5055,3,insufficient_funds,1,102,active,23.4,upi,enterprise,3.0,1,0
4534.78,12,0.8133,1,authentication_failed,0,586,unpaid,2.0,upi,regular,2.1,1,1
4085.01,21,0.9012,2,authentication_failed,0,61,active,6.1,card,enterprise,1.6,0,1
458.17,5,0.6222,2,network_error,1,357,active,16.6,card,enterprise,6.4,0,1
524.87,1,0.7846,2,network_error,1,322,paused,5.7,card,regular,17.9,0,1
1237.25,3,0.5871,2,insufficient_funds,1,185,active,1.9,upi,regular,4.3,1,1
365.05,5,0.6358,3,card_expired,3,889,paused,3.5,netbanking,vip,6.5,0,0
7000.27,11,0.8585,1,network_error,1,158,active,7.3,upi,vip,1.8,1,1
6624.65,0,0.6035,0,card_expired,0,490,past_due,7.4,upi,starter,0.9,0,1
931.24,3,0.8075,2,insufficient_funds,0,17,trialing,4.6,card,regular,1.0,1,0
9241.85,14,0.7617,1,insufficient_funds,0,128,active,1.6,card,regular,3.7,0,1
1040.83,10,0.8596,0,insufficient_funds,2,61,past_due,7.3,upi,regular,3.5,0,1
1991.78,12,0.9394,1,gateway_timeout,0,487,active,0.8,card,vip,3.7,0,1
1631.59,15,0.6954,0,insufficient_funds,0,140,active,5.3,wallet,vip,11.9,0,1
2528.52,14,0.9271,3,insufficient_funds,0,188,active,20.6,upi,regular,7.8,0,1
1669.6,10,0.8203,1,insufficient_funds,1,274,canceled,15.9,card,regular,2.2,0,1
3556.45,5,0.8652,2,insufficient_funds,0,131,active,1.1,upi,starter,4.5,0,1
2816.24,39,0.6369,2,authentication_failed,2,113,active,7.9,card,regular,6.5,1,1
21751.13,7,0.9069,2,gateway_timeout,1,103,active,0.2,upi,regular,10.5,1,1
487.76,2,0.9459,2,insufficient_funds,1,369,active,3.1,netbanking,regular,3.9,1,1
966.81,3,0.906,2,network_error,4,1083,canceled,0.5,card,regular,0.4,1,1
471.36,11,0.959,1,insufficient_funds,0,99,active,5.7,card,regular,15.1,0,1
5115.37,24,0.7718,1,network_error,0,281,trialing,1.4,card,regular,2.2,1,1
480.26,1,0.7413,0,insufficient_funds,1,527,active,0.1,netbanking,regular,10.6,1,1
9252.87,0,0.7367,1,card_expired,0,1032,trialing,2.6,upi,starter,1.4,1,1
3786.57,20,0.533,1,card_expired,2,216,active,3.4,upi,regular,8.1,0,1
3943.38,23,0.935,1,authentication_failed,1,51,active,9.5,upi,enterprise,0.1,0,1
4323.06,3,0.6759,3,gateway_timeout,0,197,active,7.7,card,regular,7.5,0,1
1136.55,4,0.7539,1,gateway_timeout,0,267,active,5.8,upi,regular,1.5,0,1
1301.3,10,0.8623,2,card_expired,1,164,canceled,0.2,card,starter,4.0,0,0
2119.62,3,0.7159,0,authentication_failed,2,92,active,2.9,upi,enterprise,1.6,0,1
4700.81,19,0.8022,0,insufficient_funds,2,94,active,5.9,card,starter,6.5,0,0
1379.36,1,0.5123,2,insufficient_funds,1,404,past_due,9.3,card,vip,1.8,0,0
818.37,0,0.4089,1,insufficient_funds,2,845,active,3.6,card,starter,9.2,1,1
17752.31,2,0.6554,1,insufficient_funds,0,292,past_due,5.4,card,vip,1.5,0,0
311.14,3,0.3008,2,network_error,1,152,active,1.7,card,regular,15.7,1,0
8315.08,1,0.7064,2,insufficient_funds,1,96,unpaid,1.6,card,regular,1.6,1,0
7956.67,0,0.7244,1,gateway_timeout,4,45,paused,2.9,card,regular,2.0,0,0
1963.52,13,0.7703,1,insufficient_funds,4,89,past_due,3.7,card,starter,13.4,0,0
928.75,1,0.6418,1,gateway_timeout,1,5,active,14.3,upi,enterprise,3.7,1,1
986.95,23,0.8826,1,authentication_failed,0,103,active,0.4,upi,enterprise,2.5,1,1
6177.24,4,0.4493,1,gateway_timeout,3,50,active,8.4,card,starter,1.4,1,1
5347.39,10,0.5357,0,insufficient_funds,0,7,trialing,3.0,upi,enterprise,1.4,0,1
7833.43,2,0.6249,2,network_error,1,32,trialing,0.1,netbanking,enterprise,14.3,0,1
14061.44,2,0.6407,4,insufficient_funds,1,580,canceled,3.5,upi,enterprise,1.3,1,1
6087.1,8,0.9658,4,authentication_failed,0,80,active,4.5,upi,starter,9.4,0,1
1047.13,7,0.413,1,insufficient_funds,0,194,active,1.7,wallet,regular,1.3,1,1
1594.88,13,0.4704,2,insufficient_funds,1,72,canceled,1.9,upi,enterprise,25.3,1,0
9431.94,13,0.8559,0,authentication_failed,1,266,active,5.8,upi,regular,3.1,0,1
1374.22,10,0.7858,1,insufficient_funds,2,44,active,2.3,upi,vip,4.3,1,0
576.43,5,0.6733,0,insufficient_funds,1,149,active,0.2,card,starter,10.6,1,1
6274.83,21,0.5933,2,card_expired,0,64,active,0.2,upi,regular,4.8,0,1
2775.23,9,0.5846,2,insufficient_funds,0,197,active,0.2,upi,regular,5.7,0,1
12831.15,43,0.5673,1,gateway_timeout,1,27,canceled,0.8,card,regular,2.4,1,0
5452.76,16,0.5424,1,authentication_failed,1,222,past_due,6.6,card,regular,2.2,1,1
673.86,0,0.5954,1,gateway_timeout,1,328,active,9.6,netbanking,regular,8.1,1,1
14968.79,3,0.7105,3,insufficient_funds,4,149,past_due,1.6,card,vip,1.9,1,0
1695.79,8,0.9009,0,insufficient_funds,0,750,unpaid,5.6,card,regular,9.7,1,1
2256.5,12,0.6706,2,authentication_failed,2,60,active,19.3,card,vip,4.9,1,1
2773.0,7,0.7486,3,authentication_failed,0,27,past_due,7.5,card,regular,1.5,1,1
462.91,14,0.8427,0,network_error,2,23,paused,3.9,upi,regular,1.0,0,1
3631.01,3,0.8263,1,gateway_timeout,0,102,active,0.4,card,starter,10.5,1,1
858.06,1,0.8116,2,card_expired,0,40,trialing,7.7,upi,regular,24.7,1,1
2762.22,0,0.8641,1,gateway_timeout,0,3,past_due,0.4,upi,regular,4.1,1,1
2359.38,8,0.7744,2,network_error,2,65,active,1.0,card,regular,1.5,0,1
7610.51,11,0.7646,4,gateway_timeout,1,67,active,2.7,card,starter,1.5,0,1
8327.09,3,0.5759,0,gateway_timeout,1,34,past_due,0.4,card,starter,18.4,0,0
1032.71,9,0.7684,2,insufficient_funds,0,123,active,2.3,netbanking,vip,3.2,0,1
2482.88,0,0.9006,0,insufficient_funds,0,798,active,1.7,upi,regular,8.6,1,1
2536.86,0,0.7544,5,insufficient_funds,2,620,active,1.1,netbanking,enterprise,7.5,1,1
1020.9,11,0.9252,0,insufficient_funds,3,5,trialing,2.6,card,regular,2.0,1,1
8208.68,4,0.6775,4,insufficient_funds,0,429,trialing,0.7,card,regular,5.7,1,1
6341.81,10,0.9392,2,insufficient_funds,0,64,active,0.3,wallet,vip,7.4,0,1
1255.96,16,0.7146,2,insufficient_funds,1,193,active,5.9,netbanking,vip,7.7,0,1
2484.23,18,0.823,2,insufficient_funds,2,158,active,2.2,upi,regular,14.7,1,1
759.16,1,0.5207,2,authentication_failed,0,1024,active,0.6,card,enterprise,3.9,0,1
5147.08,6,0.6681,4,insufficient_funds,1,231,trialing,8.5,card,regular,1.1,1,1
846.97,12,0.7357,1,insufficient_funds,2,249,unpaid,9.3,card,regular,1.1,0,0
21520.03,14,0.3513,4,network_error,0,683,active,0.7,netbanking,enterprise,5.1,0,1
7786.16,14,0.7319,3,insufficient_funds,0,44,active,0.2,upi,regular,8.8,1,1
2673.44,2,0.9526,1,insufficient_funds,0,171,active,9.5,card,vip,1.3,0,1
4520.44,2,0.5532,0,card_expired,0,33,active,4.2,card,starter,9.3,0,0
12314.83,8,0.9199,5,insufficient_funds,1,30,active,8.8,upi,regular,19.4,0,1
4238.29,12,0.7058,3,authentication_failed,1,312,canceled,0.3,card,regular,24.2,0,0
1158.82,3,0.768,2,card_expired,3,231,past_due,0.4,netbanking,enterprise,10.4,1,1
2579.73,1,0.8894,1,authentication_failed,0,30,canceled,8.4,card,starter,0.0,0,1
9462.16,11,0.89,1,card_expired,0,185,active,5.6,card,starter,0.0,0,1
5367.12,3,0.337,4,gateway_timeout,1,739,canceled,2.4,card,regular,14.1,1,0
5459.47,1,0.7308,3,authentication_failed,4,38,canceled,6.0,netbanking,regular,0.6,0,0
10280.32,1,0.9727,0,gateway_timeout,0,46,canceled,4.3,card,regular,1.6,0,1
11420.31,3,0.3115,1,insufficient_funds,0,277,active,5.7,card,vip,10.9,0,0
12815.7,8,0.7363,1,insufficient_funds,2,65,active,0.1,upi,enterprise,2.5,1,1
698.27,4,0.7002,1,card_expired,0,354,past_due,2.0,card,regular,1.7,0,1
4127.69,0,0.5869,4,network_error,1,634,trialing,10.0,upi,regular,0.9,0,0
6945.18,0,0.7607,0,insufficient_funds,2,2,active,4.5,wallet,regular,10.3,0,1
7271.96,3,0.9207,1,authentication_failed,0,97,past_due,0.2,card,enterprise,3.8,0,0
4866.12,10,0.7682,1,insufficient_funds,1,219,active,22.4,upi,regular,1.5,0,1
1112.33,0,0.8414,1,insufficient_funds,2,181,past_due,20.0,upi,regular,3.9,1,1
8183.12,7,0.7981,1,authentication_failed,1,198,past_due,2.5,netbanking,regular,13.8,0,0
6566.82,1,0.4221,1,authentication_failed,0,294,active,8.9,card,regular,0.4,0,1
650.37,2,0.9111,0,authentication_failed,0,412,active,2.2,upi,regular,4.0,0,1
3316.33,1,0.8851,0,gateway_timeout,5,83,past_due,1.3,upi,starter,4.7,1,1
1155.67,0,0.6331,0,insufficient_funds,2,347,paused,15.0,card,regular,0.7,0,1
2258.5,10,0.5362,1,network_error,0,20,trialing,6.1,upi,regular,5.7,0,0
291.23,5,0.7326,3,authentication_failed,0,303,active,2.7,upi,regular,7.1,0,1
2756.88,16,0.8299,0,authentication_failed,0,450,past_due,2.3,upi,enterprise,6.9,1,1
4191.17,0,0.9793,2,authentication_failed,2,673,active,0.4,netbanking,regular,0.9,0,1
5032.43,1,0.7136,2,insufficient_funds,1,258,active,7.1,upi,vip,5.1,1,1
5645.64,3,0.338,4,insufficient_funds,1,95,active,1.1,upi,starter,4.4,1,1
9248.33,13,0.5983,1,authentication_failed,1,265,past_due,0.5,card,enterprise,1.4,1,1
1413.31,3,0.816,1,gateway_timeout,3,49,past_due,4.9,upi,regular,0.1,1,1
841.91,4,0.8903,3,insufficient_funds,5,299,active,3.3,card,starter,16.0,0,0
9737.1,3,0.8131,1,authentication_failed,1,523,past_due,4.5,netbanking,vip,8.1,1,1
1051.65,0,0.8472,2,insufficient_funds,1,768,canceled,0.6,upi,vip,6.1,0,0
18596.64,26,0.5456,1,insufficient_funds,0,52,past_due,0.5,upi,regular,1.9,0,1
9442.86,7,0.7413,1,card_expired,3,241,active,0.7,upi,regular,3.2,0,0
3674.51,14,0.8742,1,insufficient_funds,0,997,canceled,3.3,card,regular,4.5,1,0
20128.73,10,0.8046,1,insufficient_funds,1,247,active,1.2,upi,regular,0.2,1,1
712.25,6,0.5539,1,authentication_failed,2,716,past_due,3.7,upi,enterprise,3.7,0,1
2005.32,0,0.7803,1,insufficient_funds,0,145,active,2.8,card,regular,2.8,1,1
5283.66,9,0.9523,0,card_expired,0,392,active,2.0,card,regular,2.3,0,1
2353.97,1,0.7269,1,authentication_failed,1,23,past_due,0.1,netbanking,vip,4.3,1,1
13381.38,5,0.4505,2,card_expired,0,59,active,6.8,netbanking,starter,1.7,0,1
539.39,9,0.6382,4,insufficient_funds,1,32,active,0.3,card,starter,1.2,0,0
4186.01,14,0.8124,1,card_expired,0,15,active,4.2,upi,starter,8.2,1,1
4668.57,10,0.7732,1,insufficient_funds,0,147,past_due,1.8,upi,regular,1.3,0,1
5488.24,10,0.5883,5,card_expired,1,481,active,5.2,upi,enterprise,1.1,1,1
1676.33,1,0.6788,1,network_error,0,82,past_due,1.3,card,regular,1.0,1,1
2467.24,4,0.6928,1,card_expired,0,68,past_due,1.8,upi,regular,4.6,0,1
9479.27,0,0.9276,1,card_expired,3,356,active,15.8,card,vip,3.3,1,1
1284.21,12,0.9391,2,authentication_failed,0,77,past_due,2.0,upi,regular,3.9,1,1
8968.5,28,0.6466,3,network_error,0,235,active,3.8,card,regular,4.2,0,1
4335.17,2,0.5814,1,insufficient_funds,3,44,past_due,12.0,netbanking,regular,0.6,0,0
7381.36,0,0.6102,0,insufficient_funds,0,130,active,4.9,netbanking,regular,3.0,0,1
6451.96,6,0.4111,1,insufficient_funds,0,198,active,1.9,upi,regular,5.4,0,1
1362.89,18,0.6488,4,authentication_failed,1,1468,active,2.0,wallet,enterprise,0.9,1,1
4406.06,7,0.6897,0,insufficient_funds,1,484,paused,2.2,upi,vip,1.7,1,1
10314.29,0,0.7786,2,card_expired,2,4,past_due,2.2,card,starter,1.8,1,0
3029.19,34,0.686,2,insufficient_funds,0,253,active,1.7,upi,regular,6.2,1,1
17194.62,16,0.9087,1,network_error,0,259,unpaid,3.3,wallet,enterprise,0.2,0,1
3209.36,1,0.7427,3,insufficient_funds,1,200,past_due,6.4,upi,enterprise,8.3,0,1
970.34,24,0.7092,2,insufficient_funds,1,7,active,3.5,card,regular,5.6,1,1
2666.85,5,0.772,1,gateway_timeout,0,82,active,1.1,card,regular,1.6,1,1
15351.87,4,0.8782,4,insufficient_funds,0,57,active,4.9,netbanking,regular,5.6,0,1
2126.26,5,0.8655,0,gateway_timeout,3,9,past_due,2.9,card,regular,6.2,0,0
10328.49,17,0.7916,1,network_error,2,542,active,3.9,upi,enterprise,2.5,0,1
10853.7,10,0.8916,3,insufficient_funds,0,222,active,4.9,wallet,regular,1.1,1,1
2355.35,0,0.6983,1,card_expired,1,76,past_due,2.5,card,enterprise,11.9,0,1
634.64,29,0.8303,0,network_error,2,539,active,2.0,card,regular,8.2,0,0
6646.89,1,0.8699,3,insufficient_funds,1,474,canceled,8.1,card,regular,4.0,1,0
2066.29,12,0.9021,0,gateway_timeout,4,65,active,7.9,upi,regular,0.5,0,1
7837.53,9,0.7077,1,insufficient_funds,2,67,canceled,4.9,wallet,enterprise,1.5,1,1
3122.85,1,0.8496,3,card_expired,0,50,past_due,1.6,card,enterprise,3.8,0,1
3520.53,1,0.5334,2,authentication_failed,0,53,active,5.1,upi,regular,2.9,1,0
7723.35,19,0.6346,0,insufficient_funds,3,330,active,2.3,upi,regular,5.8,0,1
2609.27,5,0.7766,2,authentication_failed,1,69,active,4.8,upi,starter,15.6,1,0
3127.09,10,0.4938,1,insufficient_funds,1,444,active,0.9,upi,enterprise,4.4,1,1
2559.55,6,0.6024,1,gateway_timeout,2,858,canceled,0.1,wallet,vip,1.6,0,1
2489.11,12,0.7418,2,insufficient_funds,0,15,active,0.5,card,starter,1.6,1,1
3932.18,6,0.6035,1,insufficient_funds,0,189,past_due,3.7,card,regular,14.2,1,1
8472.16,3,0.7639,1,insufficient_funds,0,9,active,2.2,card,enterprise,2.8,0,1
2445.27,4,0.7388,1,insufficient_funds,2,101,unpaid,1.7,card,starter,3.4,0,0
3914.36,18,0.8268,1,authentication_failed,0,685,canceled,8.6,upi,enterprise,0.9,0,1
5754.35,5,0.6168,0,authentication_failed,1,114,active,0.8,upi,regular,2.4,0,1
1769.72,2,0.4099,0,authentication_failed,0,292,unpaid,8.1,upi,starter,2.5,1,1
1825.35,25,0.8158,0,gateway_timeout,2,193,active,2.7,upi,regular,12.5,0,1
13746.24,15,0.7768,0,gateway_timeout,1,222,canceled,14.8,card,regular,7.5,1,1
6628.35,0,0.6843,0,authentication_failed,0,1293,past_due,1.5,wallet,regular,1.5,1,1
4504.12,65,0.699,1,gateway_timeout,3,430,active,6.8,card,enterprise,6.0,1,1
5416.65,11,0.676,1,card_expired,0,630,past_due,2.9,upi,enterprise,1.7,1,0
348.69,1,0.5159,2,insufficient_funds,1,276,active,1.1,card,regular,0.5,1,1
5013.02,2,0.7321,2,card_expired,2,129,active,7.8,card,enterprise,8.7,0,0
3761.74,11,0.8706,1,insufficient_funds,1,120,trialing,3.3,card,enterprise,2.7,0,1
4145.53,14,0.4942,1,insufficient_funds,0,871,active,6.5,upi,vip,0.0,0,1
2426.94,2,0.5089,0,card_expired,3,89,active,3.9,card,regular,1.7,1,1
624.92,2,0.8406,0,authentication_failed,1,52,active,0.3,card,starter,7.8,0,1
1274.26,3,0.6905,1,insufficient_funds,1,35,active,3.7,upi,enterprise,1.0,1,1
15253.69,8,0.6105,2,insufficient_funds,3,197,past_due,0.1,netbanking,starter,4.2,0,1
2827.16,1,0.7617,2,network_error,3,307,paused,5.4,card,regular,5.5,1,1
3343.2,1,0.8906,0,insufficient_funds,0,169,active,1.3,upi,regular,5.8,0,1
470.75,10,0.8094,2,insufficient_funds,0,581,active,2.4,upi,regular,0.0,0,1
391.45,14,0.8801,1,insufficient_funds,0,335,active,0.6,netbanking,regular,3.2,1,1
6514.75,6,0.7188,2,authentication_failed,0,48,past_due,0.6,card,enterprise,2.1,1,1
4061.98,4,0.5508,1,network_error,0,771,trialing,4.7,card,enterprise,4.1,0,1
3753.56,5,0.9714,2,insufficient_funds,1,266,active,0.4,card,regular,0.9,1,1
1592.78,4,0.5985,1,insufficient_funds,0,48,active,2.7,upi,regular,0.8,0,1
7027.57,30,0.6041,5,authentication_failed,1,145,active,4.0,wallet,starter,7.7,0,1
1121.04,13,0.7207,0,insufficient_funds,1,154,canceled,2.0,upi,vip,2.2,0,0
1253.2,2,0.8082,1,network_error,1,250,active,2.9,upi,enterprise,0.2,1,1
3287.53,4,0.4754,0,insufficient_funds,2,771,active,9.7,upi,regular,14.0,0,1
1886.32,7,0.8637,1,insufficient_funds,4,124,active,5.4,card,regular,6.0,0,1
1621.53,9,0.8246,3,insufficient_funds,1,221,past_due,5.7,upi,regular,18.5,0,0
5381.54,5,0.7061,1,gateway_timeout,3,124,active,7.7,card,regular,0.1,0,1
5463.01,15,0.6667,0,authentication_failed,1,581,active,1.9,upi,enterprise,3.0,1,1
8901.07,13,0.8223,2,authentication_failed,4,790,trialing,0.9,wallet,enterprise,3.6,0,1
2903.92,6,0.4208,0,insufficient_funds,2,337,active,0.3,card,enterprise,2.6,1,1
579.47,18,0.6863,1,insufficient_funds,1,76,trialing,5.5,netbanking,regular,1.8,1,1
1798.73,13,0.4312,1,authentication_failed,1,241,trialing,1.2,netbanking,regular,0.3,0,1
19761.48,14,0.7986,3,insufficient_funds,0,73,active,2.4,netbanking,vip,1.1,1,1
4734.9,29,0.6534,2,authentication_failed,2,214,canceled,1.1,card,enterprise,4.7,0,1
6384.84,2,0.6867,0,network_error,1,124,active,3.6,upi,enterprise,0.5,1,1
236.93,2,0.8842,3,insufficient_funds,0,361,active,1.0,card,enterprise,1.4,0,1
3851.19,20,0.8653,0,insufficient_funds,1,568,active,4.1,upi,vip,0.7,0,1
391.25,14,0.828,1,authentication_failed,0,4,paused,5.1,upi,regular,5.1,1,1
4410.91,24,0.678,1,insufficient_funds,0,614,canceled,0.4,card,regular,8.0,0,0
12877.05,0,0.8299,0,network_error,5,75,unpaid,9.5,netbanking,starter,2.4,0,0
17476.02,9,0.6502,2,insufficient_funds,1,322,active,8.0,card,regular,6.6,1,1
4088.65,1,0.9422,0,network_error,2,64,active,12.8,card,regular,1.8,0,1
3264.34,6,0.9326,1,insufficient_funds,1,106,past_due,0.8,upi,starter,3.7,1,1
14703.66,1,0.6054,4,network_error,1,239,trialing,11.4,card,regular,3.5,0,1
5798.31,1,0.8482,1,insufficient_funds,5,43,active,19.6,card,regular,5.1,1,1
535.51,0,0.8288,2,gateway_timeout,1,67,active,2.0,upi,regular,12.2,1,1
3334.23,9,0.3707,2,authentication_failed,0,163,active,0.4,card,regular,2.5,1,1
1573.8,4,0.946,0,insufficient_funds,2,32,active,9.0,upi,starter,8.9,0,1
3372.55,1,0.8689,1,network_error,3,37,active,0.8,card,regular,0.3,0,1
3239.12,3,0.7781,1,network_error,0,277,past_due,1.9,upi,regular,7.4,0,1
4563.1,1,0.4452,1,authentication_failed,0,1500,active,2.8,netbanking,starter,0.6,1,1
2406.27,26,0.7396,1,network_error,0,1083,active,2.8,card,starter,5.3,0,1
1097.25,3,0.9159,2,gateway_timeout,0,173,active,4.1,upi,regular,2.9,0,1
3703.07,3,0.846,1,insufficient_funds,0,357,active,1.0,upi,regular,4.8,0,1
9065.75,17,0.4411,3,card_expired,1,244,active,1.6,netbanking,starter,5.9,0,0
5653.4,9,0.7107,0,insufficient_funds,0,2,canceled,1.7,netbanking,regular,11.9,0,1
2265.23,11,0.4296,2,network_error,3,582,canceled,1.3,card,enterprise,1.7,0,0
13907.24,9,0.8877,1,authentication_failed,0,385,active,20.1,netbanking,regular,1.6,1,1
12363.9,27,0.9777,0,gateway_timeout,3,66,active,7.9,card,regular,8.0,1,1
1374.49,2,0.7946,1,authentication_failed,0,876,trialing,7.5,card,regular,16.0,0,1
401.08,42,0.6269,2,gateway_timeout,0,119,active,1.9,upi,regular,1.9,0,1
6960.6,16,0.8998,2,insufficient_funds,2,125,trialing,3.2,card,enterprise,1.3,0,1
8989.99,8,0.7393,2,card_expired,2,275,trialing,0.3,card,starter,1.6,1,0
17388.98,10,0.8513,1,card_expired,1,266,active,0.8,upi,regular,17.2,1,0
11228.94,9,0.7651,1,authentication_failed,1,280,active,16.1,wallet,regular,21.3,1,1
4788.14,0,0.9441,2,insufficient_funds,0,7,past_due,2.2,card,regular,3.6,0,1
3975.67,2,0.7026,4,authentication_failed,0,102,active,2.6,wallet,regular,9.3,0,1
341.18,30,0.7272,3,insufficient_funds,2,4,active,3.3,card,regular,9.2,0,1
1616.17,7,0.8539,0,insufficient_funds,4,104,active,8.8,upi,regular,4.2,0,0
3277.36,4,0.8521,1,network_error,4,460,active,8.9,upi,regular,10.6,1,1
5151.08,13,0.8504,1,gateway_timeout,0,77,active,5.7,card,regular,6.9,0,1
4273.77,7,0.5559,0,card_expired,1,49,active,3.4,card,regular,8.4,0,0
6986.32,0,0.7869,0,authentication_failed,0,643,active,3.2,wallet,regular,8.3,1,1
1840.9,12,0.8074,2,insufficient_funds,3,65,active,3.3,card,enterprise,7.2,0,1
4361.5,12,0.7848,0,insufficient_funds,1,162,active,6.6,upi,regular,1.0,0,1
661.36,1,0.892,3,card_expired,3,103,active,19.9,upi,enterprise,4.0,0,1
2869.32,29,0.4811,5,insufficient_funds,2,23,active,0.8,upi,regular,5.9,1,1
7134.69,2,0.5357,2,insufficient_funds,0,65,active,8.4,netbanking,regular,4.6,1,1
6111.07,5,0.8884,0,insufficient_funds,0,248,unpaid,5.1,upi,starter,5.9,1,1
23558.01,1,0.8933,2,insufficient_funds,5,22,unpaid,1.9,card,starter,1.5,1,0
1827.9,8,0.91,1,authentication_failed,1,11,past_due,1.3,netbanking,regular,0.2,1,1
3647.66,4,0.6468,2,gateway_timeout,0,44,past_due,0.4,upi,regular,6.6,1,1
2198.88,4,0.8098,3,card_expired,2,86,active,0.7,upi,enterprise,19.5,1,1
3104.48,16,0.9377,3,authentication_failed,0,312,trialing,3.4,netbanking,vip,3.8,0,1
9922.81,0,0.7146,1,authentication_failed,1,167,trialing,0.5,card,vip,0.1,0,1
5963.37,15,0.9052,3,insufficient_funds,1,173,trialing,4.5,upi,enterprise,5.5,1,1
10904.08,8,0.6667,3,insufficient_funds,0,117,active,3.2,wallet,regular,5.7,1,0
1337.71,40,0.5991,0,insufficient_funds,1,386,trialing,2.9,upi,vip,6.5,0,1
10532.08,8,0.8427,3,gateway_timeout,3,11,trialing,1.6,upi,vip,0.0,1,1
508.11,0,0.8965,1,insufficient_funds,3,222,past_due,3.8,card,regular,2.6,0,1
11173.11,0,0.6796,3,gateway_timeout,1,799,trialing,0.4,card,regular,1.2,1,1
2195.48,20,0.5107,0,gateway_timeout,0,212,trialing,4.8,card,regular,1.5,1,1
2088.67,17,0.8845,2,network_error,0,335,active,9.0,upi,regular,1.4,0,1
3788.11,4,0.966,2,insufficient_funds,1,41,past_due,4.6,upi,regular,0.8,1,0
14324.9,9,0.1848,2,insufficient_funds,4,214,active,6.8,upi,regular,0.4,0,0
444.8,6,0.9242,0,insufficient_funds,1,95,active,0.9,upi,enterprise,1.4,0,1
2371.11,32,0.7547,1,network_error,0,308,active,1.8,wallet,enterprise,0.1,0,1
9909.61,28,0.7272,1,authentication_failed,3,50,active,8.2,card,regular,5.0,0,0
2721.36,39,0.901,1,network_error,1,215,trialing,1.3,card,starter,0.8,0,1
1310.45,19,0.8975,0,insufficient_funds,4,181,active,3.7,netbanking,vip,1.4,1,1
2965.14,22,0.7156,1,insufficient_funds,0,327,trialing,3.5,card,regular,0.5,0,1
2635.16,2,0.8454,1,authentication_failed,2,276,trialing,3.0,card,regular,4.1,0,1
12550.06,16,0.6444,4,insufficient_funds,2,339,past_due,5.0,card,enterprise,4.3,1,1
7376.04,11,0.8792,1,network_error,3,642,active,4.6,upi,regular,13.2,1,1
3717.15,31,0.5055,1,insufficient_funds,0,213,active,2.7,upi,regular,4.1,1,1
22471.08,8,0.9511,1,authentication_failed,5,128,active,5.0,netbanking,regular,1.6,0,1
3330.04,0,0.7045,3,insufficient_funds,2,173,active,3.5,wallet,vip,1.8,0,1
500.01,8,0.6878,1,insufficient_funds,0,296,active,9.6,card,regular,0.2,1,1
1720.92,11,0.417,0,gateway_timeout,2,68,past_due,4.8,card,regular,7.3,0,0
3064.13,2,0.5986,3,gateway_timeout,2,54,active,3.0,card,regular,5.2,0,1
1053.36,4,0.7607,0,card_expired,0,24,unpaid,1.6,upi,regular,1.4,1,0
14940.92,8,0.9267,1,insufficient_funds,0,129,active,3.5,wallet,enterprise,1.7,0,1
7480.34,4,0.4958,1,card_expired,0,21,active,11.3,card,regular,1.6,0,0
1761.84,4,0.9397,1,insufficient_funds,1,31,active,15.3,card,regular,10.4,0,1
4667.81,1,0.7927,1,insufficient_funds,2,531,active,1.2,wallet,regular,10.2,0,0
6590.77,26,0.7852,2,insufficient_funds,0,230,active,0.8,upi,vip,5.7,0,1
14374.78,13,0.9699,3,insufficient_funds,0,764,active,5.4,upi,regular,25.3,1,1
10869.93,0,0.839,1,insufficient_funds,0,115,active,8.6,wallet,regular,17.4,0,1
3820.01,13,0.7311,3,insufficient_funds,2,113,active,9.7,card,enterprise,14.3,0,0
7650.56,12,0.7743,0,insufficient_funds,0,485,active,2.9,upi,vip,1.6,1,1
4329.33,0,0.3202,2,card_expired,1,216,active,2.4,card,regular,7.9,0,0
4222.67,4,0.4483,1,gateway_timeout,1,209,active,3.7,card,vip,16.2,0,1
809.38,8,0.8825,1,insufficient_funds,1,205,active,2.3,upi,regular,8.6,1,1
874.16,5,0.9348,1,insufficient_funds,0,418,active,4.0,upi,regular,13.8,1,1
3970.15,14,0.7276,2,network_error,3,281,active,2.9,card,starter,4.9,0,1
1765.76,5,0.8102,1,authentication_failed,5,53,active,2.3,upi,vip,0.8,0,1
306.31,1,0.678,3,gateway_timeout,2,304,active,0.6,card,regular,10.0,0,0
6615.79,35,0.7661,3,network_error,0,196,active,5.5,wallet,starter,0.1,1,1
365.13,2,0.6629,2,gateway_timeout,0,32,canceled,2.4,upi,starter,24.1,0,0
4722.76,12,0.8805,0,insufficient_funds,0,96,past_due,3.0,wallet,regular,5.7,0,1
4073.89,1,0.605,1,insufficient_funds,0,361,past_due,0.1,card,enterprise,0.9,1,1
17539.04,3,0.6156,1,insufficient_funds,3,661,active,6.6,card,enterprise,8.2,0,1
3510.31,5,0.4273,0,insufficient_funds,0,161,canceled,1.3,card,regular,0.7,0,1
528.57,2,0.8487,1,insufficient_funds,0,313,active,4.3,wallet,regular,0.7,0,1
4211.33,5,0.4264,5,insufficient_funds,0,13,past_due,1.6,card,regular,14.0,0,1
9397.28,1,0.5728,2,gateway_timeout,2,181,canceled,4.6,card,regular,5.9,0,0
29000.63,7,0.8518,1,authentication_failed,1,176,paused,15.3,upi,vip,1.1,1,1
3013.61,10,0.5817,1,gateway_timeout,0,1339,active,10.3,wallet,enterprise,5.7,1,1
2130.51,0,0.8118,3,insufficient_funds,0,1429,canceled,1.8,upi,regular,1.6,1,1
12057.17,19,0.6564,0,insufficient_funds,1,161,past_due,0.1,upi,regular,1.7,0,1
1261.28,1,0.3236,3,network_error,0,44,active,1.0,upi,regular,3.0,0,0
4978.13,2,0.6232,1,insufficient_funds,1,179,active,1.5,card,regular,3.4,0,0
2801.98,10,0.6107,0,gateway_timeout,2,284,active,0.9,card,enterprise,6.4,1,1
409.75,6,0.9483,0,authentication_failed,3,337,active,8.7,card,regular,7.9,0,1
2333.1,6,0.7422,2,insufficient_funds,1,51,trialing,1.5,upi,regular,2.7,0,1
1740.98,1,0.6649,0,insufficient_funds,2,350,active,1.9,card,vip,1.0,1,1
5993.26,15,0.9503,2,insufficient_funds,0,760,past_due,1.2,card,regular,0.8,1,1
15059.15,9,0.8985,4,insufficient_funds,1,48,paused,2.9,upi,enterprise,10.4,0,1
1760.2,1,0.7495,2,insufficient_funds,0,163,unpaid,3.5,upi,enterprise,8.3,0,1
8542.38,4,0.388,1,gateway_timeout,5,500,active,8.8,upi,regular,7.2,0,1
484.76,15,0.9355,2,gateway_timeout,0,91,trialing,4.7,upi,regular,7.5,1,1
4062.26,7,0.6572,0,insufficient_funds,0,18,active,2.6,card,regular,3.3,1,0
565.81,1,0.9556,3,card_expired,2,910,trialing,1.6,netbanking,starter,6.4,0,0
13793.0,4,0.6382,0,card_expired,1,318,past_due,0.1,card,enterprise,7.8,0,1
7469.68,2,0.7201,1,insufficient_funds,0,41,active,3.6,card,starter,8.7,0,1
5563.99,6,0.7416,2,gateway_timeout,2,153,active,0.5,upi,regular,0.4,0,1
8883.41,17,0.7608,0,insufficient_funds,1,222,active,4.4,upi,enterprise,2.4,1,1
5413.8,5,0.9197,3,authentication_failed,2,627,past_due,9.0,card,regular,7.5,0,1
17559.88,5,0.8953,1,insufficient_funds,2,87,past_due,2.1,upi,enterprise,2.1,1,1
6458.08,22,0.619,2,authentication_failed,1,427,active,1.5,upi,vip,1.0,1,1
13128.63,8,0.517,1,authentication_failed,2,1,canceled,3.0,wallet,enterprise,4.2,0,0
3840.06,7,0.9146,1,insufficient_funds,3,524,unpaid,1.3,card,starter,0.6,0,1
822.52,2,0.9595,1,authentication_failed,1,357,past_due,0.5,netbanking,vip,5.3,0,0
3955.76,8,0.6933,0,insufficient_funds,4,712,active,6.1,netbanking,regular,0.4,1,0
878.37,8,0.2999,0,insufficient_funds,0,126,active,1.2,card,regular,0.8,0,0
4688.49,4,0.7414,2,gateway_timeout,4,856,paused,0.4,card,vip,7.3,0,1
3493.66,44,0.8862,1,network_error,0,398,active,0.9,card,starter,0.4,0,1
5071.92,20,0.6712,1,insufficient_funds,1,39,past_due,1.6,card,enterprise,4.1,0,1
250.49,13,0.4427,4,gateway_timeout,1,66,active,5.5,upi,regular,1.5,0,1
1283.57,7,0.7008,0,authentication_failed,0,408,past_due,13.1,upi,enterprise,4.2,0,1
3579.78,5,0.617,3,card_expired,0,154,active,1.4,upi,starter,1.0,1,1
15229.27,1,0.6759,0,network_error,2,358,canceled,6.0,wallet,regular,9.6,0,1
2619.37,3,0.8611,2,card_expired,0,153,active,0.6,upi,vip,1.3,0,1
2961.47,14,0.7329,4,network_error,0,245,paused,15.3,card,regular,1.9,1,1
6471.0,5,0.7976,3,insufficient_funds,2,104,past_due,0.9,netbanking,regular,21.3,1,1
4829.09,20,0.438,0,insufficient_funds,4,161,active,4.3,card,vip,0.0,0,1
1975.71,1,0.701,0,authentication_failed,1,470,active,0.1,upi,regular,5.0,1,1
2845.09,6,0.58,3,card_expired,1,173,active,6.6,card,enterprise,3.0,1,1
1427.58,9,0.7684,2,insufficient_funds,0,292,unpaid,5.5,upi,regular,2.4,1,1
17110.13,6,0.6582,4,insufficient_funds,4,58,active,1.3,netbanking,regular,0.2,1,1
899.96,20,0.2896,2,insufficient_funds,0,292,active,0.3,card,enterprise,21.3,0,1
2524.78,43,0.7662,3,card_expired,1,28,past_due,2.3,card,enterprise,3.4,0,1
330.89,1,0.8249,1,gateway_timeout,4,237,active,0.2,upi,regular,10.6,0,1
1453.73,1,0.6125,2,gateway_timeout,1,196,active,0.2,card,regular,1.0,0,1
7781.36,1,0.8496,1,insufficient_funds,0,136,past_due,7.1,card,regular,5.5,0,1
1323.07,10,0.4975,0,authentication_failed,0,439,active,3.1,upi,vip,7.4,1,1
617.25,4,0.4597,0,insufficient_funds,0,218,active,0.4,netbanking,regular,3.5,1,1
3416.58,12,0.7227,1,insufficient_funds,1,74,active,11.6,upi,regular,4.5,0,0
250.1,4,0.543,1,card_expired,1,179,active,3.8,card,regular,4.9,1,1
642.88,9,0.616,0,gateway_timeout,1,400,active,7.0,card,regular,0.5,1,1
8441.57,13,0.919,2,authentication_failed,0,490,active,4.2,netbanking,enterprise,6.3,1,1
7580.51,7,0.9695,1,card_expired,0,93,trialing,7.5,upi,vip,1.7,1,1
12533.69,7,0.7517,1,insufficient_funds,1,21,active,1.2,netbanking,regular,18.5,1,1
9838.43,0,0.9656,3,insufficient_funds,4,74,trialing,1.5,netbanking,regular,2.9,0,1
5947.04,5,0.7826,1,card_expired,0,553,active,2.3,netbanking,regular,2.1,0,1
468.76,7,0.7198,0,insufficient_funds,1,273,active,3.4,upi,starter,1.7,0,0
7835.8,5,0.7656,2,card_expired,0,820,canceled,0.7,upi,vip,4.9,0,0
9538.16,21,0.8838,2,gateway_timeout,0,11,past_due,4.1,wallet,enterprise,1.8,1,1
8224.3,22,0.7839,1,authentication_failed,0,109,active,12.3,card,regular,2.5,0,1
3751.25,16,0.7852,1,insufficient_funds,0,132,active,8.2,upi,regular,0.3,0,1
1525.7,4,0.5061,0,authentication_failed,1,101,active,1.3,upi,regular,2.8,0,1
9532.31,11,0.8581,3,insufficient_funds,1,74,past_due,2.6,upi,regular,7.3,0,1
6694.4,4,0.7541,0,network_error,5,154,active,3.2,upi,vip,2.2,0,1
19954.12,2,0.7623,2,insufficient_funds,5,284,unpaid,4.0,wallet,regular,11.6,0,1
1046.19,3,0.8483,1,authentication_failed,1,51,active,4.7,netbanking,regular,9.6,0,1
1478.75,0,0.8444,1,insufficient_funds,0,392,active,5.5,wallet,regular,10.1,1,1
1390.01,3,0.7842,1,card_expired,1,61,trialing,6.7,upi,vip,2.3,0,1
8064.08,5,0.9309,1,card_expired,3,879,active,0.4,card,regular,9.7,0,1
1234.55,29,0.6515,1,authentication_failed,1,380,active,7.7,card,starter,0.7,0,1
544.93,3,0.6227,3,insufficient_funds,1,99,active,1.3,card,enterprise,16.6,1,1
32918.36,22,0.8731,1,insufficient_funds,1,220,past_due,1.6,upi,regular,5.8,0,1
325.65,2,0.7839,1,gateway_timeout,0,121,active,1.1,card,enterprise,5.6,1,1
9216.45,2,0.6087,1,card_expired,0,1500,active,2.6,card,starter,0.4,1,1
2473.54,6,0.6414,0,insufficient_funds,0,163,canceled,1.2,card,enterprise,17.5,0,0
9413.65,10,0.3334,0,insufficient_funds,4,285,paused,4.3,upi,regular,4.9,0,0
4244.14,0,0.7592,1,insufficient_funds,0,254,active,1.7,netbanking,regular,1.4,0,0
11795.16,2,0.8364,1,gateway_timeout,0,90,past_due,4.9,upi,regular,2.6,0,1
13231.51,5,0.7399,1,insufficient_funds,3,122,active,6.7,upi,vip,8.2,0,0
245.7,3,0.79,2,gateway_timeout,4,175,active,2.7,netbanking,regular,9.8,0,1
592.04,11,0.8926,0,authentication_failed,2,72,active,4.5,card,enterprise,0.1,0,1
1640.8,6,0.7071,2,card_expired,5,56,active,9.9,netbanking,enterprise,1.6,0,1
5732.95,1,0.8796,0,authentication_failed,0,848,active,8.1,upi,starter,2.4,0,1
11158.45,21,0.8921,3,insufficient_funds,2,84,active,1.9,card,regular,1.0,0,1
3280.39,3,0.8915,0,authentication_failed,0,106,past_due,6.6,upi,enterprise,10.3,0,1
4869.39,12,0.6053,1,network_error,0,431,active,2.9,card,vip,0.7,0,1
1244.35,14,0.7966,2,gateway_timeout,0,383,active,1.3,upi,regular,0.9,0,1
8372.93,31,0.7214,1,insufficient_funds,3,43,past_due,1.9,card,regular,8.7,1,1
17306.2,6,0.6877,3,insufficient_funds,0,44,active,3.4,card,regular,7.5,0,0
1763.97,9,0.6412,2,network_error,0,47,active,3.9,upi,starter,3.8,0,1
3614.26,3,0.5273,2,gateway_timeout,2,210,paused,9.0,upi,starter,4.6,0,0
650.26,10,0.8819,2,card_expired,2,433,trialing,0.3,wallet,enterprise,3.5,0,1
4295.1,5,0.4663,1,network_error,1,334,active,1.7,card,regular,8.3,1,1
3693.65,5,0.8683,2,authentication_failed,2,123,past_due,1.1,wallet,starter,2.2,0,0
979.97,18,0.6704,1,card_expired,0,219,paused,0.4,upi,vip,14.9,0,1
3117.57,0,0.8111,2,insufficient_funds,0,305,past_due,0.7,wallet,enterprise,7.9,1,1
2233.11,20,0.6536,1,insufficient_funds,0,3,active,1.6,card,starter,1.0,0,1
3888.95,18,0.827,2,insufficient_funds,2,434,past_due,3.8,upi,starter,1.5,1,1
4605.27,6,0.5177,2,insufficient_funds,1,384,active,5.3,upi,enterprise,3.7,1,1
242.66,6,0.839,0,insufficient_funds,0,336,trialing,2.7,upi,starter,2.0,0,1
7356.58,4,0.7023,1,gateway_timeout,0,834,active,0.4,upi,regular,4.8,1,1
6441.61,48,0.954,0,authentication_failed,0,3,active,5.9,upi,starter,7.2,1,1
2480.79,1,0.6253,1,authentication_failed,1,436,active,2.9,wallet,regular,16.0,1,1
471.94,8,0.6289,0,authentication_failed,1,158,past_due,5.9,card,vip,0.4,0,1
7231.11,10,0.4311,3,insufficient_funds,0,356,active,1.2,card,regular,1.5,0,0
15724.96,25,0.7653,2,network_error,0,8,canceled,1.3,upi,vip,1.1,1,0
1573.18,14,0.7822,0,insufficient_funds,2,16,active,0.9,netbanking,regular,1.5,0,1
2154.3,9,0.5313,1,insufficient_funds,1,34,active,0.9,upi,regular,10.0,0,1
1215.56,1,0.7831,1,insufficient_funds,0,52,trialing,2.7,upi,regular,9.2,0,1
4501.16,4,0.5129,0,authentication_failed,1,39,trialing,3.1,netbanking,enterprise,1.0,0,0
1041.15,1,0.7977,2,insufficient_funds,0,104,active,0.7,wallet,regular,3.2,0,1
2401.79,20,0.5484,1,gateway_timeout,0,93,active,21.2,upi,vip,1.3,0,1
6170.33,13,0.8524,0,insufficient_funds,0,61,active,2.6,card,vip,0.8,0,1
4306.22,13,0.3904,3,network_error,0,42,canceled,1.7,netbanking,enterprise,8.1,0,1
2642.57,10,0.8287,2,gateway_timeout,1,281,active,7.6,wallet,regular,1.7,1,1
2925.79,6,0.8909,1,card_expired,1,162,canceled,6.7,wallet,regular,2.7,1,0
4328.95,1,0.6355,0,authentication_failed,2,759,canceled,1.1,upi,regular,1.3,1,0
229.41,3,0.4757,1,authentication_failed,3,435,active,7.4,upi,regular,2.2,0,1
608.82,1,0.7247,0,network_error,0,349,past_due,1.3,card,regular,1.8,0,0
10854.01,12,0.7102,0,insufficient_funds,0,23,canceled,0.3,card,regular,12.5,0,1
605.39,1,0.4393,1,authentication_failed,0,600,active,0.1,card,vip,3.0,1,1
6334.56,11,0.4325,1,insufficient_funds,1,905,active,2.9,card,regular,2.5,1,1
12831.03,11,0.7629,0,network_error,0,19,active,1.7,card,regular,7.1,1,1
1778.24,5,0.9334,0,authentication_failed,1,456,active,5.8,upi,regular,4.1,0,1
2514.08,1,0.3836,0,insufficient_funds,0,137,active,3.1,upi,regular,2.2,0,1
4407.32,3,0.5675,4,insufficient_funds,2,96,past_due,6.0,upi,regular,11.9,1,1
10873.04,3,0.796,1,card_expired,2,283,active,4.6,wallet,enterprise,0.9,0,1
14428.43,11,0.5738,1,insufficient_funds,0,95,active,17.0,netbanking,enterprise,2.1,0,1
6926.98,1,0.903,1,insufficient_funds,0,30,active,2.6,card,enterprise,5.5,0,0
653.02,16,0.7716,0,authentication_failed,0,300,active,1.7,netbanking,regular,5.5,0,1
5730.51,13,0.9379,1,network_error,1,267,active,0.8,card,regular,14.1,1,0
2840.74,1,0.6811,0,insufficient_funds,2,389,past_due,4.3,netbanking,regular,2.6,0,0
3381.01,12,0.6161,1,gateway_timeout,2,206,active,3.1,card,vip,3.1,1,1
451.99,10,0.7502,3,insufficient_funds,1,401,canceled,4.9,card,regular,0.6,0,0
1260.17,13,0.6683,0,insufficient_funds,2,2,past_due,6.1,card,regular,0.2,0,0
8015.48,1,0.5844,0,gateway_timeout,1,367,paused,4.2,card,regular,1.8,0,1
3225.3,1,0.5078,1,authentication_failed,1,144,canceled,6.8,card,enterprise,0.1,0,1
1995.26,2,0.4428,0,authentication_failed,2,213,active,1.0,upi,vip,1.4,0,1
2622.7,4,0.6974,2,gateway_timeout,1,551,trialing,9.2,upi,starter,1.6,0,1
9834.44,14,0.7391,2,gateway_timeout,1,374,active,1.1,wallet,starter,3.5,0,0
7111.49,12,0.7202,3,gateway_timeout,1,264,unpaid,1.6,netbanking,regular,1.2,0,1
1789.44,24,0.9496,2,insufficient_funds,3,40,past_due,0.5,upi,vip,4.1,1,1
824.99,0,0.7169,2,authentication_failed,1,73,active,0.8,wallet,enterprise,1.5,0,1
1651.75,0,0.4966,3,card_expired,0,108,active,4.9,upi,vip,3.6,1,1
12876.15,11,0.423,1,card_expired,3,679,past_due,0.6,card,regular,4.5,1,0
4556.45,3,0.6421,0,insufficient_funds,0,372,past_due,17.5,upi,regular,4.1,0,1
4012.27,3,0.7178,2,insufficient_funds,0,174,active,11.5,card,starter,4.4,1,1
4736.58,7,0.8595,2,insufficient_funds,0,356,active,0.3,card,starter,5.9,1,0
2478.75,1,0.7178,4,card_expired,0,77,trialing,6.2,wallet,regular,0.9,0,1
8428.1,9,0.8418,4,insufficient_funds,1,41,active,1.9,netbanking,regular,1.5,1,1
3904.2,3,0.5537,2,insufficient_funds,3,221,active,6.6,upi,vip,5.6,0,0
820.72,9,0.571,1,card_expired,0,139,active,0.3,upi,enterprise,5.7,0,1
890.94,17,0.9623,4,gateway_timeout,0,154,active,3.9,card,starter,1.8,0,1
4048.62,1,0.959,2,insufficient_funds,0,47,past_due,5.1,card,enterprise,3.8,1,1
13989.11,25,0.8395,3,gateway_timeout,0,114,active,7.5,netbanking,starter,2.4,1,1
2043.39,7,0.835,2,insufficient_funds,3,922,active,8.8,upi,enterprise,7.3,0,1
10383.49,24,0.8504,2,network_error,1,21,active,0.1,upi,regular,4.0,1,1
7421.64,2,0.8691,3,network_error,0,1033,active,5.5,upi,regular,3.0,1,1
1623.85,8,0.8381,3,network_error,0,234,active,0.6,upi,regular,7.8,1,1
385.09,4,0.952,1,authentication_failed,1,134,active,3.1,upi,regular,4.4,1,1
737.08,14,0.7812,3,insufficient_funds,0,1,canceled,1.9,upi,enterprise,1.3,0,1
6718.85,8,0.9506,2,authentication_failed,1,144,active,1.0,upi,vip,1.0,0,1
1313.65,6,0.9506,1,insufficient_funds,3,149,unpaid,1.4,card,enterprise,2.7,1,1
2520.27,23,0.6269,3,insufficient_funds,3,68,canceled,1.2,upi,vip,1.7,0,1
3682.76,4,0.8791,2,insufficient_funds,0,488,active,1.0,card,vip,0.3,1,1
6663.44,2,0.507,1,card_expired,2,118,past_due,4.2,upi,enterprise,10.6,1,1
800.86,8,0.6155,2,card_expired,1,30,active,1.7,wallet,regular,0.0,1,0
2807.46,9,0.8074,2,insufficient_funds,1,463,active,9.0,upi,starter,2.0,0,1
3518.65,5,0.7304,1,network_error,1,268,past_due,3.1,upi,regular,1.4,1,1
4091.64,6,0.768,2,insufficient_funds,1,14,past_due,2.9,upi,regular,4.7,0,0
8728.66,30,0.7651,0,card_expired,2,20,past_due,10.3,wallet,enterprise,11.2,1,1
1141.77,12,0.8545,2,authentication_failed,0,921,active,8.4,upi,vip,4.0,1,1
8446.91,1,0.9732,1,authentication_failed,2,506,active,0.1,upi,starter,3.0,0,1
6102.56,2,0.8888,1,network_error,3,535,active,3.8,card,regular,14.6,1,1
4258.2,35,0.6991,0,authentication_failed,0,26,unpaid,3.7,card,regular,0.8,1,1
6212.0,12,0.8825,2,card_expired,1,33,trialing,10.3,card,enterprise,8.3,1,1
2855.29,23,0.5358,1,insufficient_funds,0,1090,active,5.0,upi,enterprise,1.0,0,1
944.81,3,0.9239,1,insufficient_funds,1,1193,past_due,2.4,card,regular,3.0,0,1
5679.56,12,0.9451,0,insufficient_funds,1,158,canceled,0.2,upi,enterprise,7.3,1,1
3918.75,11,0.5745,2,network_error,2,329,trialing,0.4,card,regular,1.5,0,1
5299.58,3,0.8237,3,authentication_failed,0,334,active,2.5,wallet,regular,5.4,1,1
2262.44,7,0.7665,2,card_expired,3,1153,canceled,16.4,upi,enterprise,3.7,0,0
12068.61,9,0.7823,0,gateway_timeout,0,379,paused,19.0,upi,enterprise,2.6,0,1
4626.02,6,0.6772,4,insufficient_funds,1,97,trialing,2.6,upi,regular,2.0,0,0
646.36,16,0.8643,0,insufficient_funds,0,269,active,8.6,upi,vip,13.8,1,1
3187.4,16,0.845,1,authentication_failed,0,166,past_due,1.0,card,enterprise,6.5,0,1
7260.24,18,0.6788,1,network_error,1,146,active,1.5,upi,vip,0.1,0,1
8102.66,15,0.4226,2,insufficient_funds,1,162,active,1.9,upi,vip,1.8,1,1
3612.0,6,0.7699,1,authentication_failed,1,578,active,4.8,upi,regular,1.2,1,1
11456.97,4,0.6414,2,gateway_timeout,1,104,active,7.0,upi,regular,2.7,1,1
1757.61,16,0.7798,1,insufficient_funds,1,271,active,2.0,upi,enterprise,2.4,0,1
2843.24,6,0.9546,3,insufficient_funds,0,900,active,2.5,card,regular,1.8,0,1
11643.26,2,0.8228,1,authentication_failed,0,101,past_due,0.3,netbanking,regular,1.7,1,1
11529.18,6,0.643,1,insufficient_funds,0,300,canceled,1.3,card,vip,14.4,1,0
5987.24,1,0.9668,0,gateway_timeout,1,38,active,6.5,netbanking,regular,11.8,1,1
9994.29,11,0.837,4,gateway_timeout,0,488,active,0.2,upi,regular,5.4,1,1
664.82,3,0.8175,0,authentication_failed,1,448,active,5.6,card,regular,3.2,1,1
10212.22,2,0.7222,2,insufficient_funds,2,59,past_due,2.8,upi,regular,1.6,1,1
2132.87,29,0.6125,1,insufficient_funds,1,26,active,1.3,upi,vip,3.1,0,1
1182.09,14,0.6397,1,gateway_timeout,1,34,active,2.5,card,regular,0.7,1,1
1568.04,14,0.6366,1,authentication_failed,4,567,active,2.4,upi,regular,1.6,0,1
2906.15,9,0.8667,0,authentication_failed,0,166,active,14.9,upi,enterprise,7.9,1,1
1646.36,17,0.6947,1,network_error,0,346,past_due,4.9,card,vip,5.5,1,1
2132.49,13,0.6266,0,authentication_failed,3,167,active,2.1,card,regular,5.1,1,1
925.0,8,0.6477,3,insufficient_funds,0,515,active,10.9,card,regular,10.1,0,1
1956.14,30,0.7212,2,insufficient_funds,1,157,trialing,10.1,upi,vip,7.5,0,1
4446.48,2,0.7469,2,authentication_failed,4,506,past_due,2.9,card,vip,0.3,0,1
3115.67,27,0.8256,0,gateway_timeout,2,79,active,11.2,netbanking,enterprise,17.3,1,1
2328.74,4,0.6419,1,insufficient_funds,2,17,past_due,3.8,card,regular,6.3,1,1
7061.01,7,0.686,2,card_expired,1,85,unpaid,5.2,card,regular,10.2,0,0
11398.52,1,0.6858,2,authentication_failed,1,240,active,2.5,wallet,starter,1.1,1,1
7269.13,7,0.5807,2,authentication_failed,0,498,active,3.9,card,starter,8.7,0,0
2217.34,8,0.723,2,gateway_timeout,1,80,active,2.0,upi,starter,0.5,1,1
7021.53,57,0.8499,0,insufficient_funds,2,21,trialing,0.7,upi,starter,0.6,0,1
1024.26,35,0.5968,3,card_expired,1,142,trialing,1.8,card,vip,1.2,0,1
898.14,32,0.5951,2,insufficient_funds,3,667,canceled,2.0,card,regular,3.4,1,1
2320.39,4,0.8925,2,insufficient_funds,0,143,past_due,6.0,upi,enterprise,11.0,0,0
8443.55,44,0.692,3,insufficient_funds,0,97,paused,2.1,wallet,enterprise,1.3,0,1
1614.12,5,0.5668,1,authentication_failed,0,296,paused,2.6,upi,vip,0.1,1,1
526.71,18,0.742,1,insufficient_funds,3,135,active,5.7,upi,regular,1.0,0,1
906.14,2,0.7839,3,insufficient_funds,0,301,past_due,3.1,upi,starter,4.9,0,1
9985.94,6,0.8746,3,insufficient_funds,0,32,active,1.7,netbanking,regular,3.4,1,1
5222.65,32,0.65,2,insufficient_funds,2,153,active,0.1,upi,regular,5.9,0,0
1659.8,27,0.8748,0,insufficient_funds,1,22,active,5.5,upi,regular,0.1,0,1
4251.73,10,0.8698,0,insufficient_funds,0,299,trialing,10.2,upi,enterprise,0.7,0,1
3949.43,15,0.8813,0,insufficient_funds,2,357,active,0.1,card,regular,0.5,1,1
5527.38,1,0.3944,1,insufficient_funds,0,39,active,4.4,upi,regular,5.4,0,1
1527.57,12,0.8731,1,network_error,0,17,active,2.9,netbanking,regular,6.2,0,1
10190.34,9,0.5781,2,insufficient_funds,0,132,active,7.1,upi,regular,2.9,1,1
2050.74,0,0.5329,1,network_error,0,450,active,0.7,upi,regular,3.4,0,1
6123.0,1,0.8599,2,insufficient_funds,2,65,active,1.7,card,enterprise,1.1,1,1
281.28,1,0.6922,1,gateway_timeout,0,215,active,0.4,card,regular,0.7,0,1
2531.31,12,0.4631,2,gateway_timeout,0,52,active,1.3,wallet,vip,3.7,0,1
2367.08,1,0.8129,1,insufficient_funds,2,265,active,2.6,wallet,regular,0.9,0,1
4120.66,5,0.9305,1,authentication_failed,1,54,past_due,10.0,upi,vip,6.3,0,1
577.59,4,0.6968,2,insufficient_funds,3,112,active,0.9,card,vip,3.9,0,1
8006.37,7,0.8137,1,insufficient_funds,0,322,active,4.7,card,regular,5.9,1,1
1428.1,11,0.4767,3,insufficient_funds,0,259,active,4.9,card,starter,2.5,1,1
5851.1,10,0.7856,0,authentication_failed,3,144,active,0.5,upi,regular,0.0,1,1
8328.14,6,0.5426,3,gateway_timeout,4,109,active,14.8,upi,enterprise,2.3,1,1
4326.28,5,0.7775,0,network_error,0,554,canceled,0.8,card,enterprise,3.5,0,1
6952.38,4,0.8303,2,insufficient_funds,0,40,active,0.2,card,regular,4.5,1,1
5621.48,18,0.8389,2,gateway_timeout,0,162,past_due,13.7,card,regular,2.4,0,1
2396.63,3,0.8287,1,insufficient_funds,0,172,active,1.9,upi,regular,1.4,0,1
8473.71,2,0.5556,0,card_expired,1,102,trialing,1.4,card,enterprise,0.5,1,1
1945.67,12,0.6273,0,authentication_failed,0,497,unpaid,1.4,card,regular,1.3,0,0
4433.97,4,0.5744,1,network_error,0,3,trialing,0.1,upi,regular,0.5,0,1
7040.26,17,0.5768,0,insufficient_funds,0,459,canceled,4.5,upi,enterprise,2.7,0,1
2581.77,3,0.7994,4,authentication_failed,0,71,past_due,5.7,upi,regular,6.2,0,1
2003.18,11,0.8675,0,authentication_failed,0,4,active,2.4,upi,vip,4.0,1,1
3274.88,0,0.8359,3,gateway_timeout,1,183,active,1.0,upi,regular,3.1,0,1
8717.74,4,0.3378,1,network_error,0,79,canceled,2.4,upi,enterprise,1.1,1,0
13490.71,3,0.5802,1,insufficient_funds,1,148,active,11.4,card,vip,10.0,0,1
4138.21,16,0.9382,2,gateway_timeout,1,94,active,0.7,card,regular,4.3,1,1
5615.66,32,0.7623,1,insufficient_funds,0,92,active,0.3,card,regular,4.6,0,1
11879.35,5,0.7833,0,insufficient_funds,0,344,canceled,1.8,card,enterprise,4.5,0,0
718.74,16,0.64,0,card_expired,1,421,active,9.5,card,regular,1.9,1,1
1520.34,11,0.7993,3,authentication_failed,1,330,active,1.9,card,regular,1.1,1,1
6370.44,32,0.8919,1,card_expired,2,189,active,5.1,card,enterprise,5.7,0,1
8879.1,15,0.949,1,authentication_failed,1,248,unpaid,0.2,netbanking,regular,3.4,0,1
9925.57,0,0.9243,3,network_error,1,921,active,1.7,upi,regular,2.5,1,1
2881.63,11,0.7933,3,gateway_timeout,0,86,active,3.5,card,enterprise,6.9,1,1
667.93,7,0.8963,0,gateway_timeout,0,24,active,2.9,card,regular,0.7,0,1
3079.32,0,0.8008,2,gateway_timeout,1,333,active,3.2,netbanking,enterprise,2.1,0,1
1511.6,2,0.4963,1,authentication_failed,0,101,unpaid,2.2,card,enterprise,0.6,0,1
1920.88,24,0.8012,1,card_expired,2,106,past_due,3.8,upi,regular,0.3,0,1
7597.92,24,0.2503,2,authentication_failed,4,711,past_due,7.0,netbanking,starter,25.1,1,0
592.66,15,0.4786,2,insufficient_funds,4,80,trialing,0.3,wallet,regular,3.1,1,0
8989.14,38,0.6521,0,gateway_timeout,2,7,past_due,2.0,card,regular,6.0,0,0
2990.19,15,0.8957,1,gateway_timeout,2,22,active,5.1,upi,regular,2.3,0,1
4732.49,0,0.7286,3,insufficient_funds,0,384,canceled,6.3,card,enterprise,5.0,0,0
669.64,3,0.6603,1,insufficient_funds,0,437,active,3.9,upi,regular,4.7,0,1
2257.61,0,0.7571,2,insufficient_funds,2,148,trialing,2.0,card,enterprise,28.8,1,0
669.91,0,0.9063,2,authentication_failed,0,62,active,1.2,netbanking,enterprise,0.0,0,1
16491.17,2,0.5641,0,authentication_failed,0,351,active,2.7,netbanking,regular,5.6,1,1
8432.11,6,0.7963,1,insufficient_funds,1,41,active,1.7,upi,regular,3.3,1,1
3277.53,17,0.7947,1,insufficient_funds,1,37,active,4.5,upi,regular,7.6,0,1
1465.45,18,0.734,1,insufficient_funds,1,22,active,5.0,upi,regular,4.4,0,1
13749.39,9,0.5355,2,insufficient_funds,0,20,active,3.0,netbanking,starter,2.1,0,1
2312.52,24,0.7706,2,insufficient_funds,0,152,canceled,6.6,card,regular,0.5,1,1
1077.63,6,0.4426,3,authentication_failed,2,60,active,0.5,card,enterprise,1.3,1,1
4340.99,20,0.7721,1,insufficient_funds,2,78,active,8.7,card,regular,2.7,1,0
14591.89,5,0.8346,0,network_error,1,192,trialing,0.5,upi,regular,1.6,0,1
219.19,3,0.6734,3,authentication_failed,3,150,past_due,4.6,card,enterprise,0.8,0,1
1559.86,23,0.8355,3,gateway_timeout,0,83,past_due,2.0,netbanking,vip,0.3,1,1
14139.34,4,0.8283,2,insufficient_funds,0,890,active,2.4,card,enterprise,2.3,0,1
1138.19,6,0.6824,2,network_error,0,40,active,10.3,card,regular,8.4,0,1
800.92,3,0.7949,3,gateway_timeout,0,241,active,3.0,upi,vip,2.4,1,1
4422.03,10,0.733,1,insufficient_funds,1,607,active,0.7,upi,regular,1.3,0,1
10096.85,50,0.5519,2,insufficient_funds,1,9,trialing,4.9,upi,regular,4.0,1,1
3441.92,0,0.5929,2,authentication_failed,1,255,active,8.4,card,regular,12.9,1,0
26273.8,21,0.5763,3,authentication_failed,3,475,trialing,10.4,card,vip,5.8,0,1
5884.25,0,0.5128,0,authentication_failed,1,11,active,2.1,card,starter,4.8,0,1
584.81,4,0.8616,1,network_error,1,314,active,6.7,card,regular,3.4,1,1
24890.73,1,0.285,0,gateway_timeout,1,383,active,5.2,wallet,regular,0.4,0,1
2820.35,13,0.6064,2,authentication_failed,0,18,active,9.1,card,starter,11.8,1,1
1894.19,0,0.5123,0,gateway_timeout,0,13,active,5.4,card,regular,0.8,1,1
4280.86,7,0.9795,2,insufficient_funds,2,166,active,7.5,netbanking,enterprise,1.1,1,1
2014.24,3,0.9023,2,gateway_timeout,0,309,active,2.2,upi,regular,1.1,1,1
652.13,1,0.7421,3,card_expired,2,127,past_due,2.7,wallet,regular,5.1,1,1
207.15,14,0.4601,1,network_error,1,433,canceled,0.9,card,regular,0.7,1,1
3185.4,2,0.7201,3,insufficient_funds,2,442,active,4.2,card,enterprise,1.8,0,1
9265.84,2,0.8265,4,insufficient_funds,0,44,trialing,0.5,upi,regular,1.0,0,1
4446.84,3,0.7175,1,insufficient_funds,2,19,active,1.3,card,regular,9.8,1,1
35900.32,8,0.6504,2,gateway_timeout,2,94,active,5.0,upi,regular,0.2,0,1
1890.29,10,0.3666,1,insufficient_funds,0,55,trialing,9.4,upi,regular,0.8,1,1
1845.68,0,0.7242,2,authentication_failed,2,404,canceled,6.5,card,enterprise,0.0,1,1
1070.28,2,0.6352,1,gateway_timeout,1,191,active,3.4,upi,regular,4.5,1,1
1096.01,5,0.6985,2,card_expired,0,270,active,10.8,card,starter,2.2,0,1
1878.67,3,0.8505,1,authentication_failed,1,355,active,4.0,card,enterprise,7.9,1,1
8071.32,20,0.6426,2,authentication_failed,0,502,unpaid,1.0,netbanking,enterprise,0.8,0,0
12009.38,14,0.7533,0,insufficient_funds,4,214,active,2.3,card,regular,5.2,1,1
18661.86,9,0.5227,2,gateway_timeout,4,229,active,8.1,card,regular,5.5,0,1
1521.71,3,0.8669,2,gateway_timeout,0,282,active,10.4,netbanking,starter,0.8,1,1
10855.68,11,0.6665,0,insufficient_funds,0,246,active,9.7,upi,regular,1.3,0,1
2189.38,17,0.9054,1,gateway_timeout,1,568,past_due,0.2,card,enterprise,0.5,0,1
798.65,8,0.4006,1,insufficient_funds,1,20,active,4.1,upi,regular,3.0,1,1
10402.06,14,0.6881,2,gateway_timeout,1,86,active,2.8,netbanking,regular,8.1,1,1
5254.46,13,0.5497,2,insufficient_funds,2,7,past_due,2.4,netbanking,regular,0.1,1,1
1100.01,8,0.3481,2,network_error,0,509,active,0.3,card,enterprise,2.9,0,1
3009.11,3,0.8656,0,insufficient_funds,0,171,paused,1.9,card,starter,11.5,0,1
1893.18,12,0.6526,0,authentication_failed,1,440,active,2.5,upi,enterprise,9.2,0,1
6874.1,2,0.8339,2,insufficient_funds,0,220,past_due,1.4,card,regular,0.1,0,0
3220.34,14,0.6469,1,card_expired,2,30,active,6.0,card,vip,7.0,1,1
22878.2,15,0.9787,1,network_error,2,21,active,0.9,card,regular,1.1,1,1
481.5,16,0.6052,2,insufficient_funds,1,11,active,1.9,card,enterprise,1.2,1,1
2392.64,6,0.8789,0,insufficient_funds,0,84,active,2.9,upi,regular,4.3,0,1
3487.94,2,0.9187,0,authentication_failed,1,645,active,3.1,upi,enterprise,5.3,1,1
3697.17,0,0.7895,1,network_error,0,347,trialing,0.7,netbanking,enterprise,3.8,1,1
2098.52,12,0.3934,2,gateway_timeout,1,93,active,0.3,netbanking,regular,13.2,1,1
6732.62,20,0.9072,3,network_error,0,111,past_due,8.4,card,vip,4.4,0,1
10587.1,9,0.809,1,card_expired,0,216,active,0.5,wallet,regular,5.0,1,1
14161.45,1,0.681,2,gateway_timeout,0,523,active,4.1,card,vip,5.9,0,1
8376.17,25,0.9614,0,insufficient_funds,1,361,active,5.1,upi,vip,2.7,0,1
9704.98,42,0.617,2,card_expired,0,539,trialing,6.2,upi,enterprise,2.8,0,1
4198.6,5,0.7751,1,authentication_failed,0,4,active,0.4,upi,regular,7.2,0,1
8940.29,8,0.8065,1,authentication_failed,1,942,active,1.4,card,regular,5.7,0,1
2008.47,14,0.7852,0,authentication_failed,2,70,active,0.9,card,enterprise,5.3,0,1
2741.47,12,0.9754,2,network_error,0,99,active,0.2,card,starter,1.7,1,1
2105.67,32,0.6793,0,insufficient_funds,3,259,active,3.9,netbanking,starter,2.0,0,0
3349.8,1,0.6673,0,gateway_timeout,4,428,past_due,0.7,netbanking,regular,0.6,1,1
1881.42,8,0.817,1,gateway_timeout,2,105,active,0.8,card,regular,6.0,0,1
16499.98,11,0.6711,2,insufficient_funds,2,296,active,2.3,netbanking,enterprise,2.9,0,1
2075.97,20,0.6308,1,network_error,1,647,past_due,0.5,wallet,regular,2.2,1,1
715.95,19,0.815,1,authentication_failed,1,195,canceled,4.0,upi,regular,1.4,0,0
3941.37,36,0.8677,0,gateway_timeout,0,201,past_due,6.1,upi,regular,0.9,0,1
493.97,6,0.4718,2,insufficient_funds,1,305,past_due,3.7,card,regular,6.2,1,1
785.72,16,0.6414,6,insufficient_funds,1,35,canceled,2.2,upi,enterprise,3.5,1,0
1438.39,5,0.9292,4,authentication_failed,1,312,unpaid,7.1,card,starter,6.9,0,0
3321.37,5,0.7983,0,card_expired,0,44,active,6.7,upi,vip,4.5,1,1
3039.19,2,0.6278,2,authentication_failed,0,811,active,9.6,upi,regular,10.6,1,1
8239.49,16,0.7844,2,gateway_timeout,4,50,active,9.4,card,enterprise,9.8,1,1
6925.28,40,0.7658,2,insufficient_funds,3,153,active,6.6,card,starter,4.4,0,0
2978.4,2,0.606,0,insufficient_funds,1,396,past_due,3.3,card,regular,12.7,1,1
2230.11,0,0.5898,1,authentication_failed,1,96,paused,0.1,card,regular,14.7,0,1
2102.41,16,0.7271,1,insufficient_funds,2,186,active,5.2,upi,enterprise,0.7,1,1
7635.99,9,0.9169,3,insufficient_funds,0,18,active,2.6,upi,starter,18.0,0,1
467.39,30,0.8412,1,insufficient_funds,1,334,active,0.4,upi,regular,7.3,0,1
264.52,2,0.8969,1,gateway_timeout,3,28,active,5.2,card,regular,4.9,1,1
8137.02,0,0.7488,2,authentication_failed,0,326,active,2.1,upi,enterprise,13.3,1,1
3442.27,6,0.5723,3,insufficient_funds,2,33,active,1.8,upi,regular,7.9,1,0
901.38,0,0.6522,2,authentication_failed,5,36,past_due,6.6,upi,regular,9.6,1,0
1543.1,2,0.9315,2,authentication_failed,0,325,active,1.4,upi,regular,1.0,0,1
13678.43,1,0.883,1,insufficient_funds,0,99,active,1.3,netbanking,vip,2.7,0,1
10012.84,2,0.7699,2,insufficient_funds,1,87,active,1.1,card,regular,2.3,0,0
6385.67,1,0.5191,2,card_expired,1,87,active,1.2,upi,regular,1.5,0,1
3491.07,29,0.5413,0,insufficient_funds,0,222,active,3.3,card,regular,1.4,1,1
3873.22,3,0.8259,2,network_error,1,177,active,6.7,card,regular,0.9,0,1
18693.55,5,0.4548,2,insufficient_funds,3,21,active,12.9,card,regular,4.6,0,0
17073.33,21,0.6994,0,insufficient_funds,1,263,active,0.1,upi,starter,5.4,1,1
1412.07,10,0.2687,3,insufficient_funds,4,352,active,1.0,wallet,regular,17.9,0,1
8532.81,9,0.9361,1,network_error,1,43,active,2.5,upi,regular,28.6,0,1
1298.51,11,0.7617,1,card_expired,0,66,past_due,18.0,card,enterprise,3.6,1,1
1401.05,16,0.8795,1,gateway_timeout,2,396,unpaid,8.0,upi,regular,5.9,0,1
5836.49,19,0.5415,2,gateway_timeout,0,160,active,1.5,card,regular,3.6,1,1
2795.98,9,0.7114,1,authentication_failed,1,99,active,1.7,upi,starter,0.6,0,1
13607.85,20,0.5661,1,network_error,0,99,past_due,0.1,card,regular,8.6,1,1
666.12,7,0.4081,1,insufficient_funds,1,865,active,5.2,upi,regular,2.5,1,1
3782.34,3,0.3994,0,authentication_failed,0,133,past_due,5.9,card,starter,2.3,0,1
12737.08,20,0.8323,0,card_expired,1,324,active,1.1,upi,regular,5.2,0,1
11922.96,7,0.8191,3,authentication_failed,0,68,active,7.0,card,regular,6.3,1,1
1051.15,22,0.8958,1,card_expired,0,161,paused,2.9,card,regular,6.1,0,1
2483.56,0,0.2236,1,insufficient_funds,0,648,active,2.5,card,regular,5.0,1,0
5026.37,4,0.6825,1,insufficient_funds,0,19,past_due,2.2,netbanking,regular,6.1,0,0
1068.17,28,0.7988,1,authentication_failed,2,24,active,3.6,card,regular,4.0,1,1
17413.56,2,0.9035,4,gateway_timeout,4,275,canceled,3.3,upi,regular,2.0,0,0
12510.8,26,0.8299,1,authentication_failed,1,15,trialing,5.1,netbanking,regular,2.5,0,0
1113.31,29,0.6424,2,insufficient_funds,2,153,trialing,2.6,wallet,regular,15.6,0,0
845.74,20,0.8565,2,gateway_timeout,3,150,trialing,1.1,upi,enterprise,2.0,0,1
646.39,7,0.6691,1,network_error,0,67,active,0.6,card,regular,8.7,1,0
12208.92,9,0.6269,1,authentication_failed,0,213,active,0.9,wallet,enterprise,4.8,1,1
1276.02,19,0.5747,3,insufficient_funds,0,239,past_due,1.7,upi,regular,0.7,0,1
2891.71,14,0.3304,1,authentication_failed,3,23,active,11.2,wallet,regular,0.3,1,1
3178.75,9,0.707,1,gateway_timeout,0,269,active,4.8,card,regular,13.1,1,1
4769.11,38,0.5914,2,insufficient_funds,1,498,past_due,2.2,upi,enterprise,3.5,1,1
572.19,10,0.7703,0,insufficient_funds,4,127,active,0.7,card,regular,0.5,0,0
1485.82,35,0.7512,2,gateway_timeout,1,3,trialing,5.3,upi,enterprise,2.9,0,1
13603.91,0,0.443,0,insufficient_funds,0,179,active,2.2,upi,enterprise,10.9,1,1
12152.17,1,0.7794,0,insufficient_funds,3,6,unpaid,5.9,card,regular,6.0,1,0
7800.06,5,0.9417,1,gateway_timeout,0,596,unpaid,6.9,netbanking,vip,0.0,1,1
297.96,4,0.8408,1,insufficient_funds,2,148,trialing,3.5,netbanking,regular,4.1,1,1
2180.1,14,0.5372,4,insufficient_funds,1,5,active,6.7,card,regular,0.9,0,1
5143.75,1,0.8463,0,gateway_timeout,2,162,past_due,3.5,netbanking,regular,1.9,1,1
1809.23,35,0.6799,1,insufficient_funds,1,215,active,2.8,upi,regular,0.2,0,1
12216.82,3,0.681,2,insufficient_funds,2,593,active,5.8,upi,regular,0.1,0,0
5224.1,5,0.6515,3,authentication_failed,1,64,active,2.2,card,enterprise,1.2,1,1
573.12,3,0.5746,1,network_error,0,213,past_due,3.9,wallet,enterprise,6.5,1,1
12184.79,8,0.6648,0,authentication_failed,0,191,active,1.9,upi,regular,4.2,1,1
16022.73,0,0.5623,3,insufficient_funds,0,29,trialing,11.1,upi,starter,0.6,0,1
604.49,1,0.9258,4,authentication_failed,0,816,past_due,4.9,netbanking,regular,3.3,0,1
4000.29,12,0.6336,0,authentication_failed,0,92,active,8.2,card,regular,0.5,1,1
2007.46,1,0.8787,0,network_error,1,322,active,3.0,upi,regular,3.5,1,1
2694.81,2,0.8001,2,network_error,0,385,trialing,8.7,upi,regular,8.0,1,1
1190.13,14,0.7991,1,insufficient_funds,1,293,active,3.2,card,enterprise,3.5,1,1
4514.6,0,0.5955,2,gateway_timeout,1,32,active,5.6,card,regular,1.1,1,1
16047.97,5,0.7169,0,card_expired,2,119,past_due,5.5,card,regular,3.0,0,0
3696.56,0,0.9409,6,authentication_failed,0,442,active,0.4,upi,regular,3.2,0,1
632.77,4,0.7272,1,card_expired,0,433,active,1.8,card,starter,5.5,0,0
5037.94,11,0.6738,0,authentication_failed,1,71,trialing,18.3,wallet,enterprise,2.3,0,1
2279.27,0,0.6761,3,authentication_failed,1,194,active,1.0,wallet,enterprise,5.8,0,1
9887.11,20,0.894,4,insufficient_funds,0,430,active,1.8,upi,regular,2.7,0,1
3051.8,22,0.643,2,insufficient_funds,0,238,canceled,15.2,upi,regular,5.6,1,1
1271.16,1,0.9052,1,insufficient_funds,1,60,trialing,1.6,netbanking,regular,4.5,0,1
1260.43,44,0.5269,2,gateway_timeout,1,401,trialing,7.0,upi,regular,3.8,0,1
7521.59,3,0.7532,0,insufficient_funds,1,446,active,2.3,card,enterprise,2.5,1,1
1743.42,0,0.7865,2,card_expired,5,629,active,10.9,netbanking,enterprise,11.0,1,1
7488.6,0,0.7006,3,insufficient_funds,1,454,active,3.7,card,vip,2.4,1,1
1352.65,4,0.6992,3,insufficient_funds,2,252,active,14.3,card,starter,3.9,1,0
2140.73,9,0.8125,2,insufficient_funds,1,157,active,0.5,netbanking,enterprise,0.1,1,1
3332.0,3,0.4099,2,network_error,1,1500,active,1.3,card,enterprise,9.1,0,1
14540.73,17,0.7466,2,network_error,2,1000,active,3.6,card,regular,0.7,0,1
13621.53,11,0.3771,1,gateway_timeout,1,163,active,0.5,netbanking,regular,6.9,1,1
1358.85,4,0.7492,1,insufficient_funds,0,355,paused,5.4,upi,starter,18.8,1,0
2417.54,12,0.7553,2,authentication_failed,2,103,active,10.8,card,regular,1.6,1,1
1009.06,26,0.7108,1,network_error,3,54,active,4.1,card,regular,17.8,0,1
3766.6,0,0.8201,2,gateway_timeout,2,600,canceled,4.8,card,regular,0.1,1,1
3286.33,3,0.819,0,gateway_timeout,0,11,unpaid,0.7,wallet,regular,9.4,1,1
11751.08,5,0.3781,3,network_error,3,340,canceled,4.1,netbanking,enterprise,1.1,1,1
13496.68,6,0.4042,4,gateway_timeout,0,464,canceled,2.3,card,starter,11.9,0,0
2619.03,7,0.7651,2,insufficient_funds,0,321,active,5.6,upi,regular,4.4,0,1
3583.79,3,0.7912,0,authentication_failed,0,535,canceled,1.5,upi,regular,7.9,1,1
11528.19,10,0.423,3,insufficient_funds,0,81,active,4.4,upi,regular,0.7,0,1
8417.76,9,0.6516,0,authentication_failed,0,385,active,0.3,card,regular,2.9,0,1
218.32,8,0.431,1,network_error,2,314,active,1.5,card,enterprise,1.0,0,1
2128.75,1,0.812,2,authentication_failed,0,1060,trialing,3.7,upi,regular,2.2,1,1
2938.95,6,0.8082,1,authentication_failed,1,610,active,3.4,card,regular,7.2,1,1
1504.98,4,0.7339,2,insufficient_funds,1,17,active,3.5,upi,regular,1.6,0,1
1313.04,6,0.3826,2,insufficient_funds,0,36,active,2.5,card,regular,6.2,0,1
392.58,24,0.8587,1,insufficient_funds,0,1500,past_due,3.7,upi,regular,4.0,1,1
5355.28,6,0.7247,3,gateway_timeout,1,239,past_due,1.3,card,regular,4.1,1,1
1722.52,0,0.6369,1,authentication_failed,0,25,active,2.4,card,enterprise,0.1,1,1
468.84,5,0.4608,4,authentication_failed,0,100,active,0.7,card,enterprise,1.1,0,1
1513.19,16,0.9666,1,network_error,2,121,active,1.8,netbanking,starter,11.3,1,1
8295.27,14,0.8753,3,authentication_failed,0,19,past_due,4.3,card,regular,2.7,0,1
9735.49,6,0.3884,3,insufficient_funds,1,243,active,3.3,upi,starter,1.2,1,1
3499.2,2,0.6588,1,insufficient_funds,3,736,past_due,0.1,upi,regular,5.7,0,0
2889.88,5,0.9261,2,authentication_failed,0,304,active,4.9,upi,regular,9.8,1,1
19250.42,7,0.7412,2,insufficient_funds,0,489,active,3.6,card,regular,7.6,1,1
1319.25,85,0.8619,1,insufficient_funds,1,645,past_due,2.0,upi,regular,4.1,1,1
1412.65,9,0.8999,1,gateway_timeout,1,995,trialing,3.7,upi,enterprise,0.3,0,1
1925.62,11,0.7469,3,insufficient_funds,1,417,trialing,0.2,card,regular,1.2,1,1
1148.29,6,0.6248,3,insufficient_funds,0,182,active,5.6,card,regular,4.7,1,1
2585.07,4,0.7951,3,insufficient_funds,1,19,active,3.7,card,vip,6.1,0,1
12286.29,15,0.7635,2,network_error,1,14,active,1.1,upi,enterprise,14.7,1,1
4977.08,6,0.7814,2,gateway_timeout,4,360,active,0.1,upi,regular,7.3,0,1
2854.69,49,0.863,2,authentication_failed,0,74,active,4.1,card,regular,3.9,1,1
13821.72,5,0.5783,1,insufficient_funds,1,131,active,8.1,netbanking,enterprise,4.7,1,1
448.39,0,0.8325,0,card_expired,0,407,active,0.5,netbanking,starter,1.1,1,1
1380.36,10,0.677,3,insufficient_funds,3,240,active,9.1,netbanking,regular,1.0,0,1
4372.27,0,0.6508,1,insufficient_funds,1,402,active,7.3,netbanking,regular,0.9,1,1
4979.74,2,0.8552,2,authentication_failed,0,201,active,2.6,card,regular,7.6,0,1
401.81,4,0.3196,3,gateway_timeout,1,58,canceled,2.0,upi,enterprise,0.2,0,0
2779.52,12,0.7187,1,insufficient_funds,1,381,canceled,1.1,card,enterprise,8.9,0,1
5437.04,6,0.916,2,card_expired,2,306,paused,0.3,netbanking,vip,2.7,0,1
6187.81,0,0.6733,1,insufficient_funds,2,176,active,1.3,wallet,regular,3.8,1,1
5282.49,9,0.7819,2,insufficient_funds,1,204,past_due,6.8,card,vip,7.9,1,1
2132.46,5,0.7596,1,authentication_failed,0,15,canceled,2.6,upi,vip,1.2,0,1
690.93,24,0.9711,0,network_error,0,310,active,0.2,upi,regular,1.1,0,1
2985.33,6,0.932,5,insufficient_funds,0,344,trialing,2.9,card,enterprise,3.4,0,0
889.16,11,0.8953,1,insufficient_funds,1,275,active,5.3,card,regular,11.2,1,1
14946.5,2,0.6848,3,authentication_failed,1,148,active,5.6,card,regular,4.4,0,1
3423.41,13,0.8208,5,insufficient_funds,0,7,active,7.6,card,enterprise,0.1,0,1
2108.2,12,0.5718,5,authentication_failed,1,262,active,5.1,card,regular,5.3,0,0
7468.67,22,0.7986,0,insufficient_funds,0,354,trialing,0.1,wallet,regular,4.6,0,1
3645.26,0,0.5685,1,insufficient_funds,0,118,active,2.2,wallet,regular,2.3,1,1
2055.56,5,0.6762,3,gateway_timeout,0,132,active,1.6,card,enterprise,2.3,0,1
8555.71,10,0.6591,1,insufficient_funds,1,47,active,2.4,upi,regular,0.5,0,1
10292.75,0,0.5538,2,network_error,2,259,active,6.3,upi,regular,0.0,0,1
5789.1,5,0.5337,0,authentication_failed,2,375,past_due,0.2,upi,regular,0.2,0,0
440.52,27,0.5588,4,insufficient_funds,1,229,active,4.5,upi,regular,0.1,0,1
4377.27,5,0.5547,2,insufficient_funds,0,258,active,2.1,upi,regular,8.6,0,1
7404.7,40,0.9111,1,gateway_timeout,1,515,active,25.9,card,starter,12.4,0,1
933.82,0,0.7175,3,insufficient_funds,0,625,active,1.4,card,enterprise,0.1,0,1
1498.2,12,0.8275,1,gateway_timeout,1,284,canceled,2.7,upi,regular,3.6,0,1
10906.38,8,0.8387,0,gateway_timeout,1,47,canceled,11.8,netbanking,regular,0.9,1,1
301.63,6,0.8627,1,network_error,0,31,trialing,0.7,card,regular,3.5,1,1
7186.31,33,0.8488,2,insufficient_funds,1,453,active,3.4,card,enterprise,3.6,0,1
3410.12,1,0.7279,2,authentication_failed,1,264,paused,3.9,netbanking,enterprise,0.4,0,1
3159.93,21,0.8317,3,gateway_timeout,3,62,active,3.9,card,enterprise,3.7,0,1
235.61,11,0.4903,5,insufficient_funds,0,59,unpaid,5.8,netbanking,regular,11.8,1,1
8757.3,2,0.7098,4,gateway_timeout,2,14,past_due,0.6,wallet,regular,0.1,0,1
2430.07,22,0.7085,0,authentication_failed,0,177,canceled,5.0,card,regular,3.9,0,1
4090.97,5,0.5351,4,insufficient_funds,0,32,past_due,0.7,card,regular,0.8,1,1
5855.17,15,0.6716,2,insufficient_funds,4,122,trialing,2.3,upi,enterprise,5.8,0,0
6263.88,4,0.5451,1,insufficient_funds,1,56,canceled,9.7,card,starter,0.4,0,1
15815.56,18,0.8658,0,gateway_timeout,3,327,canceled,0.7,card,regular,11.7,0,0
3989.39,9,0.6487,2,network_error,1,2,active,4.9,upi,starter,0.7,0,1
2751.79,1,0.5521,3,gateway_timeout,1,119,paused,4.1,card,regular,4.9,1,1
15563.46,9,0.6166,1,insufficient_funds,0,12,active,5.2,card,vip,45.2,0,0
5337.65,2,0.9707,3,insufficient_funds,1,13,canceled,9.5,card,enterprise,10.3,0,0
1970.18,5,0.6653,3,insufficient_funds,0,26,active,6.6,card,vip,14.6,1,0
876.03,1,0.8606,1,authentication_failed,1,81,active,3.1,netbanking,starter,4.1,1,1
9443.38,0,0.7465,1,card_expired,2,383,active,0.9,card,enterprise,0.4,1,1
2448.51,2,0.8769,2,insufficient_funds,1,197,canceled,0.6,upi,regular,3.2,0,0
5600.96,7,0.5677,1,insufficient_funds,1,38,past_due,0.3,upi,starter,3.1,0,1
3382.1,6,0.728,1,insufficient_funds,1,124,active,2.7,card,enterprise,2.4,1,1
1309.03,6,0.6825,1,gateway_timeout,2,608,active,8.1,upi,regular,9.3,0,1
4802.58,2,0.7211,1,gateway_timeout,1,137,active,1.0,upi,regular,11.5,0,1
513.01,10,0.9731,2,insufficient_funds,3,741,active,9.3,upi,enterprise,9.2,0,1
2866.57,11,0.7075,1,authentication_failed,0,629,canceled,0.7,upi,regular,1.5,0,1
4155.07,4,0.4994,1,authentication_failed,2,127,active,8.8,netbanking,regular,1.1,0,0
3063.92,20,0.5588,1,authentication_failed,1,262,active,4.8,upi,regular,0.2,0,0
7104.99,9,0.8461,3,insufficient_funds,1,388,active,1.2,upi,vip,4.9,1,1
8999.12,11,0.8966,0,gateway_timeout,0,50,past_due,15.5,upi,regular,5.0,0,0
7575.48,3,0.8174,1,insufficient_funds,2,189,active,2.3,wallet,regular,1.1,1,1
397.93,0,0.8203,1,insufficient_funds,1,28,past_due,0.8,card,regular,5.3,1,1
1279.16,19,0.8809,1,insufficient_funds,0,175,past_due,4.6,upi,regular,0.0,1,1
4045.9,16,0.7716,0,card_expired,0,35,trialing,0.7,card,vip,1.7,0,0
13853.17,1,0.7041,1,insufficient_funds,1,373,trialing,8.9,upi,enterprise,3.1,1,1
9207.74,4,0.6153,1,gateway_timeout,0,240,past_due,10.3,upi,regular,0.5,1,1
9442.74,10,0.916,1,insufficient_funds,0,261,active,0.3,card,regular,3.0,1,1
2006.34,10,0.4122,5,insufficient_funds,0,71,active,2.6,netbanking,enterprise,1.1,1,1
3005.75,18,0.5666,3,insufficient_funds,0,235,active,0.3,upi,vip,1.6,0,1
3381.06,1,0.7689,2,network_error,4,346,canceled,1.9,card,regular,3.3,0,1
1056.15,5,0.8476,0,card_expired,1,93,trialing,4.9,card,regular,10.9,0,0
357.8,0,0.6948,1,insufficient_funds,1,735,active,1.8,card,regular,4.3,1,1
14878.16,4,0.6728,0,insufficient_funds,1,119,trialing,10.7,card,starter,0.1,0,0
1576.87,0,0.8776,1,authentication_failed,2,112,active,1.1,card,regular,0.8,1,1
1571.85,21,0.7379,3,insufficient_funds,1,122,active,0.8,wallet,regular,0.3,0,1
635.31,7,0.4796,2,card_expired,0,584,active,4.2,wallet,vip,1.0,1,1
13390.83,17,0.6318,2,authentication_failed,1,92,canceled,9.9,wallet,enterprise,2.1,1,1
4534.37,0,0.418,4,card_expired,2,238,active,0.1,card,regular,1.0,1,0
5698.62,2,0.6471,1,insufficient_funds,1,77,active,6.6,card,vip,3.1,0,1
12328.11,2,0.6643,0,gateway_timeout,1,374,active,3.0,card,starter,8.7,0,1
2320.34,4,0.7292,2,insufficient_funds,0,1116,active,0.3,upi,enterprise,8.7,0,1
5057.79,15,0.753,2,insufficient_funds,0,911,active,4.3,card,regular,2.1,0,1
397.86,4,0.6149,2,insufficient_funds,2,32,active,2.2,card,starter,2.0,0,0
1233.72,2,0.5376,1,insufficient_funds,2,417,active,2.2,card,regular,6.8,1,0
9096.56,0,0.7442,1,insufficient_funds,1,261,active,0.4,card,starter,2.7,0,1
7478.62,0,0.6646,1,authentication_failed,2,354,active,4.6,netbanking,regular,17.6,0,1
2358.86,13,0.5609,4,insufficient_funds,2,121,past_due,0.5,upi,regular,2.9,1,1
2564.52,5,0.4315,3,insufficient_funds,0,107,unpaid,2.7,netbanking,enterprise,1.4,0,1
4013.07,12,0.7783,1,insufficient_funds,1,143,paused,7.1,card,starter,0.0,0,0
201.21,10,0.4558,2,authentication_failed,1,1451,active,5.5,card,starter,15.4,0,1
1580.38,1,0.7704,1,authentication_failed,0,45,past_due,0.9,card,regular,0.6,0,1
1367.43,1,0.9111,3,insufficient_funds,0,629,active,6.9,upi,regular,1.0,0,1
1641.63,13,0.6507,0,insufficient_funds,2,194,active,8.5,wallet,regular,0.2,1,1
8397.06,12,0.8664,1,gateway_timeout,4,270,active,5.4,wallet,regular,3.1,1,1
1840.26,4,0.8104,2,insufficient_funds,2,24,unpaid,21.2,netbanking,enterprise,2.6,1,1
1263.0,0,0.7622,0,insufficient_funds,0,441,active,0.3,upi,starter,8.5,0,1
3708.55,0,0.8267,2,insufficient_funds,1,24,trialing,0.3,netbanking,starter,4.1,0,1
10236.35,3,0.7145,3,insufficient_funds,1,289,active,3.9,netbanking,starter,4.4,0,1
1581.07,0,0.6995,2,insufficient_funds,0,254,active,1.6,upi,enterprise,7.8,0,1
608.96,2,0.491,4,insufficient_funds,1,1129,active,2.3,card,starter,4.4,0,0
2403.43,5,0.9027,2,insufficient_funds,0,523,unpaid,5.3,upi,enterprise,4.2,1,1
7084.73,1,0.5812,2,card_expired,1,122,active,9.4,upi,regular,13.2,1,0
4200.22,1,0.8414,2,insufficient_funds,0,591,past_due,1.1,upi,regular,2.9,0,1
8685.7,21,0.8963,0,insufficient_funds,0,21,active,0.8,card,regular,5.0,0,1
16243.66,8,0.8015,3,card_expired,4,80,active,5.6,card,regular,2.4,0,1
8067.04,25,0.4894,2,authentication_failed,1,667,active,7.6,upi,enterprise,5.3,1,1
4829.22,4,0.841,0,network_error,3,190,active,5.9,card,regular,0.1,0,1
3599.59,10,0.6417,3,authentication_failed,0,91,active,0.5,upi,regular,6.5,0,1
404.47,2,0.8218,3,gateway_timeout,0,52,active,5.7,upi,regular,7.6,0,1
20977.48,9,0.9077,2,insufficient_funds,3,132,canceled,2.3,card,regular,10.5,0,0
2618.33,1,0.7766,4,gateway_timeout,0,657,active,3.8,card,regular,3.5,0,1
1025.72,0,0.5726,1,authentication_failed,3,671,active,2.1,upi,regular,1.7,1,1
5693.69,25,0.8896,2,insufficient_funds,2,242,active,0.1,card,regular,6.6,1,1
1872.39,7,0.9482,3,insufficient_funds,0,24,active,22.4,upi,regular,14.9,1,0
4606.77,24,0.801,1,authentication_failed,0,140,active,0.8,card,regular,7.3,0,1
4618.73,3,0.5394,2,insufficient_funds,1,205,canceled,4.5,upi,starter,12.1,1,0
3150.52,3,0.9063,0,authentication_failed,3,338,active,1.0,card,regular,0.6,1,1
9243.06,4,0.5476,2,insufficient_funds,1,610,past_due,0.2,upi,enterprise,12.9,1,1
1739.2,11,0.8206,0,insufficient_funds,1,1383,past_due,18.0,card,vip,6.2,0,1
3176.77,7,0.9958,2,card_expired,1,133,active,0.1,card,enterprise,8.6,0,1
4057.62,24,0.7081,1,gateway_timeout,0,539,past_due,3.8,upi,vip,2.7,1,1
5647.64,0,0.8322,1,authentication_failed,2,440,paused,5.4,upi,regular,4.2,1,1
7861.73,11,0.4805,1,authentication_failed,2,219,trialing,3.3,upi,starter,4.8,0,0
2711.04,3,0.8874,0,insufficient_funds,0,211,active,5.9,card,regular,3.7,0,0
5392.95,1,0.9875,3,gateway_timeout,1,998,active,0.7,netbanking,starter,0.5,0,1
1016.19,6,0.7612,2,insufficient_funds,1,118,canceled,0.1,card,regular,1.3,1,0
13689.12,6,0.7201,1,insufficient_funds,2,144,trialing,3.1,upi,enterprise,0.8,0,0
2614.91,1,0.6656,4,gateway_timeout,4,175,unpaid,2.3,card,regular,8.8,0,0
6737.81,2,0.575,1,gateway_timeout,3,316,paused,5.8,card,regular,2.3,1,0
302.75,4,0.9412,2,card_expired,1,186,active,0.3,card,enterprise,1.7,1,1
1348.24,4,0.8278,4,insufficient_funds,0,230,active,0.2,upi,enterprise,1.2,0,1
3538.2,3,0.4773,0,card_expired,0,121,active,1.6,upi,regular,6.1,0,1
10729.03,1,0.6658,1,card_expired,1,17,active,6.3,upi,regular,3.7,1,1
3946.0,0,0.9203,1,insufficient_funds,1,235,unpaid,2.5,upi,regular,4.5,1,1
13487.06,33,0.6486,2,gateway_timeout,0,242,past_due,6.2,upi,enterprise,7.1,0,0
3506.27,27,0.8621,1,gateway_timeout,0,92,active,4.1,netbanking,regular,17.5,1,1
3571.13,6,0.5416,3,insufficient_funds,1,242,past_due,2.2,wallet,starter,6.8,0,0
837.73,50,0.778,0,authentication_failed,3,241,active,7.2,upi,regular,17.7,0,1
8314.04,10,0.7922,1,network_error,0,112,trialing,4.4,upi,regular,6.0,1,1
1618.22,0,0.6152,1,network_error,0,328,past_due,2.2,upi,vip,5.7,0,1
11693.59,1,0.2112,2,gateway_timeout,1,223,active,0.5,upi,starter,0.8,1,1
12285.73,23,0.9612,0,card_expired,2,27,active,1.8,card,starter,0.5,0,1
14550.8,9,0.6259,0,insufficient_funds,0,159,past_due,0.2,card,starter,0.1,0,0
3872.25,17,0.676,2,authentication_failed,3,527,active,2.6,upi,vip,5.9,0,0
5851.97,21,0.4325,2,network_error,5,362,active,0.2,card,enterprise,5.2,0,1
7737.02,5,0.7553,2,card_expired,1,39,canceled,5.9,card,regular,5.0,1,1
902.14,0,0.8968,2,insufficient_funds,2,762,active,1.8,upi,regular,4.9,1,1
4793.43,1,0.4297,0,insufficient_funds,1,73,trialing,3.8,upi,vip,5.8,1,0
374.5,0,0.7369,0,authentication_failed,0,107,active,1.5,netbanking,starter,9.0,0,1
3641.46,1,0.8262,1,insufficient_funds,1,58,active,8.6,upi,vip,6.5,0,1
1041.16,5,0.5127,5,insufficient_funds,0,327,active,2.7,netbanking,regular,4.6,0,1
1210.11,1,0.9287,1,insufficient_funds,0,205,active,5.5,card,regular,1.2,1,1
2471.03,1,0.7625,2,network_error,2,213,active,4.3,upi,regular,7.3,0,1
3032.02,5,0.9201,0,insufficient_funds,0,295,active,4.8,upi,enterprise,1.4,1,1
5079.84,3,0.9072,1,insufficient_funds,0,223,active,2.9,netbanking,regular,5.7,1,1
586.72,5,0.329,2,authentication_failed,0,105,canceled,26.3,upi,regular,0.7,0,0
3702.79,5,0.5429,2,insufficient_funds,3,648,active,0.4,card,starter,3.6,1,0
1208.29,9,0.8051,3,insufficient_funds,1,216,active,2.8,upi,enterprise,5.0,1,1
4466.29,26,0.4828,2,authentication_failed,0,327,active,1.8,upi,regular,8.4,0,1
5272.34,1,0.9761,0,insufficient_funds,0,42,active,1.8,upi,regular,6.1,0,1
4267.65,0,0.9309,0,authentication_failed,0,113,past_due,5.6,upi,vip,8.2,0,1
6902.7,18,0.6812,1,insufficient_funds,2,374,active,0.1,wallet,starter,9.7,0,1
2244.42,6,0.4271,3,gateway_timeout,0,103,canceled,1.9,upi,enterprise,10.5,1,1
7443.12,13,0.5934,2,network_error,0,324,active,2.1,card,regular,10.6,1,1
3034.93,2,0.7715,0,insufficient_funds,0,169,active,2.8,card,regular,1.5,0,1
3510.03,16,0.7518,1,network_error,1,400,past_due,2.0,card,regular,8.2,1,1
5422.07,24,0.3875,1,gateway_timeout,1,338,active,1.4,card,regular,0.1,0,1
292.64,9,0.4025,1,gateway_timeout,0,73,active,3.2,card,regular,13.7,0,1
5506.5,1,0.775,0,authentication_failed,2,41,active,9.5,card,starter,1.0,1,1
5019.34,21,0.7479,1,insufficient_funds,1,115,canceled,1.6,card,starter,10.7,1,0
2054.21,14,0.8571,1,network_error,0,77,active,0.4,card,enterprise,8.2,0,1
648.5,13,0.692,3,network_error,0,110,active,2.8,card,regular,2.5,1,1
676.7,0,0.6632,1,card_expired,0,18,paused,7.4,card,enterprise,16.5,1,1
13034.3,15,0.9294,0,authentication_failed,0,152,active,0.6,upi,regular,0.5,1,1
6044.3,1,0.6212,5,insufficient_funds,0,276,active,7.6,card,starter,1.7,1,1
879.69,2,0.7606,1,insufficient_funds,0,107,active,5.0,wallet,regular,1.5,0,1
2405.9,8,0.4915,1,authentication_failed,0,288,unpaid,3.3,card,regular,0.0,1,0
4688.36,2,0.5885,1,insufficient_funds,0,277,canceled,2.4,card,starter,0.9,0,0
9226.4,10,0.6445,5,card_expired,0,20,active,2.2,upi,regular,7.9,1,1
423.21,8,0.8571,3,authentication_failed,1,422,active,5.2,card,regular,8.9,0,1
1550.08,1,0.7694,6,network_error,0,29,past_due,2.6,card,regular,6.8,0,1
11224.98,10,0.8787,3,gateway_timeout,0,177,past_due,4.2,upi,regular,4.0,1,1
246.04,24,0.3747,1,authentication_failed,0,552,active,0.2,upi,regular,5.0,0,1
1324.47,1,0.7462,2,gateway_timeout,0,620,active,11.3,upi,enterprise,4.4,1,1
16173.87,8,0.9137,4,network_error,1,128,unpaid,2.4,upi,starter,1.5,0,0
4951.85,3,0.5533,0,authentication_failed,1,1,past_due,9.8,upi,starter,2.4,0,1
1716.83,5,0.7374,2,insufficient_funds,3,211,active,4.0,upi,starter,8.5,1,1
546.7,3,0.3169,3,insufficient_funds,3,1411,canceled,4.3,card,regular,0.5,1,1
342.98,4,0.8404,0,authentication_failed,2,277,active,0.9,upi,starter,0.2,1,1
1603.5,0,0.7618,1,network_error,0,59,active,0.3,card,regular,5.8,0,0
10863.61,37,0.5561,1,authentication_failed,0,194,trialing,1.0,card,vip,9.1,0,1
2888.53,9,0.6858,0,gateway_timeout,2,205,trialing,3.1,card,vip,4.8,1,1
6570.78,6,0.7886,1,insufficient_funds,2,353,active,0.1,card,enterprise,7.2,0,1
12722.59,4,0.401,3,authentication_failed,1,470,active,8.4,card,regular,18.9,0,1
2821.58,7,0.5838,0,gateway_timeout,0,467,active,2.2,upi,regular,5.0,0,1
1261.5,4,0.6916,4,insufficient_funds,0,495,active,2.7,card,regular,2.9,0,1
3839.91,4,0.4354,3,authentication_failed,1,561,past_due,0.6,wallet,vip,24.9,0,1
12134.38,5,0.7653,1,insufficient_funds,1,117,active,7.8,netbanking,regular,5.0,1,1
8357.76,3,0.7801,1,authentication_failed,0,120,active,4.3,upi,starter,1.0,0,1
540.48,1,0.7386,2,card_expired,1,156,paused,0.4,card,regular,5.8,1,0
6097.58,7,0.609,1,insufficient_funds,2,309,active,0.8,netbanking,regular,6.8,0,1
4441.96,17,0.8408,3,insufficient_funds,1,6,active,0.2,upi,regular,0.1,0,1
12100.74,1,0.6337,4,gateway_timeout,1,128,active,3.8,netbanking,vip,2.8,1,1
853.29,0,0.4387,5,insufficient_funds,0,22,active,0.5,netbanking,regular,14.6,1,0
4018.24,2,0.918,1,authentication_failed,0,266,active,2.7,upi,regular,8.5,1,1
10778.98,36,0.7163,1,card_expired,5,91,canceled,4.9,netbanking,regular,1.1,0,0
2838.37,16,0.8209,1,insufficient_funds,1,17,unpaid,3.0,upi,regular,1.8,0,1
3488.85,8,0.8116,2,gateway_timeout,0,29,unpaid,2.5,card,enterprise,5.4,1,1
565.33,25,0.6376,2,authentication_failed,2,567,canceled,0.4,card,regular,12.2,1,0
1829.65,5,0.6659,0,insufficient_funds,2,475,unpaid,2.9,card,enterprise,10.5,1,1
2161.56,38,0.9214,2,insufficient_funds,0,349,active,0.3,netbanking,regular,1.4,0,1
14713.25,3,0.5657,4,authentication_failed,2,82,active,0.1,wallet,regular,5.7,1,0
1861.08,2,0.5979,2,insufficient_funds,3,173,active,7.6,upi,regular,4.2,0,0
3288.98,9,0.2721,1,insufficient_funds,2,710,trialing,10.6,card,regular,2.4,0,1
5763.12,4,0.7145,0,gateway_timeout,0,513,active,0.1,card,starter,1.8,1,1
1084.78,9,0.9225,0,card_expired,2,299,active,4.1,netbanking,regular,3.4,0,1
3531.97,3,0.8131,1,insufficient_funds,1,397,past_due,1.1,card,regular,4.2,1,1
6907.35,9,0.647,0,authentication_failed,0,6,active,2.5,wallet,enterprise,11.5,0,1
10281.59,3,0.7032,3,authentication_failed,3,326,past_due,2.9,card,starter,6.9,0,0
5120.96,0,0.7219,0,insufficient_funds,1,164,past_due,2.8,card,vip,0.3,1,1
5728.99,23,0.6346,0,authentication_failed,3,53,active,4.1,upi,regular,1.0,0,1
875.0,20,0.5878,3,card_expired,1,797,past_due,0.9,upi,regular,1.4,1,1
14773.2,33,0.5959,3,card_expired,0,511,paused,5.6,card,regular,1.2,1,1
911.13,11,0.628,0,insufficient_funds,1,463,active,1.0,upi,regular,1.8,1,1
7651.01,10,0.5593,0,card_expired,4,132,active,9.0,card,regular,2.6,1,0
1738.17,7,0.9007,0,card_expired,1,63,active,0.3,card,regular,0.1,0,1
13759.77,1,0.8166,0,gateway_timeout,2,265,active,0.3,card,starter,0.4,1,1
6564.11,1,0.5313,0,card_expired,3,174,past_due,0.4,card,regular,5.4,0,0
7208.33,3,0.2503,0,insufficient_funds,0,282,trialing,4.4,card,starter,4.6,0,1
1436.28,20,0.7728,0,network_error,0,133,active,0.4,upi,regular,10.5,1,1
3126.31,1,0.6346,1,gateway_timeout,4,650,paused,0.8,wallet,regular,15.5,1,0
5009.23,24,0.7395,3,insufficient_funds,3,797,past_due,1.6,upi,enterprise,6.6,1,1
7547.81,7,0.7513,0,insufficient_funds,1,396,active,4.3,card,regular,2.5,0,1
748.85,11,0.7226,1,insufficient_funds,4,89,active,3.9,netbanking,regular,6.8,1,1
16599.15,1,0.7127,0,gateway_timeout,1,45,past_due,8.5,upi,vip,4.3,1,1
11246.42,2,0.7044,0,card_expired,1,145,active,0.6,upi,vip,14.3,1,1
1775.94,30,0.6,2,insufficient_funds,1,146,active,0.7,card,enterprise,11.7,0,1
8851.26,2,0.7258,3,gateway_timeout,2,435,active,1.1,card,enterprise,9.2,1,1
3852.42,3,0.5335,1,insufficient_funds,0,6,past_due,1.4,wallet,starter,5.3,0,0
3297.69,2,0.6825,0,authentication_failed,0,24,active,5.0,upi,vip,0.9,1,0
2087.55,1,0.8333,2,card_expired,0,104,past_due,2.9,netbanking,starter,7.3,1,1
4549.05,2,0.688,4,insufficient_funds,2,33,paused,3.1,card,starter,10.6,1,1
6744.61,9,0.7053,3,insufficient_funds,0,121,active,1.4,wallet,starter,6.9,1,1
2846.08,5,0.9572,0,insufficient_funds,0,60,paused,5.4,upi,starter,4.4,0,1
5160.72,7,0.6386,3,network_error,1,1010,active,2.5,upi,vip,6.8,0,1
6208.43,1,0.7686,2,gateway_timeout,3,184,active,2.5,upi,enterprise,2.3,0,1
6408.75,15,0.6152,1,insufficient_funds,1,249,trialing,1.1,card,regular,0.8,1,1
466.83,14,0.4797,2,insufficient_funds,2,430,active,1.4,upi,regular,2.1,1,1
10021.57,0,0.4351,0,gateway_timeout,0,180,active,3.0,upi,starter,9.8,0,1
3264.78,4,0.8818,1,insufficient_funds,0,149,trialing,0.3,card,starter,11.3,1,1
1721.88,0,0.9283,1,authentication_failed,2,221,active,11.3,upi,vip,1.1,1,1
1583.81,14,0.6105,0,authentication_failed,0,43,active,3.1,upi,regular,0.5,0,1
3498.7,12,0.8786,3,insufficient_funds,4,418,active,4.0,upi,vip,0.5,1,1
11094.39,22,0.7063,1,insufficient_funds,2,253,canceled,0.1,netbanking,regular,3.9,0,0
2576.87,2,0.6064,2,authentication_failed,2,683,active,0.2,card,starter,1.6,1,1
7125.99,5,0.8764,3,insufficient_funds,0,346,active,13.1,upi,vip,2.8,0,1
709.16,1,0.8634,4,authentication_failed,1,86,active,0.7,wallet,regular,3.9,0,1
3431.86,4,0.6836,3,network_error,1,432,active,0.7,upi,enterprise,0.3,1,1
24149.16,7,0.6018,1,network_error,0,26,active,8.6,card,enterprise,7.8,0,1
7557.91,0,0.3644,5,insufficient_funds,1,32,past_due,6.4,upi,enterprise,1.0,0,0
1381.96,11,0.7931,1,gateway_timeout,0,578,canceled,4.3,netbanking,regular,3.0,1,1
3680.17,7,0.7363,0,insufficient_funds,1,43,active,4.8,upi,vip,10.3,0,1
1530.42,16,0.9451,0,network_error,0,24,unpaid,0.1,card,enterprise,8.6,1,1
2834.44,3,0.9098,6,insufficient_funds,0,932,active,4.6,card,regular,11.0,0,1
7772.55,22,0.9191,1,authentication_failed,0,133,past_due,1.0,upi,regular,6.2,0,1
7575.08,63,0.6386,1,insufficient_funds,0,343,past_due,1.0,wallet,vip,1.3,1,1
1494.5,23,0.4769,2,insufficient_funds,1,345,past_due,2.3,card,regular,2.5,1,1
12969.57,14,0.6353,2,insufficient_funds,4,83,trialing,2.2,upi,regular,0.5,0,1
4689.41,15,0.6347,0,network_error,0,27,active,3.0,card,vip,2.3,1,1
2589.57,8,0.8976,1,authentication_failed,0,44,active,5.2,card,starter,0.0,1,1
3685.13,2,0.7977,3,network_error,1,129,active,9.2,upi,enterprise,3.9,1,1
4845.25,10,0.2565,1,insufficient_funds,0,786,trialing,2.4,card,regular,0.3,0,0
4303.66,11,0.5883,1,authentication_failed,1,121,active,3.6,card,starter,0.6,0,1
3531.6,40,0.9206,0,insufficient_funds,2,571,active,2.7,netbanking,regular,4.4,0,1
3715.31,7,0.6993,1,insufficient_funds,1,412,active,0.1,card,regular,0.3,1,1
1170.42,3,0.7873,4,gateway_timeout,0,193,active,7.0,netbanking,regular,5.9,1,1
8576.1,10,0.7008,1,insufficient_funds,0,30,active,5.3,card,regular,5.6,1,1
4101.81,36,0.4203,2,gateway_timeout,2,321,active,12.8,card,regular,12.3,1,1
902.52,1,0.761,1,insufficient_funds,0,296,active,1.9,upi,regular,3.2,0,1
7465.53,3,0.5572,1,network_error,1,156,unpaid,6.9,card,regular,24.8,1,0
13673.99,7,0.7351,1,card_expired,0,162,active,5.2,wallet,regular,12.7,0,1
14916.35,1,0.7714,0,card_expired,1,12,active,0.5,card,starter,2.8,0,1
2502.39,0,0.8482,1,gateway_timeout,1,113,active,14.1,netbanking,regular,1.9,1,1
928.12,3,0.6849,3,gateway_timeout,0,141,past_due,0.7,wallet,enterprise,3.4,1,1
3853.2,19,0.8222,1,card_expired,0,49,active,7.1,card,vip,3.2,0,1
797.35,0,0.8349,1,card_expired,0,57,active,2.6,card,enterprise,0.9,0,1
13789.55,5,0.6669,0,insufficient_funds,1,79,active,3.7,netbanking,regular,8.1,0,1
1214.13,13,0.9431,0,gateway_timeout,1,178,trialing,2.9,upi,starter,0.5,0,0
1656.88,29,0.657,3,card_expired,2,20,active,0.3,upi,regular,0.6,0,1
2809.74,40,0.6749,0,gateway_timeout,3,169,canceled,11.8,upi,regular,4.3,1,1
2615.76,5,0.6636,1,insufficient_funds,1,112,active,8.3,card,regular,1.3,0,1
8115.51,28,0.6802,1,authentication_failed,3,181,past_due,3.5,wallet,starter,10.8,1,0
3246.94,0,0.8576,1,insufficient_funds,0,201,active,2.7,upi,regular,31.4,1,1
1136.28,13,0.5863,3,gateway_timeout,1,446,active,1.6,upi,regular,0.8,1,1
1754.48,9,0.9048,0,gateway_timeout,0,115,active,0.8,upi,regular,14.0,1,1
3757.71,2,0.8956,2,insufficient_funds,0,443,active,6.1,upi,vip,7.8,0,1
997.64,6,0.5757,1,insufficient_funds,0,24,active,2.9,wallet,regular,2.4,0,1
4929.31,1,0.7088,5,network_error,2,7,active,4.5,upi,regular,3.8,1,0
4370.64,19,0.4652,1,authentication_failed,1,51,paused,1.4,upi,regular,2.5,0,1
6471.11,4,0.779,1,authentication_failed,2,205,active,8.9,card,vip,3.6,1,1
14079.34,9,0.7882,0,insufficient_funds,1,387,trialing,15.3,upi,regular,3.6,0,0
12366.58,1,0.6522,0,insufficient_funds,0,830,active,4.3,card,starter,7.1,1,1
14800.86,2,0.6027,2,insufficient_funds,1,79,past_due,7.7,upi,regular,5.4,0,0
1603.3,45,0.8184,3,insufficient_funds,0,101,active,1.1,card,regular,0.4,0,1
905.31,13,0.6189,1,insufficient_funds,5,73,unpaid,14.3,card,regular,1.8,0,0
1999.66,31,0.7123,2,insufficient_funds,2,94,active,1.0,netbanking,regular,0.4,0,1
11473.03,3,0.8786,0,network_error,0,126,active,1.0,card,starter,2.8,0,1
18087.31,1,0.7603,3,insufficient_funds,5,239,paused,10.1,card,regular,3.3,0,1
10006.51,6,0.8783,1,insufficient_funds,0,203,active,1.3,netbanking,regular,2.2,1,1
782.77,6,0.8474,0,authentication_failed,1,15,active,1.8,card,regular,1.0,0,1
14927.86,1,0.6827,1,card_expired,0,188,active,7.7,upi,regular,2.3,1,1
2952.67,12,0.7206,0,gateway_timeout,1,371,canceled,7.8,upi,regular,5.9,0,1
246.77,4,0.508,1,insufficient_funds,2,271,active,0.3,card,regular,0.7,0,0
3120.51,1,0.8734,2,gateway_timeout,0,266,active,1.5,upi,regular,3.7,1,1
435.82,3,0.5003,1,insufficient_funds,0,25,active,1.1,upi,enterprise,6.0,0,1
4124.97,7,0.9018,1,card_expired,1,183,active,9.1,upi,regular,1.2,1,1
2266.63,12,0.7179,0,gateway_timeout,0,77,past_due,1.4,card,regular,12.7,1,0
3406.9,6,0.5705,1,network_error,0,366,active,1.1,card,regular,0.7,0,1
4948.85,7,0.7658,0,card_expired,0,14,active,1.4,netbanking,enterprise,0.9,1,1
10355.2,1,0.9099,1,insufficient_funds,2,235,canceled,8.3,card,starter,0.7,0,0
5622.09,23,0.7892,1,card_expired,3,37,active,0.8,card,enterprise,8.0,1,1
3046.24,25,0.8502,3,card_expired,0,180,active,0.8,upi,vip,0.5,0,1
8758.12,10,0.7983,2,insufficient_funds,0,10,active,7.3,netbanking,starter,3.5,1,1
12000.13,0,0.6289,0,gateway_timeout,0,177,active,0.8,card,vip,10.9,0,1
837.8,7,0.8124,1,insufficient_funds,0,267,active,2.8,card,regular,4.2,0,1
3995.72,9,0.6803,0,authentication_failed,0,106,trialing,2.6,netbanking,enterprise,2.3,0,1
1873.95,49,0.8416,1,insufficient_funds,3,714,trialing,0.1,card,enterprise,3.0,1,1
441.02,52,0.6406,1,insufficient_funds,1,141,past_due,3.7,upi,enterprise,0.1,1,1
5721.34,18,0.7486,1,authentication_failed,0,91,trialing,4.5,card,enterprise,3.5,0,1
10130.51,0,0.6472,1,authentication_failed,1,418,active,0.9,upi,regular,11.5,1,1
1089.07,29,0.7522,1,insufficient_funds,0,59,unpaid,3.4,upi,enterprise,10.4,1,1
8567.58,9,0.8625,2,insufficient_funds,1,403,active,0.6,wallet,starter,0.4,0,1
9800.09,15,0.7949,1,authentication_failed,4,495,active,5.4,card,starter,3.4,0,1
12486.87,4,0.8286,0,insufficient_funds,1,79,active,3.1,upi,regular,0.5,1,1
1741.36,3,0.734,1,insufficient_funds,1,285,active,2.1,netbanking,regular,4.4,0,1
11914.59,5,0.5912,1,card_expired,1,148,past_due,13.0,card,starter,3.0,1,0
2133.19,1,0.9899,0,insufficient_funds,0,210,active,12.2,upi,regular,5.6,1,1
4218.58,4,0.5512,1,network_error,0,220,active,0.2,upi,regular,3.5,1,1
459.14,18,0.5632,3,gateway_timeout,0,56,active,1.4,netbanking,regular,2.9,1,1
424.36,0,0.5346,1,insufficient_funds,0,486,paused,1.1,upi,regular,2.2,0,1
6571.5,1,0.3364,0,insufficient_funds,0,1040,past_due,12.2,upi,starter,0.3,0,0
3139.25,1,0.9542,1,insufficient_funds,0,182,active,0.8,upi,enterprise,5.8,0,1
1680.54,4,0.81,0,insufficient_funds,1,35,active,0.2,netbanking,starter,1.0,0,1
1256.16,55,0.8785,0,gateway_timeout,0,333,active,0.9,card,enterprise,8.5,0,1
5742.61,1,0.6683,1,insufficient_funds,4,45,active,5.6,upi,regular,2.0,1,1
202.01,1,0.901,2,network_error,2,11,past_due,2.9,card,regular,5.7,1,1
8396.68,23,0.8123,1,insufficient_funds,2,159,active,13.7,upi,enterprise,19.7,0,1
612.83,20,0.5345,0,insufficient_funds,3,285,unpaid,6.7,card,regular,3.0,0,0
1262.81,0,0.7867,1,card_expired,1,173,active,0.9,card,starter,7.4,0,0
2640.73,13,0.9766,2,insufficient_funds,1,54,trialing,1.9,card,regular,7.9,1,1
3516.57,10,0.5133,2,gateway_timeout,1,165,past_due,6.8,upi,enterprise,0.2,0,0
2392.49,13,0.7848,3,card_expired,0,46,active,5.3,upi,regular,3.9,0,1
2133.55,6,0.7661,2,insufficient_funds,0,609,active,1.6,upi,regular,2.0,0,1
16809.53,45,0.815,0,insufficient_funds,2,142,paused,3.6,upi,starter,3.0,0,1
5330.24,0,0.7369,1,insufficient_funds,1,96,active,3.5,card,regular,1.8,1,1
318.56,2,0.5695,3,insufficient_funds,0,386,active,8.4,card,regular,3.9,1,1
3012.14,4,0.9591,1,authentication_failed,3,199,active,0.1,upi,regular,11.6,0,1
10597.56,5,0.7521,1,network_error,1,37,trialing,1.2,upi,starter,0.3,0,1
1993.79,24,0.8997,2,authentication_failed,1,30,active,5.0,upi,regular,1.2,0,1
696.65,7,0.8507,4,card_expired,4,78,active,4.2,card,starter,11.2,1,0
7302.04,0,0.5933,2,insufficient_funds,3,362,active,1.7,card,enterprise,0.4,1,0
4857.2,4,0.5684,2,card_expired,0,151,past_due,7.8,wallet,enterprise,2.3,1,1
4423.49,5,0.4467,3,gateway_timeout,2,52,active,5.3,upi,enterprise,1.4,1,1
475.33,31,0.6469,2,network_error,3,10,active,3.7,card,regular,1.0,1,1
957.02,8,0.8002,2,card_expired,3,117,active,1.1,upi,regular,1.6,0,1
5071.58,9,0.43,2,card_expired,3,68,active,1.4,card,regular,4.4,0,1
1364.86,11,0.7208,1,insufficient_funds,2,744,past_due,4.2,upi,regular,17.2,0,1
3706.6,13,0.5862,0,gateway_timeout,5,57,past_due,13.4,card,regular,2.7,0,0
4135.99,9,0.8223,0,insufficient_funds,0,304,active,7.7,upi,starter,3.0,1,1
1866.94,2,0.78,0,insufficient_funds,0,66,active,0.9,netbanking,regular,2.5,1,1
15023.61,19,0.8096,2,authentication_failed,0,17,active,5.5,upi,vip,15.6,0,1
9440.51,12,0.666,0,card_expired,2,3,active,11.0,card,regular,0.7,0,1
6607.39,12,0.7969,0,insufficient_funds,1,78,active,0.4,upi,starter,1.8,1,1
606.02,53,0.4517,2,network_error,0,596,active,4.6,card,enterprise,0.2,0,1
760.97,15,0.6605,1,card_expired,1,68,trialing,0.4,upi,regular,2.1,0,1
3594.07,16,0.7486,2,insufficient_funds,0,202,active,0.1,upi,regular,1.6,0,1
1076.01,28,0.4667,2,insufficient_funds,0,70,canceled,14.8,card,enterprise,1.4,1,1
19344.26,1,0.5051,1,insufficient_funds,0,313,past_due,0.9,upi,enterprise,1.3,1,1
1062.97,6,0.85,3,gateway_timeout,0,365,canceled,6.4,card,regular,2.0,1,1
3541.96,8,0.7736,1,insufficient_funds,0,59,canceled,3.3,upi,starter,1.5,0,0
2463.74,3,0.7707,1,insufficient_funds,0,14,active,4.0,upi,regular,0.3,1,1
5299.74,17,0.9796,4,insufficient_funds,0,36,active,0.7,card,vip,1.5,1,1
890.78,13,0.3738,2,insufficient_funds,1,169,active,5.7,card,regular,18.9,0,0
3013.37,12,0.7261,3,card_expired,0,130,active,1.7,netbanking,enterprise,14.5,1,1
1805.88,55,0.7004,0,authentication_failed,2,27,active,3.7,upi,enterprise,6.3,1,1
11135.2,2,0.676,1,insufficient_funds,0,31,active,2.0,card,enterprise,1.1,0,1
407.16,12,0.5231,4,authentication_failed,2,205,active,0.8,card,enterprise,4.3,0,0
12451.22,7,0.8048,0,insufficient_funds,0,1230,trialing,0.6,upi,starter,9.2,0,1
9148.63,3,0.6744,2,insufficient_funds,4,654,canceled,2.0,wallet,regular,0.6,1,0
1966.05,1,0.7093,0,insufficient_funds,0,544,active,0.1,card,regular,3.8,1,1
7986.38,21,0.8188,1,insufficient_funds,0,20,active,13.3,card,enterprise,1.8,0,1
358.56,8,0.8312,2,insufficient_funds,0,31,active,1.4,upi,enterprise,2.6,1,1
17235.91,16,0.8449,0,card_expired,0,310,past_due,4.5,upi,regular,3.9,0,1
3939.02,7,0.8094,0,card_expired,0,549,active,3.4,card,enterprise,3.3,0,1
2006.87,2,0.6723,2,network_error,2,90,active,5.2,netbanking,enterprise,12.6,0,1
2451.66,3,0.6682,2,insufficient_funds,1,173,past_due,7.1,upi,regular,3.8,0,0
543.56,4,0.7798,4,network_error,0,124,trialing,8.4,card,regular,5.7,1,0
22910.75,34,0.5658,5,insufficient_funds,2,37,trialing,4.4,card,regular,4.1,1,0
400.42,0,0.9226,1,authentication_failed,3,137,active,2.0,netbanking,regular,2.6,0,1
5519.71,40,0.7309,3,authentication_failed,3,138,past_due,2.7,card,regular,1.2,1,1
3123.58,37,0.7219,4,insufficient_funds,0,254,past_due,1.8,upi,regular,0.4,1,1
15071.44,52,0.3948,2,insufficient_funds,1,349,canceled,12.0,card,regular,5.7,1,0
1611.81,6,0.6949,0,insufficient_funds,1,386,active,1.5,card,starter,0.5,0,1
3997.36,31,0.8081,0,insufficient_funds,2,45,active,1.2,card,enterprise,0.4,0,1
3492.34,4,0.827,2,insufficient_funds,1,238,active,3.2,netbanking,regular,12.4,1,1
6267.87,0,0.3814,3,authentication_failed,1,66,active,0.4,wallet,starter,17.6,1,1
552.17,2,0.7342,3,insufficient_funds,2,373,paused,8.6,netbanking,regular,4.6,1,0
1277.05,27,0.8973,3,authentication_failed,1,171,trialing,17.0,card,enterprise,0.2,1,1
1407.59,0,0.9411,1,insufficient_funds,0,111,active,1.7,card,regular,7.2,0,0
6899.93,7,0.5632,2,network_error,1,519,trialing,0.5,netbanking,regular,3.6,0,1
1248.29,0,0.8068,2,card_expired,1,503,active,1.3,card,enterprise,7.5,0,1
4460.62,3,0.8785,1,insufficient_funds,1,652,active,2.2,wallet,regular,2.7,0,1
1411.91,0,0.7963,2,authentication_failed,0,214,canceled,7.3,netbanking,vip,6.8,0,1
10088.94,18,0.8724,3,card_expired,2,282,canceled,13.7,card,regular,7.9,1,0
14452.57,8,0.6992,3,insufficient_funds,0,141,trialing,5.1,card,starter,4.0,1,1
3854.17,22,0.8006,0,insufficient_funds,0,578,paused,10.8,upi,enterprise,17.3,1,1
2371.71,11,0.5298,2,network_error,0,167,active,0.8,card,vip,1.8,1,1
1533.24,33,0.8691,1,gateway_timeout,0,335,active,10.6,upi,regular,14.6,1,1
455.31,6,0.7818,2,insufficient_funds,3,464,active,3.5,upi,regular,0.2,1,1
1763.29,9,0.7733,0,authentication_failed,2,141,past_due,2.4,upi,enterprise,8.2,0,1
5509.99,8,0.7945,1,card_expired,0,457,past_due,2.4,card,enterprise,4.1,1,1
4013.74,6,0.8742,2,insufficient_funds,0,545,past_due,12.2,card,enterprise,2.1,0,1
14615.7,17,0.5685,0,insufficient_funds,1,3,active,1.8,card,vip,0.4,1,1
2723.2,9,0.6719,4,insufficient_funds,1,144,active,0.7,netbanking,regular,5.9,1,1
6118.62,15,0.7328,1,card_expired,0,781,active,3.6,netbanking,regular,5.6,0,1
3560.09,14,0.5948,0,authentication_failed,3,15,past_due,0.5,upi,regular,6.5,0,1
3793.11,2,0.7095,0,authentication_failed,0,146,active,5.0,card,enterprise,6.8,1,1
1758.33,9,0.7591,4,insufficient_funds,4,421,active,0.1,upi,enterprise,0.6,0,1
3234.4,2,0.849,3,insufficient_funds,1,166,paused,2.1,card,regular,9.8,1,1
3381.8,8,0.4925,2,gateway_timeout,4,327,past_due,6.4,card,regular,0.8,1,0
6331.82,10,0.6684,0,gateway_timeout,1,491,canceled,2.1,upi,regular,4.2,0,1
14320.67,55,0.4885,1,insufficient_funds,0,57,active,5.8,card,regular,8.0,1,1
2197.33,0,0.5983,2,card_expired,1,60,active,4.9,wallet,starter,45.2,0,1
415.58,0,0.8064,3,authentication_failed,4,343,active,4.4,wallet,starter,1.1,0,1
3628.82,0,0.7386,6,insufficient_funds,1,111,active,2.1,card,regular,1.7,0,1
4131.37,4,0.8617,5,insufficient_funds,3,89,active,10.0,upi,enterprise,1.8,0,0
1122.26,16,0.9408,0,insufficient_funds,5,238,active,1.8,upi,enterprise,6.2,0,1
7345.27,17,0.6908,2,insufficient_funds,0,855,active,1.9,upi,regular,3.6,0,1
21174.95,12,0.2798,2,card_expired,1,51,active,4.8,upi,enterprise,2.5,0,1
14773.04,21,0.5263,1,insufficient_funds,0,314,canceled,5.5,card,regular,14.6,1,1
1297.66,3,0.8686,1,gateway_timeout,3,278,active,1.5,wallet,vip,4.3,0,1
10611.76,0,0.729,1,insufficient_funds,1,354,active,6.4,upi,regular,9.0,1,1
6295.32,0,0.7841,1,insufficient_funds,2,193,active,7.0,card,enterprise,16.8,1,1
3224.28,18,0.6981,3,insufficient_funds,0,370,active,0.2,upi,vip,3.5,1,1
4089.29,12,0.8036,1,insufficient_funds,1,2,active,2.5,upi,regular,11.6,1,1
9672.29,11,0.6619,2,insufficient_funds,1,216,past_due,4.3,card,regular,8.0,1,1
3470.93,3,0.7995,1,insufficient_funds,2,36,active,1.2,card,enterprise,29.7,0,1
2535.7,4,0.8281,0,insufficient_funds,1,241,active,4.3,wallet,regular,3.0,1,1
3598.66,30,0.8,0,card_expired,2,347,active,0.8,upi,enterprise,0.1,0,0
4527.15,0,0.6534,1,authentication_failed,1,146,active,0.1,netbanking,regular,0.6,1,0
1247.91,14,0.5464,5,insufficient_funds,0,282,past_due,3.5,upi,regular,6.9,0,0
11758.52,3,0.6985,2,insufficient_funds,1,850,canceled,0.3,upi,regular,8.4,0,1
5807.16,0,0.6993,1,insufficient_funds,3,766,past_due,2.4,card,regular,2.2,1,0
5215.63,12,0.8233,1,card_expired,0,89,active,2.3,upi,enterprise,0.6,1,1
724.0,3,0.6003,2,gateway_timeout,0,57,unpaid,12.2,card,regular,6.2,1,1
4833.9,12,0.9645,0,gateway_timeout,1,260,active,0.5,upi,regular,5.0,0,1
844.63,11,0.6038,2,insufficient_funds,0,165,active,2.8,netbanking,regular,0.3,1,1
609.84,7,0.6816,0,insufficient_funds,0,26,active,6.2,upi,starter,4.0,1,1
3946.59,14,0.8666,2,insufficient_funds,1,28,canceled,0.4,card,enterprise,1.4,1,1
2777.39,8,0.5625,1,authentication_failed,2,90,paused,4.1,upi,starter,0.6,0,1
4643.5,3,0.8649,0,authentication_failed,5,1500,active,12.8,upi,vip,1.0,0,1
667.28,12,0.4862,0,network_error,0,103,canceled,0.1,card,regular,1.2,0,1
3019.23,8,0.359,3,authentication_failed,0,23,active,2.5,card,regular,0.9,1,1
1160.57,0,0.7641,1,insufficient_funds,3,109,active,7.7,wallet,regular,1.0,0,1
21952.67,22,0.7988,2,gateway_timeout,3,61,trialing,0.8,card,regular,3.9,0,1
4317.99,7,0.8394,2,authentication_failed,4,110,active,3.8,card,regular,0.2,0,1
6014.74,19,0.7301,3,insufficient_funds,2,179,trialing,3.3,upi,vip,1.8,1,1
2168.31,20,0.8931,2,insufficient_funds,1,680,past_due,4.7,upi,regular,0.6,1,1
697.66,5,0.5437,1,gateway_timeout,1,8,unpaid,5.2,card,regular,4.9,1,0
18821.68,6,0.6272,1,insufficient_funds,1,346,active,3.6,card,regular,14.8,1,1
1886.18,5,0.7696,0,card_expired,0,5,active,5.9,netbanking,regular,0.2,0,0
2956.57,5,0.8016,4,network_error,1,28,trialing,1.0,wallet,regular,11.3,0,0
5447.17,21,0.9109,1,insufficient_funds,3,134,paused,8.3,upi,enterprise,7.2,0,1
325.04,14,0.6307,2,authentication_failed,0,475,active,9.7,netbanking,vip,3.9,0,1
8510.48,1,0.4441,3,insufficient_funds,0,211,unpaid,1.0,card,regular,14.9,1,0
4045.59,8,0.7789,1,authentication_failed,0,259,past_due,18.5,wallet,regular,1.2,1,1
1830.15,52,0.8416,0,authentication_failed,0,13,canceled,6.2,upi,regular,0.2,0,1
517.94,8,0.7189,3,insufficient_funds,0,447,active,0.4,card,regular,7.7,0,1
1086.66,14,0.4853,0,card_expired,1,101,past_due,2.0,upi,enterprise,0.7,0,1
11470.59,13,0.787,1,insufficient_funds,2,47,active,0.1,card,vip,8.9,0,1
5992.2,4,0.9345,2,insufficient_funds,0,12,active,2.4,wallet,regular,12.5,1,1
1637.76,4,0.8347,1,insufficient_funds,1,500,active,4.7,upi,starter,1.4,0,1
539.26,12,0.8168,2,network_error,2,133,active,1.8,card,regular,9.9,0,0
6065.85,6,0.6682,2,gateway_timeout,3,359,trialing,0.7,upi,enterprise,3.8,1,1
4447.93,8,0.8782,4,authentication_failed,0,193,past_due,12.6,card,regular,2.1,0,1
2791.93,11,0.581,1,card_expired,1,214,active,0.7,netbanking,regular,1.6,0,1
2459.73,14,0.8013,1,authentication_failed,1,818,trialing,14.4,card,vip,7.7,0,0
1421.93,3,0.4281,3,gateway_timeout,4,275,unpaid,4.4,card,regular,5.4,1,0
5737.43,1,0.8696,0,network_error,0,224,active,0.6,netbanking,regular,9.3,0,1
17845.39,3,0.7556,1,gateway_timeout,2,203,unpaid,7.4,card,starter,4.8,0,0
1166.2,6,0.7019,2,insufficient_funds,1,193,active,8.4,upi,regular,2.2,0,1
4745.54,3,0.866,3,network_error,0,829,active,0.6,netbanking,vip,2.2,0,1
2959.84,7,0.1307,1,insufficient_funds,0,106,active,3.5,upi,enterprise,12.2,0,1
3159.17,0,0.5025,0,network_error,1,9,past_due,8.6,wallet,vip,5.5,1,1
1666.14,6,0.5542,3,network_error,0,28,past_due,5.9,upi,regular,9.2,1,1
8918.7,4,0.8241,2,insufficient_funds,2,396,past_due,0.9,card,regular,7.2,0,0
3520.42,7,0.7975,0,insufficient_funds,3,637,trialing,0.4,card,regular,1.1,0,1
4119.8,5,0.664,1,card_expired,1,19,past_due,3.5,netbanking,regular,3.0,0,0
2017.5,3,0.7032,1,insufficient_funds,1,25,trialing,2.6,upi,enterprise,0.4,1,1
1203.29,22,0.5481,1,card_expired,1,26,active,13.9,upi,regular,9.1,0,1
649.13,1,0.5207,0,insufficient_funds,0,50,active,2.3,card,starter,4.1,0,1
6460.9,10,0.6806,0,insufficient_funds,0,33,active,0.6,card,enterprise,12.2,1,1
1292.24,24,0.6712,0,authentication_failed,2,117,unpaid,1.9,card,regular,0.9,1,1
6057.13,7,0.5009,0,insufficient_funds,2,129,active,0.2,wallet,regular,12.8,0,1
2674.57,19,0.8095,1,insufficient_funds,0,186,active,2.6,upi,regular,10.9,1,1
2887.34,1,0.7099,0,authentication_failed,1,388,canceled,18.1,upi,regular,0.9,1,1
3366.64,6,0.6665,0,insufficient_funds,3,219,canceled,4.8,card,enterprise,7.2,0,0
2492.02,5,0.8811,0,insufficient_funds,4,23,active,1.9,upi,enterprise,3.2,0,1
730.25,0,0.8277,2,authentication_failed,2,411,paused,9.4,netbanking,regular,1.5,1,1
2052.65,5,0.3778,1,gateway_timeout,0,344,active,1.4,upi,enterprise,12.7,0,1
5649.27,4,0.5173,0,authentication_failed,0,365,active,2.8,card,starter,7.9,1,1
5679.84,10,0.8233,1,insufficient_funds,3,213,active,6.9,card,regular,0.9,0,1
1885.93,26,0.7755,2,gateway_timeout,1,137,active,4.8,card,enterprise,15.1,0,1
3281.88,0,0.7045,0,insufficient_funds,2,47,paused,0.2,wallet,regular,3.8,1,1
1274.93,3,0.3763,3,insufficient_funds,0,740,active,8.8,card,regular,4.0,1,1
1380.97,5,0.2957,1,insufficient_funds,1,509,active,3.9,card,enterprise,5.5,1,1
316.58,5,0.7606,1,gateway_timeout,3,72,paused,17.6,wallet,starter,2.7,1,0
11552.84,14,0.9782,1,insufficient_funds,0,98,active,9.5,netbanking,vip,2.3,0,1
1383.09,5,0.716,0,insufficient_funds,4,16,past_due,2.5,upi,enterprise,7.1,1,1
1490.84,0,0.7035,1,authentication_failed,1,342,active,5.8,upi,starter,3.4,1,1
1839.75,11,0.9097,2,authentication_failed,0,269,trialing,5.6,upi,enterprise,4.3,0,1
881.44,20,0.7353,3,insufficient_funds,1,388,active,0.2,netbanking,vip,2.2,0,1
5298.03,6,0.8194,5,authentication_failed,2,28,active,3.0,upi,vip,4.5,0,1
590.58,8,0.8094,0,card_expired,1,29,active,2.3,card,starter,5.4,1,1
920.52,1,0.7063,3,insufficient_funds,2,476,past_due,1.1,upi,regular,1.4,1,1
5374.76,2,0.7205,2,card_expired,0,291,past_due,0.2,upi,regular,12.8,0,1
2275.01,2,0.795,0,card_expired,1,90,trialing,3.8,card,starter,3.6,0,1
6354.11,5,0.9375,4,authentication_failed,0,148,active,2.2,upi,starter,2.3,0,1
4275.72,24,0.6577,2,insufficient_funds,0,136,active,0.1,upi,regular,6.0,1,1
1678.71,7,0.5586,1,network_error,2,166,active,16.2,card,regular,14.0,1,0
5460.95,2,0.5729,2,insufficient_funds,1,118,canceled,21.5,upi,enterprise,3.9,1,1
818.04,2,0.8787,0,authentication_failed,5,784,past_due,10.0,card,starter,2.0,0,0
4043.78,4,0.8968,2,gateway_timeout,2,108,trialing,1.5,card,regular,5.4,1,1
3073.69,9,0.5268,0,insufficient_funds,1,124,past_due,4.6,upi,starter,12.7,0,0
1759.01,5,0.8226,2,gateway_timeout,2,471,trialing,6.5,netbanking,vip,1.0,0,1
4831.77,4,0.6354,0,authentication_failed,0,3,active,0.7,upi,enterprise,3.8,1,1
10452.66,7,0.812,0,gateway_timeout,1,381,active,2.6,upi,enterprise,1.3,0,1
34283.63,2,0.7306,2,insufficient_funds,1,67,active,5.4,upi,regular,3.8,1,0
4879.44,0,0.9034,2,insufficient_funds,1,221,paused,1.4,upi,vip,7.5,1,0
2793.5,0,0.3311,2,insufficient_funds,2,76,active,0.4,netbanking,starter,8.1,0,1
1475.8,2,0.6539,1,insufficient_funds,1,515,canceled,3.2,upi,vip,0.2,0,1
1685.94,0,0.7217,3,authentication_failed,3,647,active,2.1,netbanking,regular,1.8,0,1
3464.39,3,0.597,0,insufficient_funds,2,51,active,2.4,card,regular,1.1,1,1
2488.62,14,0.9573,4,insufficient_funds,0,538,active,7.0,card,regular,1.7,1,1
12456.27,11,0.5666,4,gateway_timeout,1,36,unpaid,2.1,upi,enterprise,3.1,0,1
2496.67,8,0.8753,2,insufficient_funds,3,145,active,3.5,upi,starter,0.4,1,1
2537.59,18,0.8165,3,insufficient_funds,2,5,active,8.4,netbanking,enterprise,3.4,1,1
2618.76,3,0.6978,0,insufficient_funds,2,125,active,4.1,card,regular,6.6,1,1
9258.39,20,0.5676,0,authentication_failed,0,22,paused,5.3,upi,regular,3.4,0,1
5460.39,4,0.8135,1,authentication_failed,2,269,active,4.1,netbanking,enterprise,5.3,0,1
4961.78,4,0.8697,2,insufficient_funds,1,280,paused,1.9,upi,starter,7.5,0,1
2233.4,4,0.5183,1,insufficient_funds,4,32,active,0.5,card,enterprise,13.4,1,0
8716.11,0,0.7085,3,network_error,1,404,active,1.9,upi,regular,9.2,0,1
395.6,35,0.4547,0,insufficient_funds,3,63,active,3.7,netbanking,regular,9.5,0,1
10431.86,1,0.7168,0,gateway_timeout,1,90,active,0.1,card,starter,1.9,0,1
3794.89,3,0.7104,1,network_error,4,30,active,6.6,upi,regular,2.2,0,1
2739.57,3,0.4557,0,insufficient_funds,1,452,past_due,8.8,card,regular,1.7,0,0
3637.49,0,0.5777,0,authentication_failed,0,173,active,0.1,upi,regular,9.6,1,1
5704.31,1,0.7572,0,card_expired,1,483,active,3.2,card,regular,2.4,1,1
264.24,0,0.7345,2,insufficient_funds,0,139,active,11.5,upi,vip,0.0,0,1
10461.15,3,0.9119,0,insufficient_funds,3,125,trialing,2.5,card,regular,0.5,1,1
3159.63,19,0.6885,0,gateway_timeout,0,154,active,8.3,card,regular,0.7,1,1
2300.1,3,0.493,3,authentication_failed,0,167,active,0.9,card,regular,0.3,0,1
943.92,1,0.7139,1,network_error,2,122,trialing,0.4,upi,enterprise,4.4,1,1
3094.32,9,0.9186,2,insufficient_funds,1,155,active,7.6,card,regular,0.4,1,1
3629.1,53,0.7405,0,card_expired,0,164,active,2.6,upi,vip,5.3,1,1
2784.61,2,0.7711,1,network_error,5,1172,active,1.6,upi,regular,1.4,0,1
5876.28,3,0.8281,1,insufficient_funds,1,250,active,3.2,upi,regular,7.5,0,1
2931.37,33,0.7933,1,insufficient_funds,1,485,active,5.3,wallet,regular,4.8,1,1
16474.79,1,0.4903,1,network_error,0,168,past_due,2.7,card,starter,11.5,0,1
4772.43,6,0.7329,2,card_expired,0,221,canceled,1.7,upi,starter,3.1,0,0
8437.72,2,0.64,2,insufficient_funds,0,9,active,9.2,upi,starter,2.5,1,1
779.05,25,0.5951,2,insufficient_funds,0,85,active,3.9,upi,vip,2.0,0,1
2731.61,37,0.6379,0,authentication_failed,1,405,trialing,3.8,card,regular,1.0,1,1
2253.75,15,0.4369,1,insufficient_funds,4,103,past_due,3.6,card,starter,2.0,1,1
4413.84,3,0.8499,1,insufficient_funds,0,323,active,1.7,card,regular,0.0,0,1
10070.49,4,0.759,4,insufficient_funds,4,8,active,12.4,card,enterprise,12.1,1,0
607.88,2,0.9852,3,insufficient_funds,1,205,canceled,11.9,upi,starter,18.2,0,0
576.72,21,0.4416,1,insufficient_funds,1,1117,past_due,4.9,card,regular,11.6,0,0
9696.2,23,0.9904,0,authentication_failed,0,313,trialing,2.0,card,regular,0.4,0,1
1396.68,5,0.7523,1,gateway_timeout,3,301,active,1.3,upi,starter,0.8,1,0
5724.46,10,0.4378,1,authentication_failed,3,165,active,13.5,netbanking,regular,8.8,1,1
4114.03,1,0.7435,2,insufficient_funds,2,83,active,1.9,upi,regular,3.4,1,1
9145.62,5,0.7239,2,gateway_timeout,0,134,past_due,1.7,upi,regular,0.3,1,1
868.17,9,0.8485,1,card_expired,1,181,active,11.6,upi,enterprise,2.0,1,1
895.06,4,0.7365,0,authentication_failed,4,314,active,1.3,card,starter,2.3,1,1
4268.88,4,0.7528,1,card_expired,1,45,active,1.4,upi,regular,5.1,0,1
14829.04,0,0.9137,0,insufficient_funds,0,116,active,2.1,upi,regular,0.3,0,1
2880.7,15,0.7758,2,network_error,0,486,active,11.7,wallet,regular,11.7,1,1
2179.62,20,0.8011,2,authentication_failed,0,3,paused,0.7,card,vip,0.5,1,1
4865.78,33,0.5293,1,gateway_timeout,1,431,canceled,3.8,wallet,vip,2.4,0,1
13528.45,12,0.543,3,insufficient_funds,1,14,active,4.0,card,regular,0.2,1,1
9267.81,7,0.7133,1,authentication_failed,2,374,active,5.2,upi,regular,4.5,0,1
27200.21,2,0.5755,2,insufficient_funds,3,1150,trialing,1.3,card,vip,11.4,0,1
314.14,68,0.8569,1,insufficient_funds,0,344,past_due,1.4,wallet,vip,10.4,1,1
798.75,8,0.3052,2,gateway_timeout,2,192,past_due,1.1,card,enterprise,3.0,1,1
4901.22,10,0.9377,1,gateway_timeout,1,36,active,2.7,card,starter,1.2,1,1
8790.03,10,0.6194,2,authentication_failed,4,15,past_due,2.3,card,enterprise,1.1,1,1
1879.07,17,0.9143,1,gateway_timeout,3,130,active,4.0,upi,enterprise,0.7,0,1
1567.0,0,0.6204,1,card_expired,2,133,active,5.0,card,starter,4.0,0,1
7931.75,2,0.8109,3,card_expired,0,67,active,6.7,card,starter,1.1,1,1
490.17,10,0.6235,2,card_expired,3,128,trialing,2.4,card,vip,3.1,0,1
2505.28,21,0.7607,2,card_expired,0,86,active,3.9,upi,regular,18.0,1,1
3724.17,10,0.7256,1,authentication_failed,2,15,canceled,1.0,upi,regular,0.7,0,1
4308.87,5,0.8299,1,insufficient_funds,1,149,past_due,4.7,upi,starter,2.0,1,1
6721.09,4,0.6592,1,insufficient_funds,1,166,past_due,16.7,card,vip,7.5,0,1
2391.33,12,0.8987,0,network_error,3,302,canceled,7.1,card,enterprise,2.5,1,1
4942.58,12,0.8694,1,insufficient_funds,2,200,past_due,1.9,upi,enterprise,4.2,0,1
4601.91,8,0.7631,2,card_expired,0,585,active,2.7,card,enterprise,0.2,0,1
4166.12,3,0.4727,1,insufficient_funds,0,109,trialing,0.5,card,enterprise,0.5,0,1
5314.97,24,0.5293,1,insufficient_funds,4,63,unpaid,2.7,netbanking,starter,3.9,0,0
1701.81,7,0.7938,1,insufficient_funds,0,18,active,2.6,netbanking,vip,0.3,0,1
642.24,14,0.8436,0,gateway_timeout,2,123,active,2.3,card,regular,10.1,1,1
835.03,2,0.8303,2,insufficient_funds,2,14,past_due,2.1,upi,regular,9.3,0,1
1471.77,4,0.7158,2,network_error,4,165,unpaid,0.1,card,starter,0.0,0,0
3667.72,19,0.5994,1,card_expired,4,562,active,0.4,upi,regular,0.3,1,0
9376.76,0,0.6742,1,authentication_failed,1,193,active,1.0,netbanking,regular,7.7,0,1
6241.47,6,0.7635,3,gateway_timeout,0,267,active,2.0,upi,enterprise,6.0,1,1
7980.45,6,0.8607,2,card_expired,0,530,past_due,4.1,upi,regular,0.5,1,1
2361.43,13,0.9338,0,network_error,0,37,trialing,0.4,card,regular,1.2,0,1
2793.06,3,0.6658,1,insufficient_funds,1,201,active,6.2,card,regular,1.6,1,1
2701.75,2,0.4101,3,card_expired,0,112,canceled,2.4,card,starter,4.2,0,0
1265.18,24,0.8394,1,insufficient_funds,3,221,active,0.5,upi,vip,1.9,1,1
515.85,8,0.892,2,network_error,0,35,active,5.2,card,regular,1.2,1,1
4669.17,1,0.3932,3,insufficient_funds,5,112,active,0.1,netbanking,starter,1.8,0,0
22848.78,2,0.7073,1,insufficient_funds,1,306,active,7.5,netbanking,enterprise,17.9,0,1
1112.59,64,0.6518,2,authentication_failed,0,213,active,8.7,upi,enterprise,2.4,0,1
439.05,2,0.7829,1,card_expired,1,340,past_due,4.2,upi,enterprise,6.3,0,1
7760.01,8,0.917,4,insufficient_funds,0,149,trialing,7.4,upi,starter,2.8,0,0
1655.68,5,0.9264,0,insufficient_funds,1,47,past_due,1.8,upi,vip,0.5,0,0
9049.32,20,0.5706,0,gateway_timeout,1,66,active,9.5,upi,starter,0.6,0,1
6285.91,13,0.4696,1,card_expired,2,367,trialing,0.6,upi,enterprise,3.0,0,1
14763.72,8,0.7392,1,authentication_failed,1,109,past_due,2.2,upi,starter,8.6,1,1
2829.08,0,0.7939,3,authentication_failed,4,131,active,1.9,upi,starter,1.5,1,1
5623.1,20,0.7612,2,insufficient_funds,0,447,canceled,7.8,card,enterprise,3.9,0,1
3326.09,5,0.7679,1,authentication_failed,0,62,active,0.2,upi,regular,5.2,1,1
5179.22,25,0.8596,1,insufficient_funds,2,421,past_due,2.6,upi,regular,13.6,0,1
3185.54,6,0.8106,1,insufficient_funds,1,32,active,3.3,upi,regular,3.1,1,1
1245.17,11,0.8945,1,insufficient_funds,0,40,past_due,3.9,netbanking,regular,2.0,1,1
3745.34,0,0.67,0,insufficient_funds,2,110,active,1.4,card,regular,4.6,0,0
3960.07,12,0.5847,4,insufficient_funds,1,429,unpaid,12.4,wallet,regular,1.8,1,1
8519.57,3,0.7233,0,network_error,1,323,active,10.0,netbanking,regular,2.4,1,1
6849.96,4,0.871,3,card_expired,3,362,active,2.5,upi,enterprise,2.6,1,1
5650.12,1,0.4206,3,insufficient_funds,2,53,active,8.2,upi,regular,2.7,1,1
801.73,1,0.5102,1,network_error,0,943,active,2.0,upi,regular,0.7,0,1
6575.85,1,0.4639,1,card_expired,1,26,past_due,0.4,upi,starter,0.6,0,1
3668.79,3,0.5111,5,insufficient_funds,3,29,active,0.7,card,regular,2.7,1,0
11426.28,21,0.7427,1,gateway_timeout,0,112,canceled,6.0,card,regular,0.4,0,0
12820.58,4,0.8791,0,insufficient_funds,0,189,active,1.2,upi,regular,3.0,0,1
483.68,12,0.4873,2,gateway_timeout,0,350,active,7.9,upi,vip,14.5,0,1
8791.85,0,0.9091,1,insufficient_funds,0,271,canceled,9.2,netbanking,regular,4.4,1,1
392.13,8,0.8835,0,card_expired,1,547,active,1.0,card,regular,0.1,1,1
2487.76,6,0.6025,1,card_expired,2,229,past_due,0.1,upi,regular,3.4,0,1
4107.71,36,0.7334,2,insufficient_funds,1,19,active,2.1,card,regular,0.6,1,1
1001.44,17,0.9254,0,insufficient_funds,0,159,past_due,0.1,upi,regular,3.1,0,1
7058.29,5,0.794,0,insufficient_funds,3,370,active,1.1,upi,regular,18.3,0,1
241.95,14,0.8289,1,insufficient_funds,0,165,active,2.8,card,regular,14.7,1,1
1123.22,2,0.9466,1,insufficient_funds,1,35,active,2.4,card,regular,2.8,0,1
4547.0,7,0.823,1,insufficient_funds,0,301,canceled,4.0,upi,regular,12.8,0,1
6465.6,0,0.8056,1,network_error,1,327,canceled,0.1,upi,regular,0.3,1,1
12623.12,4,0.6948,1,card_expired,0,359,trialing,2.6,upi,vip,0.8,1,1
6312.32,2,0.6091,1,insufficient_funds,0,106,active,2.2,card,regular,1.1,0,1
5770.34,12,0.7849,2,insufficient_funds,4,289,active,1.1,upi,regular,0.3,1,1
2707.19,6,0.3705,2,insufficient_funds,1,334,active,4.7,card,regular,4.8,0,1
206.43,13,0.8374,1,gateway_timeout,3,123,active,1.6,card,regular,4.3,0,1
840.07,6,0.9236,3,insufficient_funds,1,135,active,2.7,upi,vip,4.4,0,1
4023.8,0,0.7777,3,card_expired,1,170,active,0.9,card,regular,1.5,0,1
5821.65,12,0.8345,2,insufficient_funds,4,236,active,0.8,upi,vip,5.3,0,0
2901.69,17,0.8268,3,insufficient_funds,1,91,trialing,3.4,card,starter,0.2,1,1
6759.26,22,0.4386,1,insufficient_funds,0,45,active,0.4,upi,enterprise,1.3,0,0
3889.28,8,0.8947,2,gateway_timeout,1,71,active,10.4,card,regular,14.9,1,1
585.36,13,0.4796,2,gateway_timeout,0,192,active,14.6,card,enterprise,0.1,0,1
1266.07,13,0.8821,0,insufficient_funds,4,344,active,0.6,upi,regular,0.7,1,1
9362.85,1,0.8049,1,network_error,0,518,active,0.8,card,enterprise,17.6,1,1
6653.33,1,0.8408,2,insufficient_funds,3,569,active,2.9,card,vip,8.2,0,1
11457.65,0,0.9146,1,insufficient_funds,0,214,active,1.3,card,enterprise,6.3,0,1
825.31,3,0.8628,1,authentication_failed,0,500,past_due,1.2,card,enterprise,15.6,1,1
23338.37,6,0.7807,2,authentication_failed,0,76,active,4.6,card,enterprise,1.0,0,1
1374.86,58,0.6965,0,insufficient_funds,0,146,active,6.0,card,regular,3.1,0,1
259.25,5,0.5181,1,authentication_failed,0,63,active,2.7,upi,vip,1.0,1,1
30005.53,12,0.55,0,card_expired,0,37,active,1.2,card,regular,6.8,1,1
1849.98,11,0.6351,2,authentication_failed,0,276,active,9.2,wallet,enterprise,9.5,1,1
5713.39,2,0.369,0,network_error,2,68,active,4.8,card,regular,9.9,1,1
1172.07,0,0.4359,1,network_error,1,209,active,4.4,wallet,enterprise,2.8,0,1
4540.22,7,0.7422,0,gateway_timeout,1,19,trialing,4.0,upi,regular,7.8,0,1
11918.86,11,0.8548,0,gateway_timeout,1,46,past_due,8.8,card,regular,15.7,1,1
2129.64,60,0.2881,1,gateway_timeout,3,92,active,0.8,upi,regular,4.8,1,1
5747.16,4,0.6263,0,card_expired,0,126,active,3.7,upi,starter,9.6,1,1
1240.68,21,0.7417,1,card_expired,1,74,active,2.8,card,regular,7.5,1,1
5101.42,4,0.528,2,gateway_timeout,0,321,trialing,2.8,upi,regular,1.9,0,1
2250.76,11,0.8939,4,card_expired,5,16,canceled,0.5,netbanking,regular,12.2,0,0
1386.26,8,0.4728,2,insufficient_funds,1,203,active,0.8,wallet,starter,9.3,0,1
2078.43,0,0.8812,0,authentication_failed,3,7,active,3.1,card,starter,1.4,1,1
1185.19,0,0.9311,1,card_expired,3,590,past_due,1.2,upi,starter,0.4,0,0
11809.66,0,0.8285,2,insufficient_funds,0,249,active,11.7,netbanking,enterprise,3.6,1,1
2730.74,4,0.5728,3,gateway_timeout,1,288,past_due,0.9,upi,starter,1.1,1,1
1607.04,12,0.6452,1,gateway_timeout,1,302,canceled,3.2,card,regular,3.4,0,0
3174.73,1,0.8807,4,insufficient_funds,2,193,canceled,2.2,card,starter,10.4,1,1
2132.26,8,0.7153,1,insufficient_funds,0,30,active,3.3,upi,regular,0.4,0,1
7021.08,3,0.441,2,gateway_timeout,2,137,active,2.6,card,regular,0.8,1,1
17940.36,15,0.6193,2,gateway_timeout,0,346,trialing,1.2,netbanking,enterprise,0.9,1,1
3081.57,15,0.6175,1,gateway_timeout,1,1008,active,11.9,card,starter,9.1,0,1
10067.61,14,0.954,0,insufficient_funds,3,93,active,0.5,upi,regular,0.5,0,1
4371.98,7,0.8353,1,gateway_timeout,0,254,past_due,0.4,netbanking,starter,1.9,1,1
1055.34,3,0.7626,4,insufficient_funds,0,1017,past_due,12.0,wallet,starter,0.2,0,0
6065.97,15,0.8067,1,network_error,0,214,active,2.2,card,regular,7.4,1,1
3801.92,1,0.3368,0,insufficient_funds,0,409,active,2.3,netbanking,starter,5.1,0,1
5457.78,3,0.5742,2,authentication_failed,1,224,active,1.1,card,vip,1.0,1,0
11222.19,1,0.3288,2,gateway_timeout,3,143,active,2.9,card,enterprise,1.3,0,1
3102.97,10,0.8759,1,insufficient_funds,2,282,active,1.0,upi,regular,0.6,1,1
11772.16,11,0.9207,1,gateway_timeout,2,497,canceled,12.0,upi,enterprise,3.6,0,1
7144.87,10,0.646,1,insufficient_funds,0,382,active,0.4,netbanking,enterprise,0.5,1,1
3553.06,5,0.9071,1,insufficient_funds,0,524,canceled,1.8,card,regular,0.9,1,1
4821.89,1,0.9467,3,insufficient_funds,1,757,active,2.9,wallet,enterprise,3.4,0,0
2169.52,22,0.6145,0,insufficient_funds,0,342,trialing,8.1,upi,enterprise,6.6,0,1
20751.55,6,0.3351,3,authentication_failed,2,456,active,0.1,card,regular,1.7,1,1
5703.34,4,0.6165,2,network_error,4,77,trialing,3.3,upi,regular,1.3,0,1
424.19,8,0.9043,3,authentication_failed,2,43,active,0.6,netbanking,regular,7.0,0,1
2177.24,2,0.7197,1,authentication_failed,4,122,past_due,0.4,card,regular,1.5,0,1
5081.72,1,0.4616,4,insufficient_funds,4,93,unpaid,11.4,card,regular,5.9,0,0
489.91,4,0.5635,0,insufficient_funds,0,134,trialing,0.1,card,regular,3.6,0,1
320.87,2,0.4544,2,gateway_timeout,1,39,active,1.2,card,starter,3.5,0,1
3189.41,2,0.6115,3,insufficient_funds,2,137,past_due,11.2,upi,starter,3.3,0,0
2222.5,21,0.9426,1,gateway_timeout,1,429,active,1.9,upi,regular,0.4,1,1
3083.92,7,0.6688,2,card_expired,1,14,past_due,1.8,upi,vip,16.9,1,0
1723.76,6,0.8608,2,insufficient_funds,0,74,active,1.5,card,enterprise,3.1,0,1
1099.93,11,0.8391,1,gateway_timeout,1,126,active,1.2,card,regular,2.7,1,1
6042.12,28,0.6517,2,network_error,0,218,unpaid,0.8,wallet,regular,0.5,1,1
3813.61,1,0.7667,0,authentication_failed,0,143,unpaid,1.1,card,enterprise,2.7,0,1
1316.68,17,0.9541,4,insufficient_funds,0,9,active,0.1,upi,vip,6.8,1,1
2125.29,8,0.7263,3,authentication_failed,0,255,unpaid,1.7,card,regular,1.2,0,1
4680.09,1,0.6249,2,card_expired,0,312,active,0.2,card,regular,5.6,1,1
574.85,3,0.7503,6,authentication_failed,1,31,active,3.8,card,regular,6.9,1,1
997.63,6,0.9618,0,authentication_failed,1,4,past_due,6.4,netbanking,regular,4.9,0,1
580.33,11,0.5933,2,insufficient_funds,0,202,trialing,0.7,netbanking,regular,18.6,1,0
8565.01,2,0.8301,1,insufficient_funds,1,505,active,6.5,card,starter,2.9,1,0
7179.89,7,0.6283,2,insufficient_funds,0,346,trialing,0.2,upi,regular,1.8,0,1
7198.17,10,0.7785,1,authentication_failed,3,175,trialing,2.2,upi,regular,0.2,1,1
6499.64,5,0.7656,2,authentication_failed,1,108,active,7.4,card,enterprise,1.4,1,1
5734.01,18,0.9221,0,insufficient_funds,0,7,past_due,4.9,card,enterprise,6.1,0,1
3440.79,19,0.8129,0,gateway_timeout,0,383,past_due,2.0,upi,enterprise,1.8,0,1
5340.0,6,0.842,1,authentication_failed,1,65,active,5.0,upi,regular,1.8,1,0
395.58,34,0.7389,2,gateway_timeout,1,1106,active,0.4,card,vip,6.2,0,1
5057.23,0,0.9186,1,authentication_failed,1,19,active,0.8,upi,regular,4.3,0,1
7722.64,0,0.4654,0,insufficient_funds,1,549,paused,5.7,upi,enterprise,2.8,1,1
3669.32,4,0.6528,1,insufficient_funds,1,71,trialing,2.6,card,starter,0.3,1,0
2412.05,8,0.7441,0,insufficient_funds,4,579,active,1.6,upi,regular,0.7,0,1
1824.68,9,0.9117,3,insufficient_funds,1,144,trialing,0.4,card,regular,3.0,1,1
5347.33,6,0.9276,1,card_expired,0,66,active,2.0,wallet,enterprise,4.4,1,1
6101.3,1,0.5157,0,authentication_failed,1,29,unpaid,1.5,netbanking,regular,2.5,1,0
10438.46,1,0.4821,3,network_error,0,34,trialing,0.6,card,regular,1.4,1,1
2295.29,18,0.4437,1,card_expired,0,713,trialing,2.9,upi,regular,9.2,0,1
7543.43,19,0.72,2,insufficient_funds,2,84,active,0.6,upi,enterprise,6.3,1,1
4320.33,10,0.464,0,card_expired,0,895,active,8.8,upi,regular,11.7,0,1
10920.92,10,0.6139,1,gateway_timeout,2,446,trialing,21.1,card,regular,12.5,0,1
3951.89,8,0.6913,1,network_error,1,336,active,0.7,upi,regular,5.3,0,1
3845.22,2,0.6691,1,card_expired,1,317,unpaid,0.6,upi,enterprise,2.5,0,0
4512.29,5,0.7904,2,insufficient_funds,3,553,past_due,2.6,netbanking,regular,3.2,1,1
7117.8,11,0.8799,1,authentication_failed,3,64,active,15.4,netbanking,regular,0.3,1,0
16918.01,7,0.8515,1,authentication_failed,0,586,active,2.4,card,regular,0.6,0,1
582.05,0,0.7967,1,network_error,2,149,unpaid,2.1,upi,regular,1.5,0,1
474.58,29,0.8652,0,insufficient_funds,1,350,active,12.4,card,vip,0.9,1,1
14066.97,17,0.8471,1,insufficient_funds,1,390,active,2.4,card,enterprise,0.6,1,1
3973.79,2,0.6994,1,authentication_failed,0,455,active,6.4,upi,enterprise,3.0,0,1
4971.3,9,0.5341,2,insufficient_funds,2,150,canceled,2.3,card,enterprise,3.9,1,0
3492.99,24,0.8718,2,insufficient_funds,3,73,paused,4.8,netbanking,vip,8.6,0,1
691.69,0,0.5939,3,authentication_failed,2,506,active,10.1,wallet,vip,3.6,0,0
7507.02,6,0.5529,1,authentication_failed,0,17,active,4.2,card,regular,3.2,0,0
7076.27,5,0.8339,0,insufficient_funds,0,215,paused,14.1,card,regular,1.9,1,1
2067.68,5,0.8998,1,insufficient_funds,1,364,active,5.3,card,regular,8.1,1,1
2028.14,17,0.8238,2,gateway_timeout,0,523,active,0.3,upi,regular,5.5,1,1
9295.9,4,0.9386,0,authentication_failed,0,33,active,0.2,card,regular,1.0,1,1
575.54,0,0.8093,2,insufficient_funds,0,157,active,0.6,card,vip,3.8,0,1
10847.58,0,0.6426,2,insufficient_funds,0,295,active,0.6,card,starter,0.9,0,0
1683.02,0,0.2945,0,gateway_timeout,5,596,trialing,0.1,card,regular,6.1,1,1
4694.52,4,0.6671,1,insufficient_funds,3,250,active,1.9,wallet,regular,1.9,0,0
13943.91,12,0.8386,1,insufficient_funds,0,69,active,19.7,card,enterprise,3.7,1,1
5867.92,2,0.7842,0,authentication_failed,2,37,active,3.5,upi,regular,0.1,1,1
2875.85,9,0.3025,1,insufficient_funds,0,132,active,5.4,wallet,enterprise,9.8,1,0
6048.41,11,0.7525,1,gateway_timeout,2,47,active,2.4,upi,regular,2.5,0,1
2307.82,2,0.6569,1,insufficient_funds,0,303,active,0.8,upi,regular,0.1,0,1
1823.52,8,0.8549,1,card_expired,1,188,active,1.7,netbanking,regular,0.4,1,1
28743.89,10,0.9369,1,authentication_failed,0,71,active,1.0,upi,regular,8.2,0,1
7147.3,5,0.7464,1,network_error,1,241,active,3.2,card,enterprise,7.7,1,1
5374.25,3,0.4969,2,insufficient_funds,1,25,trialing,2.5,upi,enterprise,0.7,1,1
2394.77,9,0.5759,1,network_error,0,249,active,7.7,card,enterprise,6.3,1,1
452.05,36,0.7568,4,authentication_failed,2,276,active,1.0,netbanking,regular,3.9,0,0
357.75,5,0.4526,0,insufficient_funds,1,5,active,3.4,card,regular,7.1,0,1
4239.21,4,0.7482,1,authentication_failed,0,278,active,0.1,card,regular,1.6,0,1
7378.11,5,0.8168,2,insufficient_funds,1,98,canceled,6.4,netbanking,regular,0.4,1,1
4054.24,0,0.6921,2,insufficient_funds,0,13,past_due,3.3,card,regular,0.8,0,0
9387.5,7,0.5426,1,gateway_timeout,1,139,trialing,0.3,upi,regular,13.6,0,1
369.99,3,0.8982,4,insufficient_funds,1,112,trialing,6.8,card,regular,1.3,1,1
2484.47,1,0.6651,2,insufficient_funds,1,304,active,0.3,netbanking,regular,15.4,0,1
1552.95,5,0.8009,1,gateway_timeout,1,297,canceled,2.3,upi,enterprise,3.3,0,1
3164.46,0,0.8253,1,insufficient_funds,0,143,canceled,8.0,card,regular,3.0,1,1
575.65,4,0.6015,2,card_expired,1,268,active,0.2,upi,enterprise,17.3,1,1
15609.9,1,0.8454,0,authentication_failed,0,484,active,1.2,netbanking,regular,1.2,0,1
1463.22,0,0.5303,1,authentication_failed,0,15,active,1.5,upi,regular,6.2,0,1
12975.0,16,0.7216,0,insufficient_funds,2,41,paused,3.2,card,regular,0.7,1,1
2974.7,23,0.789,3,network_error,0,158,active,2.7,wallet,starter,10.2,1,1
21376.36,2,0.8183,1,authentication_failed,0,461,active,7.5,upi,regular,0.2,1,1
4237.84,7,0.8007,0,insufficient_funds,0,177,canceled,9.1,card,regular,7.4,0,1
13556.15,3,0.6942,1,insufficient_funds,4,51,past_due,1.7,upi,enterprise,1.4,0,0
226.82,6,0.7441,0,insufficient_funds,0,736,active,9.2,upi,enterprise,4.6,0,1
7096.37,5,0.8426,2,gateway_timeout,3,64,unpaid,2.0,netbanking,regular,9.6,0,0
11867.83,2,0.733,2,insufficient_funds,1,441,canceled,6.1,netbanking,regular,6.7,0,0
952.49,11,0.6036,2,insufficient_funds,1,1500,active,3.5,card,vip,15.9,1,1
705.33,1,0.6707,2,network_error,1,236,active,6.7,upi,vip,9.6,0,1
2963.21,0,0.7187,1,authentication_failed,1,54,trialing,3.8,upi,regular,2.7,1,1
13766.24,13,0.5566,0,insufficient_funds,1,173,active,6.4,card,regular,2.3,0,1
4108.65,10,0.7037,1,authentication_failed,0,285,active,3.5,card,enterprise,7.2,1,1
3948.13,6,0.5242,1,insufficient_funds,3,38,active,0.5,card,regular,1.7,0,0
960.67,5,0.8095,1,gateway_timeout,2,940,active,6.2,upi,regular,2.3,1,1
203.95,6,0.6136,2,insufficient_funds,4,789,active,4.7,card,regular,9.3,0,0
8507.34,5,0.8335,0,insufficient_funds,2,177,canceled,6.0,card,regular,0.7,1,1
658.24,4,0.6382,0,insufficient_funds,0,424,active,0.4,card,enterprise,0.1,0,0
5223.56,6,0.3801,0,insufficient_funds,0,1164,past_due,4.7,upi,starter,15.3,0,1
12503.01,7,0.4264,2,authentication_failed,1,277,active,6.0,card,vip,1.2,0,0
1370.09,11,0.7664,2,insufficient_funds,0,222,trialing,1.8,netbanking,vip,0.8,1,1
5672.2,11,0.9225,3,insufficient_funds,0,235,canceled,12.2,netbanking,regular,4.4,1,0
609.84,4,0.4943,2,authentication_failed,0,191,past_due,4.5,card,starter,11.2,0,0
4828.61,5,0.7185,2,network_error,0,589,active,0.2,upi,starter,2.5,1,1
1095.22,4,0.9208,1,authentication_failed,0,38,trialing,4.4,upi,regular,5.8,0,1
6858.15,7,0.782,3,insufficient_funds,1,165,past_due,0.1,card,vip,4.9,0,1
1992.18,5,0.4433,0,insufficient_funds,4,4,active,0.7,card,enterprise,2.7,1,1
3312.43,20,0.6019,2,insufficient_funds,0,554,active,2.0,upi,regular,0.5,0,1
4774.34,11,0.9722,2,gateway_timeout,0,94,canceled,1.6,upi,regular,13.1,1,1
1139.32,21,0.7852,2,network_error,3,161,active,5.1,upi,regular,19.2,0,1
6966.96,11,0.4759,1,insufficient_funds,1,255,active,1.4,card,regular,4.0,1,0
2002.27,33,0.8299,1,network_error,1,33,active,6.0,upi,regular,0.6,0,1
5629.05,9,0.8923,1,insufficient_funds,0,349,active,1.3,wallet,enterprise,6.2,0,1
1061.56,31,0.6921,1,network_error,0,178,active,3.2,card,vip,0.3,1,1
6025.65,1,0.8904,1,authentication_failed,1,18,past_due,4.0,upi,regular,4.5,0,1
885.91,0,0.8594,1,insufficient_funds,0,42,canceled,11.1,wallet,enterprise,3.4,0,1
2970.03,8,0.7275,1,insufficient_funds,2,225,trialing,0.1,netbanking,enterprise,0.3,0,1
1619.82,38,0.9414,0,network_error,1,142,canceled,1.5,card,regular,0.8,0,1
7099.08,5,0.8473,0,insufficient_funds,4,600,active,0.9,card,enterprise,0.7,0,1
1719.29,2,0.6846,2,insufficient_funds,1,274,active,4.7,card,enterprise,6.2,0,1
10873.39,6,0.7445,3,insufficient_funds,0,226,active,2.5,wallet,regular,7.2,0,0
11319.8,9,0.6715,2,authentication_failed,1,322,active,3.1,card,vip,0.5,0,1
1293.53,3,0.8221,3,insufficient_funds,0,181,trialing,0.3,card,enterprise,2.2,0,1
4957.59,11,0.8705,3,gateway_timeout,3,164,canceled,3.3,card,regular,0.7,0,0
659.03,35,0.8746,1,card_expired,0,962,active,1.4,wallet,enterprise,12.4,0,1
2684.1,21,0.921,2,insufficient_funds,1,574,past_due,5.9,upi,regular,0.3,0,1
6446.97,3,0.8613,0,gateway_timeout,3,50,active,1.8,upi,enterprise,2.6,1,1
5585.57,3,0.8292,2,gateway_timeout,0,57,active,0.2,netbanking,enterprise,1.4,0,1
5100.16,4,0.5149,3,authentication_failed,1,77,past_due,0.3,upi,regular,13.8,0,0
1860.2,4,0.8905,4,insufficient_funds,2,328,active,1.5,upi,regular,10.5,0,1
2574.28,1,0.7557,3,gateway_timeout,0,687,past_due,1.6,card,regular,2.2,0,1
743.2,13,0.8485,4,insufficient_funds,0,34,active,4.6,upi,vip,2.9,0,1
6547.41,4,0.5725,0,insufficient_funds,0,1327,trialing,1.4,wallet,starter,0.5,1,1
3704.78,20,0.9078,1,insufficient_funds,2,98,active,5.8,card,vip,2.5,1,1
6368.13,24,0.6117,3,insufficient_funds,0,106,active,3.2,card,regular,4.0,1,1
1631.37,0,0.4783,0,insufficient_funds,4,191,active,1.5,card,regular,2.3,1,0
2161.05,42,0.9465,2,insufficient_funds,0,26,past_due,1.2,card,regular,0.4,0,1
2233.94,11,0.5579,1,insufficient_funds,1,642,active,1.6,card,regular,1.2,0,1
330.4,6,0.3782,0,insufficient_funds,0,5,paused,1.5,card,regular,1.6,0,1
2285.52,4,0.9169,1,authentication_failed,2,2,past_due,3.6,card,regular,7.4,1,1
8330.49,6,0.8103,0,card_expired,0,881,active,6.1,netbanking,enterprise,1.1,0,1
11579.64,3,0.7547,0,network_error,1,129,trialing,1.0,upi,starter,5.9,0,1
3851.32,9,0.517,2,insufficient_funds,4,72,trialing,6.1,card,starter,1.9,0,0
3239.45,0,0.5257,1,network_error,1,81,active,0.1,upi,vip,0.6,0,1
356.55,9,0.6093,0,authentication_failed,1,171,trialing,1.5,card,regular,3.5,1,1
10768.27,3,0.8836,0,card_expired,3,563,active,1.7,card,enterprise,8.7,1,1
265.48,0,0.9279,2,insufficient_funds,3,344,past_due,0.2,card,vip,1.8,0,0
14679.44,7,0.871,0,insufficient_funds,2,48,past_due,3.1,wallet,regular,4.4,1,1
3559.04,8,0.753,2,insufficient_funds,0,105,unpaid,0.2,upi,regular,8.8,0,1
2292.25,5,0.8492,1,insufficient_funds,2,139,past_due,4.2,upi,regular,1.6,0,1
13099.5,0,0.7234,1,authentication_failed,2,1130,active,4.3,upi,regular,0.5,1,1
323.47,21,0.6077,1,insufficient_funds,0,378,active,0.8,netbanking,vip,1.3,1,1
4554.49,8,0.8546,3,authentication_failed,1,169,paused,0.3,card,regular,9.8,0,1
4180.69,1,0.6244,1,gateway_timeout,0,72,active,0.4,upi,vip,2.0,0,1
1437.95,6,0.8427,2,insufficient_funds,0,43,past_due,1.2,upi,regular,1.0,1,1
3000.84,6,0.792,0,authentication_failed,0,47,past_due,6.1,upi,regular,3.5,0,1
5481.56,0,0.7478,2,insufficient_funds,3,102,trialing,3.5,card,regular,4.8,1,1
6693.82,8,0.7922,2,card_expired,3,188,canceled,3.6,upi,regular,3.1,1,1
203.59,15,0.616,3,network_error,2,47,past_due,2.7,card,vip,2.0,0,1
14011.48,13,0.7851,0,gateway_timeout,0,333,active,3.7,upi,regular,3.4,0,1
1098.78,2,0.7409,1,insufficient_funds,2,686,active,12.2,card,vip,11.7,1,1
1530.13,18,0.7499,2,network_error,0,188,active,7.8,netbanking,regular,5.2,1,1
1729.05,3,0.6278,0,gateway_timeout,0,114,canceled,0.1,wallet,regular,2.8,0,1
392.77,27,0.9407,0,insufficient_funds,1,301,active,1.9,card,starter,8.4,1,1
856.54,0,0.8783,1,authentication_failed,3,294,trialing,5.8,card,enterprise,0.0,1,1
21670.05,6,0.5666,1,authentication_failed,0,424,active,13.9,card,regular,1.1,0,1
2093.26,8,0.8116,1,authentication_failed,1,677,active,0.8,upi,enterprise,3.9,0,1
812.54,2,0.6291,2,authentication_failed,2,105,past_due,3.9,upi,regular,5.3,0,1
765.79,14,0.7227,3,insufficient_funds,2,35,active,9.1,upi,enterprise,3.4,0,0
6555.19,9,0.7964,4,insufficient_funds,0,591,active,1.9,upi,enterprise,5.3,1,1
9840.26,0,0.6517,3,network_error,1,51,active,1.9,upi,enterprise,4.7,0,1
1684.98,8,0.8297,0,gateway_timeout,3,110,active,0.4,upi,starter,4.2,0,1
305.66,6,0.8225,3,authentication_failed,0,137,past_due,1.7,upi,enterprise,0.8,1,1
1462.15,2,0.6876,2,authentication_failed,0,492,active,11.0,card,regular,2.9,0,1
490.88,51,0.9441,3,insufficient_funds,0,220,active,6.7,upi,regular,2.9,0,1
745.7,21,0.7644,0,insufficient_funds,2,228,past_due,1.1,netbanking,regular,1.3,1,1
3023.84,3,0.7154,1,insufficient_funds,4,368,active,13.0,wallet,enterprise,11.3,1,1
1506.29,7,0.4886,0,network_error,1,1500,past_due,0.4,upi,enterprise,10.6,1,1
3827.79,3,0.9596,3,gateway_timeout,4,834,trialing,20.0,upi,enterprise,1.8,1,1
1661.76,14,0.7662,1,insufficient_funds,4,36,active,2.5,card,starter,1.2,0,0
14312.03,25,0.9221,1,gateway_timeout,2,1043,active,1.1,card,starter,2.5,1,1
12019.32,4,0.6719,1,card_expired,1,323,past_due,0.9,card,regular,0.2,0,1
4382.85,15,0.8662,2,gateway_timeout,2,253,active,5.3,upi,regular,11.4,1,1
2388.06,6,0.6301,0,insufficient_funds,3,127,active,3.8,wallet,regular,1.1,0,0
2599.44,4,0.8747,0,insufficient_funds,3,1213,trialing,13.6,card,enterprise,1.3,0,1
2853.89,26,0.4921,3,insufficient_funds,1,95,active,11.0,wallet,regular,3.0,1,0
6702.04,6,0.511,2,insufficient_funds,3,741,past_due,7.2,upi,regular,4.3,1,1
3204.11,5,0.7283,1,network_error,2,110,active,1.2,card,vip,2.9,0,1
9915.12,10,0.873,2,insufficient_funds,0,39,past_due,6.9,card,enterprise,3.5,1,1
14620.49,2,0.9151,4,authentication_failed,0,249,trialing,5.2,upi,enterprise,10.4,1,1
2246.96,3,0.8199,0,insufficient_funds,2,528,active,9.0,card,regular,8.5,1,1
4312.8,25,0.6723,0,card_expired,2,738,canceled,2.5,upi,regular,0.1,1,1
699.41,10,0.8326,1,authentication_failed,0,428,past_due,1.0,upi,regular,3.3,0,1
1318.65,16,0.8317,1,insufficient_funds,1,127,active,7.5,netbanking,regular,6.7,0,0
2867.62,3,0.5811,1,insufficient_funds,5,374,active,3.8,card,regular,6.0,1,1
1354.64,7,0.8485,2,authentication_failed,0,6,active,2.6,card,enterprise,2.2,1,1
10660.02,33,0.9081,2,authentication_failed,0,51,active,3.9,upi,regular,5.8,0,1
1061.58,3,0.7354,0,network_error,1,213,active,9.1,card,enterprise,5.0,1,1
3240.91,1,0.9422,1,authentication_failed,0,84,trialing,0.6,card,regular,1.5,1,1
4853.21,6,0.8884,1,insufficient_funds,0,280,past_due,0.9,card,starter,1.2,0,1
6086.07,4,0.7492,2,card_expired,3,292,unpaid,0.5,card,enterprise,0.4,1,1
2614.99,1,0.7558,1,card_expired,3,240,past_due,3.6,wallet,regular,2.9,1,1
10366.57,20,0.5944,2,insufficient_funds,2,307,active,0.8,card,enterprise,3.6,0,1
4400.34,44,0.7231,2,card_expired,0,94,active,0.3,card,regular,0.2,0,1
3094.7,7,0.744,3,insufficient_funds,0,62,active,3.7,card,regular,2.6,0,1
548.04,14,0.9092,0,authentication_failed,2,3,past_due,1.2,upi,regular,0.5,0,1
3324.54,18,0.5524,0,authentication_failed,2,268,active,3.7,upi,vip,0.4,1,1
8794.47,11,0.3258,2,card_expired,1,221,trialing,3.7,upi,regular,1.7,1,1
4966.6,0,0.8444,1,insufficient_funds,2,102,active,1.3,wallet,vip,3.7,1,1
9123.79,1,0.8032,0,insufficient_funds,3,107,active,8.1,upi,enterprise,4.7,1,0
3606.21,0,0.8693,0,authentication_failed,2,60,active,3.9,card,regular,4.2,1,1
830.43,0,0.8174,1,authentication_failed,2,106,past_due,3.7,upi,enterprise,16.6,1,1
268.67,3,0.8595,2,network_error,2,91,trialing,8.6,wallet,enterprise,1.3,0,1
2006.42,4,0.7533,1,insufficient_funds,0,894,active,10.6,card,regular,2.9,0,1
6186.48,2,0.4833,2,insufficient_funds,1,175,active,6.9,card,enterprise,3.5,0,1
8009.43,0,0.6982,5,gateway_timeout,1,219,canceled,3.4,card,regular,1.2,0,1
1953.13,7,0.8726,0,authentication_failed,0,6,active,3.1,card,regular,1.4,1,1
3622.46,3,0.7929,1,network_error,5,440,active,1.6,card,regular,5.2,1,1
2933.29,15,0.7112,0,insufficient_funds,1,352,active,0.6,card,regular,9.8,1,1
2842.6,0,0.7002,6,insufficient_funds,2,181,active,5.9,upi,enterprise,2.7,0,1
1515.59,17,0.8583,2,authentication_failed,1,376,active,7.6,netbanking,vip,4.5,1,1
933.06,29,0.6477,2,authentication_failed,0,45,active,2.0,card,vip,20.4,1,1
1295.06,11,0.779,1,authentication_failed,1,149,past_due,8.4,card,starter,7.5,0,1
484.61,12,0.759,1,gateway_timeout,0,69,active,5.0,card,starter,0.6,0,1
1304.05,25,0.8435,0,insufficient_funds,0,225,past_due,9.6,upi,regular,37.7,0,0
246.22,2,0.8698,3,insufficient_funds,0,244,active,7.3,upi,starter,5.9,0,0
5134.35,49,0.873,3,insufficient_funds,3,1058,active,0.1,wallet,enterprise,0.9,0,1
2101.73,14,0.8877,2,authentication_failed,1,5,active,1.2,upi,regular,1.3,0,1
18286.46,12,0.846,4,card_expired,5,111,active,4.2,card,vip,5.6,1,0
1276.6,4,0.4947,1,insufficient_funds,2,738,active,6.8,upi,enterprise,9.2,0,0
2321.93,7,0.8545,2,insufficient_funds,1,870,active,8.0,card,regular,3.7,0,1
2414.6,10,0.3059,1,card_expired,1,211,active,5.7,card,vip,4.2,0,1
242.44,9,0.7071,0,insufficient_funds,1,210,canceled,0.5,netbanking,enterprise,1.1,1,1
9338.22,11,0.8402,1,insufficient_funds,0,138,active,0.2,upi,vip,4.7,1,1
362.59,0,0.7197,0,authentication_failed,0,60,active,4.0,upi,enterprise,4.4,1,1
14282.06,4,0.8257,3,insufficient_funds,1,20,active,1.4,card,enterprise,2.9,0,1
11331.56,5,0.7664,4,gateway_timeout,3,121,active,7.7,upi,regular,0.3,1,1
4034.2,2,0.6683,0,gateway_timeout,1,106,active,5.3,card,vip,5.4,1,1
4121.88,1,0.862,3,insufficient_funds,1,202,active,12.8,upi,regular,3.7,0,0
5503.37,1,0.3991,2,insufficient_funds,1,107,active,0.7,card,vip,3.3,0,0
2647.36,4,0.6616,1,insufficient_funds,0,141,active,18.4,card,starter,16.7,0,0
5409.59,6,0.9777,0,insufficient_funds,0,233,active,2.4,upi,regular,4.3,0,1
429.01,0,0.913,1,network_error,2,306,past_due,1.6,upi,starter,13.4,0,1
477.82,27,0.5915,1,insufficient_funds,0,4,active,3.8,upi,regular,5.8,0,1
3255.35,13,0.6065,1,insufficient_funds,0,60,active,8.2,card,starter,1.1,0,1
4188.34,12,0.6265,2,insufficient_funds,1,53,unpaid,12.9,card,starter,4.1,0,0
11138.15,1,0.7195,2,authentication_failed,2,136,active,3.1,card,vip,6.9,1,1
752.76,8,0.5557,0,network_error,0,21,active,2.1,card,enterprise,6.9,1,1
8848.09,7,0.8601,3,insufficient_funds,1,581,active,1.5,upi,starter,0.6,0,1
1378.91,38,0.4769,3,insufficient_funds,1,138,active,2.7,card,regular,0.5,0,1
2705.07,13,0.719,1,authentication_failed,3,447,active,5.9,upi,regular,0.1,1,1
2103.39,8,0.8109,2,gateway_timeout,1,639,active,0.1,upi,starter,5.2,0,1
2755.42,18,0.9003,0,insufficient_funds,3,57,active,5.5,upi,regular,2.5,1,1
1015.51,1,0.7718,2,insufficient_funds,0,172,trialing,0.6,upi,enterprise,7.9,1,1
3701.56,0,0.8753,2,gateway_timeout,1,878,past_due,5.9,upi,starter,10.3,1,1
8288.42,11,0.8238,0,authentication_failed,1,431,past_due,0.3,card,vip,7.3,1,1
3112.81,0,0.4031,1,gateway_timeout,3,11,active,0.6,upi,vip,3.5,1,1
3572.74,1,0.8157,2,insufficient_funds,2,864,canceled,4.9,card,starter,3.5,1,1
9644.69,12,0.2448,3,card_expired,0,6,past_due,4.0,upi,regular,0.8,0,0
6321.87,2,0.7444,2,insufficient_funds,1,9,active,1.3,upi,regular,4.9,1,1
3571.18,9,0.7952,3,gateway_timeout,0,259,past_due,2.9,upi,vip,2.1,1,1
1689.98,23,0.6938,2,insufficient_funds,5,252,past_due,6.6,upi,enterprise,0.4,1,1
11010.93,3,0.8099,2,authentication_failed,1,439,canceled,2.7,card,starter,5.5,0,1
4502.16,2,0.8549,0,authentication_failed,1,91,canceled,1.8,card,regular,5.2,0,1
1449.67,1,0.8353,3,gateway_timeout,0,166,active,2.0,card,starter,0.2,0,1
1767.53,1,0.7957,2,insufficient_funds,2,483,active,0.8,upi,regular,19.9,1,1
8326.14,0,0.8069,3,insufficient_funds,1,353,active,5.9,upi,regular,0.4,1,1
425.75,0,0.5769,2,insufficient_funds,0,139,past_due,2.6,netbanking,regular,1.0,0,1
24399.52,5,0.958,2,authentication_failed,0,478,active,2.1,upi,enterprise,6.1,0,1
898.33,3,0.7619,3,network_error,1,165,active,3.0,card,regular,7.2,1,1
8149.86,11,0.5794,2,gateway_timeout,0,190,active,4.1,card,enterprise,1.9,1,1
2710.78,19,0.8615,1,card_expired,4,221,active,1.5,card,regular,5.0,1,1
3588.5,14,0.5717,0,insufficient_funds,0,117,trialing,4.8,upi,regular,2.0,1,1
10828.5,7,0.7298,1,insufficient_funds,0,85,active,0.5,card,vip,2.0,0,1
2862.9,1,0.7162,1,gateway_timeout,2,284,past_due,6.5,wallet,regular,13.2,0,0
4055.48,11,0.7433,1,card_expired,0,43,active,1.3,upi,regular,6.3,1,1
452.78,4,0.5377,1,network_error,1,174,canceled,0.8,upi,starter,3.6,1,0
211.75,0,0.3247,1,insufficient_funds,1,96,active,16.0,card,regular,1.3,1,1
1603.86,17,0.5021,1,authentication_failed,0,120,active,8.2,upi,enterprise,1.8,1,1
5906.29,3,0.8634,1,gateway_timeout,4,155,trialing,4.3,upi,vip,12.3,1,1
846.36,2,0.6067,0,network_error,1,57,past_due,3.2,upi,regular,4.0,0,1
803.85,19,0.9327,0,gateway_timeout,0,169,canceled,1.5,upi,vip,3.9,1,1
2846.31,22,0.8887,3,insufficient_funds,1,332,past_due,4.0,card,enterprise,2.2,1,1
5418.31,3,0.7682,1,gateway_timeout,2,67,active,1.3,upi,regular,0.6,0,1
6425.22,4,0.797,1,insufficient_funds,1,480,canceled,2.4,card,regular,3.5,1,1
1182.82,8,0.8935,1,network_error,0,143,active,3.4,card,starter,14.2,1,1
614.67,12,0.8718,2,insufficient_funds,1,342,trialing,1.1,upi,regular,5.5,1,0
14300.25,0,0.6335,2,insufficient_funds,0,285,unpaid,3.8,card,enterprise,2.2,0,0
1710.03,8,0.7907,2,gateway_timeout,0,131,unpaid,1.1,upi,vip,8.1,1,1
9798.41,28,0.9327,1,insufficient_funds,1,418,past_due,0.6,upi,enterprise,11.2,0,1
10156.84,2,0.9451,1,gateway_timeout,5,8,canceled,6.5,netbanking,enterprise,1.7,0,1
7603.52,22,0.2093,0,insufficient_funds,1,76,unpaid,4.7,netbanking,regular,1.8,1,0
1124.63,28,0.7485,0,network_error,2,3,trialing,1.3,upi,regular,5.4,1,0
8824.28,2,0.9022,2,gateway_timeout,2,394,active,5.3,card,regular,3.7,0,1
7532.11,13,0.9016,0,gateway_timeout,0,37,active,0.8,upi,regular,2.5,1,1
4740.66,2,0.4104,1,authentication_failed,3,132,active,5.3,upi,regular,1.1,0,0
2256.43,12,0.5964,2,insufficient_funds,2,236,active,0.1,netbanking,regular,1.7,1,1
1722.5,15,0.7453,1,insufficient_funds,1,879,past_due,0.1,upi,enterprise,1.6,0,0
849.91,2,0.7633,2,insufficient_funds,1,1500,active,0.3,card,starter,0.3,0,1
3764.27,11,0.6924,0,gateway_timeout,0,511,past_due,2.3,upi,regular,0.3,0,1
4600.53,15,0.7219,1,gateway_timeout,1,193,active,0.8,card,regular,3.8,0,1
2426.27,4,0.9828,1,card_expired,0,36,active,5.6,upi,vip,6.5,0,1
3425.21,1,0.737,1,gateway_timeout,3,113,active,13.1,card,regular,1.2,0,1
2458.97,0,0.5018,3,insufficient_funds,0,502,active,2.5,netbanking,starter,7.9,1,1
5322.25,8,0.901,0,network_error,4,787,past_due,3.6,card,regular,26.2,1,0
11776.29,36,0.3873,1,authentication_failed,1,268,active,1.7,card,regular,8.0,1,1
1095.16,16,0.6172,0,insufficient_funds,2,410,past_due,2.2,upi,regular,2.3,1,1
2601.55,5,0.7504,4,card_expired,0,401,canceled,3.9,card,starter,7.9,1,1
959.17,7,0.5957,2,card_expired,4,823,trialing,3.1,upi,enterprise,3.0,1,0
5103.4,3,0.7411,1,gateway_timeout,3,414,active,1.5,upi,enterprise,1.8,0,1
6725.79,1,0.8565,0,network_error,1,113,past_due,1.1,card,starter,2.2,1,1
13634.83,6,0.5376,0,insufficient_funds,3,162,active,3.8,card,vip,5.5,0,1
1834.69,5,0.512,0,card_expired,1,71,active,9.8,card,starter,0.2,0,1
15199.83,7,0.6886,2,network_error,0,43,active,0.2,upi,vip,9.8,1,1
526.76,28,0.7119,1,gateway_timeout,0,109,active,0.3,card,enterprise,5.0,0,1
4819.27,8,0.7941,1,gateway_timeout,0,280,canceled,0.9,card,regular,12.4,0,0
494.15,8,0.7259,2,insufficient_funds,0,226,past_due,4.6,card,regular,5.0,0,0
11410.94,1,0.8375,3,insufficient_funds,1,349,active,0.3,netbanking,enterprise,7.3,0,1
3973.08,53,0.8746,1,card_expired,4,563,past_due,9.0,upi,enterprise,5.4,0,1
5733.45,14,0.7866,1,insufficient_funds,0,13,active,1.9,card,regular,4.7,0,1
9106.29,19,0.8274,1,insufficient_funds,4,72,active,0.7,card,regular,8.4,0,1
1014.42,5,0.9654,3,authentication_failed,3,380,paused,4.5,upi,starter,1.8,0,0
396.78,6,0.8698,2,insufficient_funds,0,642,trialing,15.3,card,enterprise,0.0,1,1
10754.91,7,0.7041,1,gateway_timeout,3,689,active,5.3,upi,regular,3.0,0,1
2091.19,2,0.4569,0,network_error,0,52,active,2.3,wallet,vip,3.9,0,0
890.45,11,0.8351,1,insufficient_funds,0,27,active,9.6,upi,regular,3.8,0,1
3359.9,22,0.7723,2,insufficient_funds,0,671,active,1.7,card,vip,0.1,0,1
4760.32,1,0.7736,1,authentication_failed,1,18,unpaid,0.8,upi,starter,4.3,1,0
357.3,0,0.9012,1,gateway_timeout,1,272,active,15.2,upi,enterprise,3.4,1,1
1807.2,12,0.5633,1,network_error,0,128,active,5.1,netbanking,regular,5.1,1,1
366.75,3,0.6004,1,authentication_failed,2,82,unpaid,1.1,upi,regular,26.4,1,0
2926.53,9,0.9831,1,insufficient_funds,0,80,trialing,3.8,card,enterprise,1.3,1,1
11473.74,11,0.8503,1,card_expired,1,112,trialing,4.1,upi,regular,0.2,1,1
20471.51,3,0.7649,0,gateway_timeout,0,113,past_due,2.1,card,starter,19.1,1,1
5267.42,16,0.7586,3,authentication_failed,0,423,canceled,4.9,card,enterprise,6.2,1,1
1081.52,7,0.8747,0,card_expired,3,190,unpaid,1.7,card,regular,1.5,0,0
12014.3,19,0.4469,1,insufficient_funds,4,710,active,2.2,card,regular,19.3,1,1
3830.91,13,0.5218,2,authentication_failed,0,256,past_due,22.0,card,enterprise,0.5,1,1
1034.7,19,0.8272,1,card_expired,2,132,paused,15.4,upi,enterprise,1.9,1,0
12937.74,0,0.9071,1,insufficient_funds,1,191,active,0.4,netbanking,regular,2.6,0,1
7283.13,2,0.846,1,authentication_failed,4,701,active,3.3,card,starter,2.9,1,1
6778.35,0,0.5733,2,insufficient_funds,0,450,active,0.9,upi,regular,2.6,0,1
6375.27,5,0.5415,3,authentication_failed,1,646,past_due,1.3,card,regular,2.3,0,1
1317.84,20,0.5699,2,insufficient_funds,0,308,active,4.7,upi,enterprise,1.8,1,1
1384.99,5,0.766,3,authentication_failed,0,251,active,5.5,card,starter,5.3,0,1
6028.46,17,0.9084,1,authentication_failed,1,71,active,1.6,upi,starter,11.5,0,1
1440.53,3,0.828,0,insufficient_funds,1,109,paused,3.3,card,regular,7.0,0,0
3087.25,3,0.8265,0,insufficient_funds,2,15,past_due,4.3,upi,regular,1.1,0,1
7816.34,21,0.5061,2,insufficient_funds,0,215,active,3.0,wallet,regular,0.1,1,1
7861.29,5,0.5462,1,authentication_failed,0,256,past_due,0.1,card,enterprise,3.4,0,1
3218.93,14,0.921,2,insufficient_funds,0,348,past_due,0.5,card,regular,7.4,0,1
8055.65,2,0.4656,3,authentication_failed,0,485,past_due,0.4,card,regular,11.3,1,1
9320.02,28,0.917,1,authentication_failed,0,88,trialing,1.9,card,regular,2.2,1,1
5517.81,8,0.7757,4,insufficient_funds,3,49,past_due,2.3,card,regular,3.2,0,1
1496.61,13,0.8531,3,card_expired,1,32,active,1.6,card,regular,0.2,0,1
1801.11,0,0.9399,2,insufficient_funds,0,196,active,3.4,upi,starter,1.1,1,1
2090.52,6,0.629,1,card_expired,0,78,active,0.4,card,regular,6.8,1,0
821.04,21,0.4406,0,authentication_failed,2,55,past_due,18.4,upi,enterprise,1.8,1,1
1795.24,19,0.8784,0,insufficient_funds,1,204,active,2.1,upi,regular,3.7,1,1
1375.57,0,0.6694,0,gateway_timeout,1,230,active,0.2,card,vip,2.0,0,1
3237.86,3,0.7881,0,authentication_failed,3,38,active,5.4,upi,starter,1.2,0,1
12153.67,5,0.8613,1,gateway_timeout,1,186,active,1.0,upi,starter,9.4,0,1
751.76,1,0.829,3,insufficient_funds,0,25,active,0.2,upi,regular,4.8,0,1
6569.62,12,0.7856,2,insufficient_funds,2,388,canceled,1.1,netbanking,regular,2.8,0,1
6012.28,1,0.6927,0,authentication_failed,0,222,trialing,0.1,card,starter,9.8,1,1
703.27,4,0.7872,3,insufficient_funds,1,228,trialing,2.6,netbanking,starter,0.4,0,1
12992.06,10,0.7424,0,insufficient_funds,0,316,active,0.6,upi,starter,1.0,1,1
4402.12,6,0.5562,4,card_expired,1,61,canceled,8.2,upi,regular,0.3,1,0
2460.63,12,0.501,2,network_error,0,52,active,5.2,upi,regular,1.8,1,1
7263.98,30,0.8554,2,authentication_failed,4,94,active,8.7,card,regular,7.9,1,1
1687.76,1,0.3134,0,card_expired,0,217,active,1.5,upi,regular,4.5,0,1
6112.85,11,0.8861,1,gateway_timeout,0,436,past_due,7.8,card,regular,1.8,0,1
402.61,2,0.7113,0,authentication_failed,0,1152,unpaid,7.1,card,enterprise,10.2,0,0
9344.44,5,0.768,0,gateway_timeout,0,431,active,0.4,card,regular,2.1,1,1
3172.58,0,0.4603,1,insufficient_funds,1,170,active,4.1,wallet,regular,1.1,1,1
5262.53,1,0.907,0,authentication_failed,0,215,active,8.7,upi,regular,8.9,0,1
1450.25,3,0.5319,0,insufficient_funds,0,84,active,6.1,upi,regular,8.1,0,1
5851.66,3,0.9364,1,network_error,0,64,past_due,5.0,upi,vip,4.0,0,1
7597.32,21,0.3175,1,gateway_timeout,4,39,trialing,2.8,card,enterprise,1.6,0,1
3404.8,12,0.6744,0,authentication_failed,0,183,past_due,10.8,card,regular,2.9,0,1
5008.1,33,0.8796,1,network_error,0,49,active,8.2,netbanking,enterprise,1.8,1,1
3247.03,8,0.6738,2,gateway_timeout,0,14,past_due,3.9,card,regular,0.5,1,0
11425.89,2,0.538,0,insufficient_funds,1,50,past_due,0.2,card,starter,0.2,0,1
3644.47,3,0.7464,0,gateway_timeout,4,122,active,8.0,upi,regular,1.1,1,1
9419.75,3,0.8436,3,network_error,1,65,active,9.9,upi,starter,5.6,0,1
8281.11,3,0.6551,3,network_error,5,63,active,0.3,upi,regular,1.2,0,1
2842.44,10,0.9804,0,insufficient_funds,0,71,active,3.6,card,enterprise,10.3,0,1
1507.37,7,0.6252,1,authentication_failed,3,541,canceled,0.5,wallet,regular,5.4,0,0
2805.07,4,0.893,1,gateway_timeout,0,22,past_due,2.7,card,enterprise,0.7,1,1
8949.75,1,0.6506,6,network_error,1,98,canceled,1.6,upi,enterprise,8.0,0,0
1491.47,0,0.7605,0,insufficient_funds,0,126,active,2.5,upi,regular,4.5,1,1
3916.27,2,0.8164,1,gateway_timeout,0,83,active,2.0,upi,regular,8.6,1,1
8401.98,1,0.5748,3,authentication_failed,0,120,active,11.7,card,regular,2.1,0,1
2380.74,14,0.679,2,card_expired,0,248,canceled,7.5,upi,regular,8.0,1,1
5339.04,1,0.6146,0,gateway_timeout,1,38,active,3.5,card,regular,4.7,0,1
1609.37,12,0.7646,3,authentication_failed,1,112,active,1.7,netbanking,regular,11.5,1,1
778.62,4,0.765,2,network_error,4,38,active,0.9,netbanking,regular,10.1,1,1
8108.73,0,0.6242,0,insufficient_funds,0,328,active,1.5,card,enterprise,6.7,0,1
721.08,15,0.9655,2,insufficient_funds,1,496,canceled,0.1,upi,regular,0.3,1,1
1783.02,8,0.5279,0,gateway_timeout,0,203,active,0.7,card,regular,1.5,1,1
9858.88,2,0.6402,0,insufficient_funds,0,16,active,0.4,upi,vip,3.1,0,1
2326.83,21,0.7276,5,gateway_timeout,0,148,active,3.9,card,vip,1.4,1,1
18268.0,0,0.9793,1,gateway_timeout,3,137,active,2.3,upi,starter,4.7,0,1
19694.14,2,0.8239,2,gateway_timeout,0,401,active,0.8,upi,regular,0.2,0,1
1761.76,13,0.5577,1,insufficient_funds,2,15,active,3.5,card,regular,6.1,0,1
409.21,11,0.8058,2,authentication_failed,1,905,active,2.3,card,starter,0.0,0,1
6304.97,3,0.8418,3,authentication_failed,3,60,active,11.1,wallet,enterprise,16.8,1,1
3198.16,0,0.561,2,insufficient_funds,2,430,active,3.5,upi,enterprise,3.0,0,1
730.99,18,0.9406,4,insufficient_funds,0,393,active,4.3,upi,regular,3.7,0,1
6346.84,3,0.8177,1,insufficient_funds,3,365,canceled,4.2,upi,starter,0.1,1,0
358.36,2,0.5218,4,insufficient_funds,0,35,active,1.4,upi,enterprise,9.4,1,1
10408.67,6,0.6011,1,network_error,0,22,active,8.5,netbanking,vip,8.2,1,1
946.29,22,0.8332,2,insufficient_funds,1,149,active,3.9,card,regular,1.1,0,1
880.89,0,0.8844,2,authentication_failed,2,336,active,14.8,upi,regular,0.4,1,1
1165.94,13,0.9315,0,insufficient_funds,1,286,active,12.8,upi,regular,1.9,0,1
16327.79,8,0.8975,2,gateway_timeout,1,374,past_due,3.5,upi,vip,0.3,0,1
6107.3,5,0.7762,3,network_error,0,32,canceled,0.3,upi,regular,0.4,1,1
8281.6,12,0.9222,3,authentication_failed,3,140,active,4.9,netbanking,starter,0.4,0,1
2734.46,32,0.7742,2,authentication_failed,4,156,trialing,0.1,upi,regular,2.6,1,1
2249.72,2,0.7122,0,insufficient_funds,0,70,active,4.7,card,enterprise,11.6,1,1
1536.03,1,0.4891,1,network_error,1,215,active,2.6,card,enterprise,0.3,1,1
3475.87,23,0.8914,0,insufficient_funds,1,11,past_due,3.2,upi,enterprise,7.1,0,1
4212.9,10,0.6782,0,insufficient_funds,0,374,active,8.9,card,regular,0.0,1,1
5195.3,5,0.9355,3,authentication_failed,0,61,canceled,4.8,card,vip,5.9,1,1
1686.09,8,0.8691,2,card_expired,2,339,active,2.5,upi,enterprise,3.4,1,1
15045.85,12,0.3841,1,authentication_failed,1,20,past_due,7.2,wallet,vip,1.1,0,1
1130.19,14,0.7662,0,authentication_failed,0,172,active,1.5,upi,starter,10.3,1,1
17056.23,23,0.6956,0,insufficient_funds,1,63,active,9.0,card,regular,4.7,1,1
274.84,5,0.7442,2,network_error,5,124,active,0.5,upi,starter,11.6,1,1
3480.47,3,0.3868,0,insufficient_funds,1,541,active,9.6,card,starter,6.3,0,1
2227.58,9,0.7098,3,insufficient_funds,3,149,active,3.8,upi,vip,1.1,0,1
3181.22,5,0.7881,3,insufficient_funds,2,80,active,7.9,upi,enterprise,1.6,1,1
4427.58,8,0.6351,2,gateway_timeout,0,91,active,4.3,upi,regular,5.8,1,1
3059.86,5,0.5173,2,insufficient_funds,1,252,past_due,8.5,card,vip,3.8,1,1
2879.41,1,0.6167,0,insufficient_funds,1,336,active,5.6,card,starter,5.2,0,1
6797.36,6,0.4315,2,insufficient_funds,1,11,active,0.1,upi,regular,5.6,0,1
5989.84,11,0.4978,1,insufficient_funds,0,173,active,0.8,netbanking,regular,2.5,0,0
9156.94,15,0.6582,1,gateway_timeout,0,137,active,2.3,netbanking,enterprise,15.1,1,1
1638.14,6,0.7619,0,insufficient_funds,0,123,active,9.1,card,enterprise,5.5,1,1
4902.0,1,0.8364,2,insufficient_funds,1,132,trialing,19.0,card,starter,5.6,1,1
4599.73,5,0.7568,1,authentication_failed,0,308,active,0.7,card,regular,0.5,0,1
2508.1,14,0.8402,1,authentication_failed,0,1500,active,11.8,netbanking,regular,2.5,1,1
3528.22,5,0.6256,1,authentication_failed,2,929,past_due,1.7,upi,starter,14.9,1,0
2082.8,11,0.6688,1,authentication_failed,1,307,paused,1.0,upi,enterprise,1.8,0,1
964.85,6,0.432,1,card_expired,4,70,canceled,0.4,card,vip,1.3,0,0
1402.73,2,0.4594,1,insufficient_funds,0,2,past_due,0.4,upi,enterprise,1.5,1,1
757.53,15,0.389,1,insufficient_funds,0,375,active,10.9,upi,regular,0.3,1,1
5945.37,0,0.6536,1,insufficient_funds,0,164,active,1.9,upi,enterprise,2.7,0,1
5604.76,7,0.7243,0,insufficient_funds,0,83,canceled,12.3,upi,starter,6.4,1,0
15239.67,2,0.7365,4,card_expired,0,137,active,2.8,upi,enterprise,3.5,0,1
6740.71,0,0.2788,3,gateway_timeout,1,343,active,2.0,card,enterprise,8.0,1,0
467.25,6,0.6397,2,authentication_failed,0,12,active,6.1,netbanking,vip,0.5,1,1
10981.4,6,0.628,3,gateway_timeout,2,179,active,2.5,card,enterprise,5.0,1,1
10127.03,11,0.7392,2,insufficient_funds,0,120,active,2.9,card,vip,4.5,1,1
3128.83,12,0.5943,2,insufficient_funds,1,58,active,8.4,card,regular,4.2,0,1
4607.79,12,0.6334,2,gateway_timeout,0,563,active,5.8,netbanking,regular,2.8,1,1
18864.85,5,0.8451,2,insufficient_funds,0,320,active,6.3,upi,starter,15.3,0,1
3999.69,9,0.6695,1,insufficient_funds,0,351,active,4.1,card,enterprise,0.1,0,1
11986.36,8,0.7701,2,network_error,0,289,active,0.7,card,regular,12.8,0,1
633.45,5,0.2591,2,authentication_failed,1,93,trialing,0.5,card,regular,12.7,0,1
1260.1,8,0.6999,1,gateway_timeout,0,8,past_due,5.5,upi,vip,29.3,0,0
3105.84,27,0.6268,0,insufficient_funds,0,228,past_due,5.4,upi,enterprise,9.1,0,1
4594.45,2,0.8801,2,insufficient_funds,0,101,active,2.4,upi,regular,12.7,0,1
8670.29,22,0.6928,2,gateway_timeout,3,81,active,1.8,card,regular,0.6,1,1
22424.67,0,0.7763,3,insufficient_funds,0,284,past_due,9.2,upi,regular,9.5,1,0
2662.08,3,0.5809,3,insufficient_funds,1,110,active,1.7,card,starter,1.2,1,0
442.88,3,0.6437,3,card_expired,1,924,active,1.2,card,regular,3.5,1,1
8276.56,9,0.3294,2,insufficient_funds,4,591,active,5.4,card,regular,5.0,0,0
4836.51,1,0.2298,1,insufficient_funds,0,12,active,0.7,netbanking,regular,2.6,1,1
1306.62,20,0.9205,2,insufficient_funds,2,28,past_due,4.2,card,vip,2.7,0,1
3614.29,16,0.6761,1,insufficient_funds,1,202,active,6.5,card,regular,0.8,0,0
6979.99,10,0.9432,1,authentication_failed,1,7,active,4.9,upi,vip,3.5,1,1
7557.34,5,0.7945,0,insufficient_funds,2,148,active,1.6,upi,regular,6.2,0,1
3661.92,25,0.9005,3,insufficient_funds,0,130,active,4.4,netbanking,regular,0.3,1,1
2020.76,16,0.7692,1,insufficient_funds,2,266,active,2.3,upi,starter,1.9,0,1
18399.03,6,0.793,1,insufficient_funds,0,146,active,2.6,card,regular,13.5,0,1
5643.74,11,0.8082,3,network_error,1,41,active,5.2,card,vip,3.3,1,1
2823.25,7,0.8568,1,authentication_failed,0,50,active,4.1,card,starter,8.0,0,1
1845.74,8,0.849,2,authentication_failed,1,121,past_due,1.4,upi,starter,0.3,1,1
6767.13,3,0.6577,5,authentication_failed,0,72,active,1.1,netbanking,enterprise,6.4,1,1
1586.57,5,0.8084,3,authentication_failed,2,460,active,8.1,netbanking,regular,13.1,0,0
1141.96,0,0.8366,1,insufficient_funds,0,1500,past_due,7.6,netbanking,starter,6.2,0,1
3973.35,4,0.8635,2,insufficient_funds,1,389,active,2.1,card,regular,0.6,0,1
1912.36,11,0.7123,0,insufficient_funds,1,101,active,8.0,upi,regular,7.0,1,0
5156.49,29,0.5871,6,network_error,0,157,active,2.7,card,regular,2.5,0,1
827.47,31,0.44,1,authentication_failed,1,151,active,7.6,netbanking,regular,3.9,0,1
5520.2,7,0.7324,1,card_expired,0,631,unpaid,0.8,upi,regular,7.2,0,1
1865.47,8,0.4911,2,insufficient_funds,5,230,active,5.8,netbanking,starter,0.4,0,1
201.21,1,0.3391,2,insufficient_funds,1,314,active,2.1,card,regular,7.6,0,1
878.73,11,0.7726,1,authentication_failed,1,95,unpaid,2.8,upi,regular,2.5,0,0
13761.45,0,0.8522,3,insufficient_funds,3,12,paused,3.2,card,vip,10.1,0,0
10300.38,3,0.912,1,insufficient_funds,0,63,active,4.5,card,regular,0.1,1,1
1530.31,10,0.6631,1,insufficient_funds,0,40,active,0.4,card,vip,3.2,0,1
7733.77,3,0.7922,1,authentication_failed,1,151,past_due,1.2,upi,starter,9.5,1,1
4889.76,0,0.7935,1,card_expired,3,205,canceled,5.1,card,regular,6.6,1,0
17885.9,16,0.9544,2,insufficient_funds,1,51,active,0.1,card,regular,14.7,1,1
2538.88,3,0.8079,3,insufficient_funds,0,129,paused,1.9,netbanking,enterprise,14.3,1,1
5920.05,0,0.6765,1,gateway_timeout,3,184,past_due,1.6,upi,regular,9.9,0,1
528.22,0,0.6793,0,insufficient_funds,0,84,active,2.7,wallet,regular,1.9,0,1
2722.95,2,0.7723,0,card_expired,3,135,active,16.2,upi,regular,1.2,1,1
16795.92,1,0.6587,2,authentication_failed,5,4,unpaid,5.5,upi,vip,1.1,0,0
4071.58,14,0.7045,2,insufficient_funds,1,128,active,12.7,card,regular,2.2,1,1
1897.54,3,0.68,0,insufficient_funds,0,252,unpaid,1.1,netbanking,vip,0.0,0,1
840.71,15,0.3958,4,insufficient_funds,0,162,active,4.7,upi,regular,7.5,1,1
6279.02,1,0.525,1,insufficient_funds,2,209,canceled,5.0,upi,vip,3.4,1,0
5376.16,6,0.6411,3,authentication_failed,0,374,past_due,13.7,card,starter,13.9,0,1
2541.54,11,0.5442,0,insufficient_funds,1,1500,active,22.6,upi,starter,2.4,0,1
15273.69,10,0.8897,1,authentication_failed,0,136,canceled,3.4,netbanking,starter,5.1,0,0
312.27,8,0.796,3,network_error,0,48,active,1.8,card,regular,6.1,1,1
2010.04,24,0.4706,1,gateway_timeout,1,953,past_due,5.6,card,starter,1.3,0,1
12895.94,2,0.8232,1,authentication_failed,1,85,active,1.7,wallet,regular,0.1,0,1
2135.2,6,0.8291,0,authentication_failed,1,76,active,0.8,upi,regular,0.0,1,1
1653.45,20,0.7417,3,network_error,0,509,active,3.8,netbanking,regular,2.7,1,1
4020.21,0,0.7192,0,network_error,3,559,trialing,5.0,upi,regular,4.9,1,1
8880.73,0,0.6032,2,insufficient_funds,0,103,active,2.0,card,regular,0.4,1,1
744.32,2,0.8558,1,authentication_failed,0,261,active,26.0,upi,enterprise,4.2,1,1
14525.34,9,0.5362,0,insufficient_funds,0,293,active,1.4,netbanking,regular,2.5,1,1
8125.5,2,0.8296,3,insufficient_funds,0,186,past_due,1.1,card,regular,1.7,0,1
1199.88,2,0.589,1,network_error,0,228,canceled,5.2,upi,regular,3.9,1,1
6424.11,5,0.8676,1,insufficient_funds,5,112,unpaid,0.1,upi,regular,0.2,0,1
2630.33,9,0.3853,0,insufficient_funds,5,307,active,3.0,upi,starter,4.1,0,0
2773.29,2,0.9,2,authentication_failed,2,554,active,1.9,upi,regular,1.4,0,0
7845.98,3,0.6546,3,authentication_failed,0,501,canceled,0.4,upi,regular,1.5,0,0
16655.19,9,0.8344,2,insufficient_funds,0,422,active,1.9,upi,regular,10.8,0,1
877.13,27,0.8837,1,network_error,3,43,past_due,3.3,card,regular,3.9,1,1
2929.07,10,0.8975,2,insufficient_funds,0,361,active,3.1,upi,starter,4.2,1,1
3478.69,14,0.591,0,gateway_timeout,0,46,active,18.3,upi,regular,3.2,0,1
2560.52,4,0.9274,1,insufficient_funds,0,401,trialing,1.0,card,regular,5.0,0,1
2456.41,3,0.9148,4,insufficient_funds,5,98,active,6.4,upi,regular,4.4,0,1
468.42,5,0.8442,2,insufficient_funds,0,38,active,8.0,card,regular,14.6,1,1
5984.47,15,0.7743,2,insufficient_funds,1,326,active,0.3,wallet,vip,13.2,0,1
3065.41,5,0.5366,1,authentication_failed,2,157,active,0.1,card,starter,0.9,0,1
1283.28,17,0.6837,1,insufficient_funds,0,201,active,0.6,upi,regular,5.0,1,1
8665.01,42,0.6899,3,gateway_timeout,0,492,past_due,0.3,card,regular,0.2,0,1
8311.62,0,0.9387,0,insufficient_funds,0,115,active,9.8,netbanking,enterprise,2.0,0,0
3531.47,0,0.5719,2,insufficient_funds,1,82,paused,0.3,wallet,regular,0.8,0,1
1972.32,1,0.7184,1,insufficient_funds,0,127,unpaid,2.7,upi,enterprise,7.9,0,0
5281.84,4,0.8597,3,authentication_failed,1,251,active,20.2,card,regular,1.2,1,1
1899.46,1,0.6359,1,authentication_failed,0,64,past_due,1.9,card,starter,4.4,0,1
1545.99,19,0.7986,4,insufficient_funds,2,397,trialing,1.3,card,regular,0.5,0,1
6756.21,0,0.5085,3,card_expired,1,537,active,9.5,upi,vip,0.6,1,0
405.8,3,0.8689,3,insufficient_funds,0,605,trialing,2.6,card,regular,0.1,1,1
697.82,1,0.5563,0,insufficient_funds,2,240,trialing,5.6,card,regular,0.4,0,1
234.06,25,0.8346,4,insufficient_funds,0,697,paused,2.4,upi,regular,25.9,1,1
1029.94,10,0.7046,2,card_expired,1,37,active,2.7,upi,regular,7.3,0,0
557.43,23,0.6831,4,insufficient_funds,0,206,canceled,8.2,card,regular,0.9,1,0
27566.17,34,0.6249,0,insufficient_funds,0,149,past_due,9.5,upi,regular,15.1,0,1
1904.08,6,0.6933,1,gateway_timeout,0,979,active,1.1,netbanking,regular,7.0,1,1
1008.29,2,0.7458,3,insufficient_funds,0,24,active,3.3,netbanking,regular,0.1,0,1
1578.74,2,0.8213,1,authentication_failed,5,128,trialing,12.3,card,regular,4.3,1,0
13954.18,2,0.4339,2,network_error,0,45,active,10.8,card,enterprise,0.1,0,1
3871.52,11,0.7692,2,authentication_failed,0,110,canceled,8.9,upi,vip,8.0,1,1
2469.22,0,0.8264,3,authentication_failed,5,512,active,8.7,upi,starter,1.6,1,1
10533.28,0,0.5943,1,gateway_timeout,0,64,active,11.9,card,starter,5.4,0,0
2712.55,8,0.7494,0,insufficient_funds,2,171,canceled,8.4,upi,regular,0.1,0,0
2239.91,9,0.9616,1,insufficient_funds,3,58,canceled,3.5,netbanking,vip,1.9,0,1
1361.44,10,0.6613,1,gateway_timeout,0,969,active,9.3,upi,enterprise,0.8,0,1
2572.44,4,0.7589,0,network_error,1,20,active,2.7,upi,starter,1.9,0,1
2103.99,15,0.7443,1,authentication_failed,0,473,canceled,0.5,card,enterprise,8.4,1,1
5855.22,7,0.6749,1,authentication_failed,0,673,active,1.7,upi,regular,12.4,1,1
1909.51,1,0.2176,1,authentication_failed,3,377,past_due,1.2,upi,vip,14.1,1,0
4504.28,15,0.5149,1,authentication_failed,2,116,active,0.5,upi,regular,7.9,1,0
540.82,29,0.8608,1,authentication_failed,0,127,paused,4.1,card,regular,2.9,0,1
1261.57,0,0.9225,2,network_error,0,8,active,0.9,upi,enterprise,2.2,1,1
2816.22,4,0.7262,2,card_expired,1,55,active,0.8,card,starter,4.5,0,1
14019.08,6,0.8703,1,insufficient_funds,0,666,active,1.5,netbanking,regular,0.3,0,1
2568.07,1,0.7652,1,insufficient_funds,2,326,active,1.1,wallet,regular,11.4,1,1
5654.32,19,0.8002,1,gateway_timeout,1,200,trialing,3.2,card,enterprise,3.5,0,1
1672.44,3,0.6816,3,gateway_timeout,0,1157,active,0.1,card,regular,18.2,0,1
879.29,14,0.7866,0,gateway_timeout,0,358,active,2.3,upi,enterprise,0.9,1,1
501.6,10,0.4354,5,insufficient_funds,1,238,paused,4.3,card,vip,4.2,1,1
2022.19,8,0.5617,2,authentication_failed,2,183,active,0.8,netbanking,regular,16.0,1,0
1057.86,2,0.6324,1,authentication_failed,1,157,active,0.6,upi,regular,1.8,1,1
1155.87,2,0.7437,2,insufficient_funds,0,485,past_due,9.5,card,starter,5.4,1,0
7351.43,0,0.7953,3,gateway_timeout,1,165,active,6.9,upi,regular,3.5,1,1
279.82,2,0.885,1,authentication_failed,0,144,active,1.2,wallet,starter,13.8,0,1
4280.08,4,0.634,0,authentication_failed,1,66,active,7.2,wallet,vip,5.2,1,1
2585.84,16,0.5748,4,insufficient_funds,0,254,active,8.7,upi,regular,7.1,1,1
3731.67,4,0.7493,4,authentication_failed,0,8,unpaid,0.5,netbanking,regular,2.7,0,1
4337.17,13,0.9596,4,card_expired,2,74,canceled,5.6,card,regular,2.4,0,0
2079.78,5,0.6965,1,insufficient_funds,1,187,active,3.0,card,vip,1.0,0,1
1948.56,14,0.956,1,network_error,1,93,active,5.2,upi,regular,1.6,0,1
6810.06,35,0.778,1,gateway_timeout,4,181,active,5.0,upi,regular,2.2,0,1
10450.46,2,0.7592,2,card_expired,0,68,past_due,2.5,upi,vip,1.6,0,1
1269.57,18,0.6642,1,authentication_failed,3,490,active,0.1,card,vip,4.4,1,1
713.59,9,0.7419,3,insufficient_funds,2,30,past_due,4.4,wallet,regular,1.4,1,1
11603.91,16,0.9126,1,insufficient_funds,1,63,active,3.6,netbanking,regular,0.8,0,1
2353.11,10,0.8922,0,authentication_failed,1,156,active,2.7,upi,enterprise,8.2,1,1
4207.2,5,0.8798,2,card_expired,0,145,past_due,4.7,card,regular,2.9,0,0
2427.87,2,0.3778,2,gateway_timeout,0,279,past_due,3.3,wallet,regular,4.4,0,0
872.24,0,0.7039,3,insufficient_funds,1,307,past_due,1.7,upi,enterprise,4.5,1,1
4649.85,7,0.7197,1,insufficient_funds,0,268,active,6.3,card,enterprise,10.3,0,1
3923.69,44,0.6488,2,authentication_failed,3,255,active,5.4,upi,enterprise,4.3,0,0
1334.46,12,0.6137,3,insufficient_funds,0,150,active,3.5,card,regular,1.6,0,1
3206.21,3,0.7649,0,insufficient_funds,0,148,active,2.9,card,regular,25.8,1,0
8171.45,16,0.4287,1,insufficient_funds,4,24,canceled,4.1,upi,regular,0.6,0,0
4663.19,13,0.9182,3,card_expired,0,1,active,3.8,card,regular,10.0,0,0
709.71,3,0.8032,0,gateway_timeout,1,482,active,0.9,card,enterprise,6.1,1,1
4170.6,0,0.5457,1,insufficient_funds,2,3,canceled,0.7,card,regular,0.7,1,1
6265.71,1,0.3749,1,authentication_failed,0,594,paused,1.2,netbanking,regular,2.1,0,1
8068.02,19,0.7017,2,gateway_timeout,2,59,canceled,1.8,netbanking,vip,17.0,0,1
5159.35,17,0.8999,1,insufficient_funds,0,206,active,7.8,card,regular,6.3,0,1
1028.26,3,0.708,3,authentication_failed,5,669,past_due,0.5,card,enterprise,8.6,0,0
6392.36,3,0.7828,2,gateway_timeout,1,121,active,4.4,upi,regular,1.3,0,1
5855.81,14,0.5736,1,insufficient_funds,0,409,active,0.5,upi,regular,0.6,1,0
323.65,26,0.94,0,network_error,0,217,active,1.9,upi,regular,16.5,1,1
2853.0,14,0.5746,3,authentication_failed,1,141,active,2.0,wallet,enterprise,3.7,1,1
2224.45,8,0.7826,1,authentication_failed,1,44,active,5.0,netbanking,regular,0.7,1,1
5734.41,2,0.7607,2,insufficient_funds,1,47,active,8.9,upi,enterprise,4.4,0,0
1417.6,7,0.4695,2,gateway_timeout,4,94,active,4.1,upi,starter,7.1,1,1
4668.64,2,0.7657,1,authentication_failed,0,565,trialing,9.4,upi,regular,1.1,0,1
12421.09,15,0.464,0,network_error,1,52,active,1.9,wallet,regular,0.5,1,1
8192.55,4,0.3789,5,authentication_failed,0,384,active,5.6,card,regular,8.3,1,1
12920.59,17,0.8925,0,authentication_failed,1,29,active,3.4,upi,regular,5.0,0,1
19399.9,4,0.8736,1,authentication_failed,2,420,active,5.7,upi,starter,0.3,0,1
253.64,16,0.9232,3,authentication_failed,2,18,past_due,4.6,upi,enterprise,1.2,0,1
5074.12,3,0.5031,0,gateway_timeout,1,63,paused,1.7,card,enterprise,4.3,0,1
2862.28,5,0.7405,3,insufficient_funds,3,66,active,3.2,upi,enterprise,17.0,0,1
10025.37,9,0.6989,1,authentication_failed,4,435,past_due,15.2,upi,regular,1.1,0,0
1650.52,0,0.8453,1,insufficient_funds,1,222,past_due,4.2,netbanking,regular,1.1,1,1
20024.35,28,0.3826,3,authentication_failed,0,254,active,4.7,netbanking,enterprise,3.7,1,1
4955.81,8,0.4466,3,insufficient_funds,1,428,active,1.0,upi,starter,11.6,0,1
8088.18,6,0.8408,1,insufficient_funds,5,360,past_due,3.3,netbanking,regular,26.9,1,0
647.43,17,0.635,1,insufficient_funds,0,5,past_due,1.2,upi,regular,0.1,0,1
1213.38,19,0.5798,1,insufficient_funds,0,96,active,5.6,upi,vip,5.4,0,0
7302.44,7,0.8321,0,insufficient_funds,1,84,past_due,5.3,card,enterprise,0.8,0,1
311.16,24,0.7065,3,insufficient_funds,5,402,active,6.2,upi,enterprise,1.7,0,1
8688.01,0,0.826,1,insufficient_funds,2,3,active,0.1,card,regular,0.1,1,1
270.24,1,0.5986,0,gateway_timeout,0,5,trialing,4.6,upi,enterprise,2.6,0,0
5551.86,8,0.9371,2,gateway_timeout,2,56,active,0.8,card,regular,4.5,0,1
2471.39,4,0.7789,1,network_error,0,67,paused,0.1,card,regular,0.0,0,1
4927.24,5,0.8875,0,card_expired,1,46,trialing,6.7,upi,starter,3.0,1,0
6154.15,3,0.496,3,card_expired,0,23,trialing,8.4,card,regular,1.9,1,0
2296.36,4,0.786,0,card_expired,1,271,trialing,7.8,upi,regular,0.0,0,1
771.24,16,0.4527,2,card_expired,2,43,active,0.1,card,regular,3.4,1,0
560.95,8,0.7873,1,authentication_failed,0,253,active,0.1,upi,enterprise,8.2,0,1
4645.03,56,0.6995,2,insufficient_funds,2,154,active,5.5,card,regular,13.4,0,1
3876.68,14,0.7828,2,authentication_failed,0,491,active,8.7,upi,enterprise,6.7,1,1
6977.88,3,0.4948,0,card_expired,0,79,active,0.3,upi,enterprise,7.3,1,1
3764.05,2,0.8155,0,insufficient_funds,3,1063,active,5.1,upi,regular,6.9,1,1
2944.76,3,0.8024,1,card_expired,1,203,past_due,3.5,upi,regular,1.4,0,1
2738.21,17,0.5377,0,insufficient_funds,2,845,active,2.2,upi,regular,2.2,0,1
334.01,0,0.9478,0,insufficient_funds,1,263,active,5.1,upi,enterprise,2.9,0,1
2244.03,2,0.703,1,gateway_timeout,1,69,active,7.6,card,regular,1.3,0,1
18852.71,22,0.9298,1,authentication_failed,1,90,active,5.9,card,regular,2.2,1,1
10539.76,9,0.4098,0,card_expired,1,44,canceled,3.7,upi,vip,5.4,0,0
2197.75,2,0.5637,2,gateway_timeout,3,140,canceled,0.7,card,regular,1.0,0,1
4631.18,2,0.5239,0,insufficient_funds,1,100,past_due,0.4,upi,starter,0.1,1,1
9596.29,18,0.8603,3,network_error,2,73,trialing,1.6,netbanking,enterprise,3.8,1,1
3110.48,21,0.6033,1,network_error,1,56,past_due,1.7,upi,regular,5.5,1,1
290.61,2,0.2317,1,network_error,4,453,active,2.5,card,regular,2.8,1,1
587.16,5,0.6197,1,gateway_timeout,0,457,trialing,1.5,upi,regular,1.9,1,1
3770.76,17,0.9001,0,card_expired,0,196,active,2.4,upi,regular,9.2,0,1
17640.21,13,0.7702,2,insufficient_funds,0,234,active,21.6,card,starter,6.1,0,0
6107.95,15,0.8037,0,authentication_failed,0,137,paused,2.0,card,regular,4.1,0,1
567.78,6,0.738,2,insufficient_funds,0,246,unpaid,1.7,card,regular,2.8,0,1
1249.66,23,0.7125,0,insufficient_funds,1,388,active,2.5,card,enterprise,6.1,1,1
7577.23,3,0.8807,3,card_expired,0,169,active,5.0,card,regular,11.6,0,1
9408.1,1,0.6976,2,gateway_timeout,1,392,active,8.1,upi,regular,3.3,1,1
5007.68,11,0.5669,3,network_error,4,558,active,1.8,netbanking,regular,4.3,1,1
5370.07,7,0.8512,4,gateway_timeout,0,1161,active,5.7,upi,regular,5.3,0,1
343.73,18,0.702,0,insufficient_funds,1,834,active,0.2,upi,enterprise,3.1,1,1
9016.74,0,0.6076,0,card_expired,0,72,active,3.6,card,regular,3.4,0,1
7962.34,17,0.4387,0,insufficient_funds,0,237,active,7.5,upi,vip,0.2,1,1
1699.01,3,0.5206,1,insufficient_funds,2,111,active,0.8,card,regular,12.8,0,0
6366.61,10,0.8853,0,insufficient_funds,1,301,active,3.7,wallet,regular,14.8,0,1
1409.43,0,0.6782,1,card_expired,0,56,active,13.0,upi,regular,13.5,1,1
405.83,8,0.7533,1,network_error,1,82,trialing,0.6,card,enterprise,0.3,1,1
1322.83,11,0.5879,1,authentication_failed,4,872,active,8.1,card,regular,0.0,0,1
1183.9,4,0.5964,2,network_error,2,234,canceled,5.3,upi,regular,0.3,0,0
2260.55,2,0.749,0,authentication_failed,1,56,active,1.5,wallet,regular,4.2,0,1
2910.29,7,0.7081,0,network_error,4,125,canceled,6.8,upi,enterprise,2.8,0,0
3751.86,16,0.8158,3,insufficient_funds,2,111,paused,4.9,netbanking,regular,23.6,1,1
3438.52,3,0.5165,2,network_error,1,67,active,5.1,card,regular,7.7,1,1
1778.18,2,0.9479,2,insufficient_funds,1,16,active,7.7,card,enterprise,5.6,0,1
348.02,3,0.6496,1,insufficient_funds,3,970,active,1.5,wallet,vip,0.7,0,1
4845.63,28,0.8524,0,insufficient_funds,0,116,canceled,9.6,card,regular,2.4,1,1
2718.79,4,0.8726,3,insufficient_funds,0,198,active,0.9,upi,regular,10.4,1,1
1973.9,0,0.5134,1,authentication_failed,1,130,active,1.3,upi,regular,6.5,0,1
10284.81,14,0.915,1,authentication_failed,0,309,past_due,1.9,card,enterprise,0.1,0,1
7066.76,11,0.7304,1,gateway_timeout,0,344,unpaid,4.8,card,regular,1.9,1,1
9951.39,1,0.967,0,insufficient_funds,1,576,active,0.3,wallet,vip,5.0,0,1
3615.81,39,0.8856,2,network_error,1,97,active,1.2,card,enterprise,3.7,1,1
901.67,8,0.8805,1,card_expired,1,982,active,2.2,wallet,starter,21.4,1,0
6157.28,6,0.854,1,gateway_timeout,1,399,past_due,1.7,netbanking,enterprise,3.9,1,1
1353.82,4,0.7153,1,network_error,2,53,active,12.0,upi,regular,5.7,0,1
3110.08,21,0.7895,2,insufficient_funds,2,175,active,0.7,upi,regular,7.6,0,1
536.05,2,0.7597,2,network_error,0,105,active,0.2,card,regular,1.9,1,1
8923.67,3,0.6749,0,insufficient_funds,0,180,past_due,2.3,netbanking,regular,10.6,0,1
873.03,1,0.7109,2,insufficient_funds,0,93,active,0.6,card,regular,0.1,0,1
11870.25,13,0.6077,5,insufficient_funds,2,70,active,2.9,upi,regular,16.5,1,1
10183.99,8,0.8265,2,gateway_timeout,0,339,active,0.2,netbanking,enterprise,4.0,1,1
3323.54,8,0.4158,3,insufficient_funds,4,182,past_due,10.2,card,regular,0.2,1,1
7020.09,2,0.5531,2,insufficient_funds,2,200,canceled,1.4,wallet,regular,4.6,0,0
5030.62,9,0.7612,0,insufficient_funds,1,139,active,1.6,upi,regular,1.1,0,1
8324.68,13,0.7207,1,insufficient_funds,0,607,paused,2.6,upi,regular,10.1,0,1
3026.45,4,0.5848,2,card_expired,0,13,active,1.2,netbanking,regular,2.8,1,1
7904.42,15,0.8194,0,insufficient_funds,1,383,active,1.2,card,regular,4.2,0,1
3303.73,4,0.6774,4,insufficient_funds,0,411,active,8.0,upi,starter,14.8,1,1
14348.19,13,0.386,0,insufficient_funds,0,125,past_due,8.6,upi,regular,0.7,0,1
3531.28,0,0.3856,1,insufficient_funds,0,18,active,0.2,card,starter,0.9,0,1
3305.24,7,0.8769,0,insufficient_funds,0,382,active,0.9,upi,starter,0.6,1,1
7887.26,33,0.7056,3,authentication_failed,1,150,unpaid,2.9,card,vip,0.7,1,1
8818.01,37,0.882,2,insufficient_funds,0,242,canceled,21.1,upi,regular,4.2,0,1
4242.67,3,0.732,3,gateway_timeout,0,408,paused,12.0,card,regular,0.6,0,1
1191.02,5,0.77,1,authentication_failed,3,46,trialing,5.4,netbanking,vip,2.1,1,1
3353.29,0,0.8561,2,insufficient_funds,0,114,active,2.4,upi,enterprise,0.7,1,1
17421.44,19,0.7345,4,authentication_failed,3,295,active,8.6,wallet,regular,3.2,1,1
7191.56,7,0.769,1,authentication_failed,0,105,active,3.3,upi,regular,0.2,0,1
8534.34,4,0.9607,1,authentication_failed,2,116,active,0.5,wallet,regular,2.2,1,1
366.88,1,0.524,2,insufficient_funds,1,340,unpaid,1.5,upi,regular,11.2,0,0
3354.24,27,0.8342,0,insufficient_funds,1,343,active,9.5,card,enterprise,2.8,0,1
5401.07,7,0.88,0,insufficient_funds,1,230,active,15.2,upi,enterprise,9.1,1,1
9060.75,3,0.5819,1,gateway_timeout,1,133,active,7.9,card,regular,1.0,1,1
452.65,4,0.8471,4,insufficient_funds,2,123,active,1.5,netbanking,regular,2.8,1,1
9767.56,2,0.8119,1,network_error,0,87,unpaid,8.2,netbanking,enterprise,4.9,0,1
4174.8,8,0.6982,2,insufficient_funds,0,20,paused,0.2,upi,regular,0.1,1,1
1298.96,25,0.5325,0,insufficient_funds,1,12,active,5.9,upi,enterprise,12.1,1,1
2108.17,18,0.5302,1,insufficient_funds,4,638,trialing,11.4,netbanking,enterprise,36.5,1,1
1855.94,5,0.8516,1,card_expired,0,35,active,1.2,card,regular,1.1,0,1
3984.26,16,0.9655,3,network_error,0,238,paused,0.1,card,enterprise,0.9,1,1
465.35,5,0.6073,2,card_expired,2,80,active,6.6,upi,enterprise,5.4,0,0
1063.06,2,0.5018,2,gateway_timeout,4,253,active,1.5,upi,regular,0.9,1,1
8575.03,38,0.8686,1,insufficient_funds,2,299,active,0.7,netbanking,regular,5.1,0,1
911.3,3,0.6721,3,gateway_timeout,4,385,trialing,0.5,card,enterprise,5.9,0,0
1528.93,3,0.9303,1,insufficient_funds,1,24,unpaid,0.2,card,starter,3.9,0,1
3219.92,43,0.8256,1,insufficient_funds,2,28,paused,11.6,upi,regular,1.3,1,1
3839.94,1,0.8817,1,insufficient_funds,3,412,active,4.7,card,enterprise,11.2,0,0
7411.37,13,0.3459,1,authentication_failed,1,678,active,2.1,upi,regular,1.7,0,1
3164.99,26,0.5146,1,card_expired,0,75,active,5.1,upi,regular,3.9,0,1
8000.02,6,0.9325,0,gateway_timeout,0,92,past_due,4.9,netbanking,enterprise,1.4,1,1
5016.21,0,0.634,2,insufficient_funds,3,626,active,6.9,upi,vip,9.7,1,1
800.11,4,0.8396,2,gateway_timeout,0,393,paused,1.2,card,regular,3.9,0,1
1049.98,1,0.7825,0,authentication_failed,0,68,canceled,6.5,card,regular,10.2,1,1
3072.68,5,0.6822,2,authentication_failed,3,219,past_due,0.5,card,regular,3.0,1,1
2728.27,14,0.4008,1,insufficient_funds,0,95,active,1.2,card,vip,1.2,0,1
7004.0,5,0.4519,1,insufficient_funds,0,147,canceled,10.0,wallet,starter,4.4,0,0
4546.29,5,0.9095,1,insufficient_funds,0,305,past_due,1.5,card,starter,1.7,0,0
2656.2,7,0.9092,2,network_error,0,72,canceled,9.8,upi,regular,7.2,0,1
1136.23,8,0.7523,1,card_expired,1,20,active,3.0,card,starter,1.4,1,1
1486.33,18,0.7835,2,insufficient_funds,0,1246,canceled,1.7,upi,regular,4.4,0,0
4484.23,3,0.8303,1,insufficient_funds,0,140,active,2.3,card,enterprise,1.0,0,1
2953.37,16,0.8748,3,insufficient_funds,0,328,active,0.1,card,regular,11.0,0,1
3817.28,7,0.7442,2,authentication_failed,3,1500,trialing,1.6,netbanking,vip,4.3,0,1
1135.73,3,0.606,2,insufficient_funds,0,10,trialing,0.5,netbanking,regular,6.1,1,0
5636.97,3,0.4608,0,card_expired,1,147,active,7.5,upi,regular,0.9,0,0
9770.95,4,0.8517,3,gateway_timeout,0,5,active,8.4,upi,starter,7.7,0,1
1691.62,9,0.8317,0,authentication_failed,0,263,active,6.4,upi,starter,1.7,0,1
3581.59,2,0.6806,3,card_expired,0,46,active,0.2,upi,regular,2.2,0,1
18750.99,24,0.7472,1,authentication_failed,1,705,past_due,0.4,card,regular,0.1,0,1
2226.64,8,0.7295,2,insufficient_funds,3,520,active,2.1,wallet,vip,0.3,1,0
4719.91,23,0.8737,1,authentication_failed,1,266,canceled,2.3,card,regular,1.0,1,1
672.63,0,0.4928,1,authentication_failed,0,44,active,13.6,card,starter,0.5,0,1
4857.21,3,0.6578,2,gateway_timeout,0,106,active,5.2,card,regular,0.1,0,1
669.53,0,0.6964,2,insufficient_funds,0,979,past_due,3.1,upi,regular,2.3,1,1
16199.71,3,0.9298,1,insufficient_funds,0,95,past_due,3.3,card,starter,7.4,0,1
6487.97,18,0.5102,2,network_error,1,1256,active,4.6,upi,regular,1.4,0,1
7959.62,0,0.7992,0,network_error,0,434,canceled,4.4,card,regular,2.3,1,1
6288.74,5,0.5346,5,network_error,1,190,active,17.0,card,regular,4.0,1,1
4654.69,1,0.7037,2,insufficient_funds,0,476,active,16.6,upi,vip,2.3,0,1
3188.39,5,0.8713,2,gateway_timeout,0,911,active,9.0,upi,regular,15.6,1,1
9972.81,17,0.6972,2,network_error,2,86,past_due,5.0,upi,starter,1.2,0,1
15913.7,9,0.7347,1,network_error,2,32,active,3.3,card,starter,3.0,1,1
3656.11,12,0.7032,2,insufficient_funds,1,22,trialing,0.4,card,regular,9.7,0,1
13607.17,4,0.6517,4,insufficient_funds,0,236,active,20.9,netbanking,vip,1.9,1,1
4577.34,27,0.8557,2,authentication_failed,1,99,active,6.5,card,regular,0.9,1,1
4065.11,11,0.8847,2,card_expired,0,122,past_due,5.9,netbanking,regular,12.3,0,1
3230.1,5,0.7496,1,authentication_failed,4,43,past_due,3.3,card,regular,4.4,1,1
1374.11,5,0.5948,3,gateway_timeout,3,23,unpaid,0.5,card,regular,3.7,1,0
218.63,23,0.7929,1,authentication_failed,4,97,active,0.5,card,vip,0.7,1,1
1582.1,8,0.8368,1,gateway_timeout,1,49,active,3.1,upi,enterprise,0.4,0,0
3763.93,11,0.7613,1,insufficient_funds,1,18,active,2.5,upi,regular,13.3,1,1
2589.86,5,0.9042,2,card_expired,3,10,past_due,4.8,card,enterprise,0.4,1,1
3175.43,2,0.6342,1,gateway_timeout,1,16,paused,8.0,card,starter,3.4,0,1
19924.85,12,0.7973,1,insufficient_funds,0,319,active,0.1,card,enterprise,7.1,0,1
2356.01,8,0.8122,2,card_expired,1,236,canceled,3.5,upi,regular,6.5,0,1
3209.07,6,0.2868,1,insufficient_funds,0,295,trialing,2.4,card,regular,5.5,1,1
916.56,9,0.6208,2,gateway_timeout,2,424,active,0.8,upi,enterprise,0.2,1,1
445.73,2,0.4897,4,card_expired,1,244,past_due,1.4,wallet,regular,5.3,0,0
7667.38,14,0.6711,0,card_expired,1,164,active,10.8,wallet,regular,0.9,0,1
4427.8,28,0.9212,0,insufficient_funds,1,425,active,5.3,card,regular,4.2,0,1
7350.29,21,0.8108,3,insufficient_funds,1,246,trialing,9.6,upi,regular,4.9,0,1
1011.79,3,0.8024,2,insufficient_funds,4,302,unpaid,1.6,card,starter,1.4,0,0
4441.16,4,0.5226,0,insufficient_funds,0,142,past_due,1.3,card,regular,3.0,0,1
1662.75,15,0.5394,1,authentication_failed,1,150,active,1.2,upi,regular,2.0,1,1
1494.25,8,0.7069,0,insufficient_funds,0,149,trialing,3.0,card,enterprise,15.8,0,1
257.96,7,0.815,0,card_expired,0,85,active,4.2,card,regular,9.4,0,1
898.27,24,0.7652,0,insufficient_funds,0,241,active,5.4,card,starter,1.2,1,1
2050.02,7,0.6817,0,gateway_timeout,2,145,active,0.6,card,enterprise,0.4,1,1
821.46,6,0.955,1,network_error,0,13,past_due,1.2,upi,vip,3.7,1,1
21493.19,0,0.6222,4,network_error,1,301,active,1.8,wallet,regular,1.9,1,1
2045.42,0,0.6506,0,card_expired,4,175,active,0.1,card,regular,12.7,1,1
898.17,0,0.8847,0,insufficient_funds,3,53,active,5.1,upi,starter,1.4,0,1
1309.99,23,0.6853,2,authentication_failed,0,15,past_due,0.7,upi,enterprise,1.5,1,1
4630.06,4,0.5029,0,insufficient_funds,1,54,past_due,2.0,card,starter,2.0,0,0
530.93,6,0.5761,1,authentication_failed,0,179,paused,13.0,card,regular,0.5,0,1
10118.26,17,0.8167,3,insufficient_funds,0,17,past_due,4.6,card,regular,3.7,1,1
16485.44,8,0.7991,2,insufficient_funds,3,240,active,3.7,upi,regular,1.5,1,1
1616.77,8,0.658,0,authentication_failed,2,80,active,0.3,upi,regular,2.6,1,1
3190.05,3,0.8898,0,insufficient_funds,2,838,past_due,0.3,upi,regular,4.7,1,1
311.92,17,0.5793,1,insufficient_funds,0,390,active,4.1,upi,regular,4.4,1,1
5318.13,1,0.5206,3,insufficient_funds,0,30,active,1.5,wallet,vip,1.9,0,1
2871.55,0,0.3829,2,authentication_failed,0,313,trialing,1.4,upi,regular,0.8,0,1
1773.95,2,0.7791,2,authentication_failed,0,446,active,1.6,upi,regular,5.7,1,1
1358.63,2,0.7755,3,insufficient_funds,0,506,active,4.1,netbanking,regular,0.1,0,1
5506.92,3,0.6306,2,card_expired,2,198,active,0.7,upi,enterprise,6.4,1,1
2891.13,10,0.9258,2,authentication_failed,4,497,active,11.8,upi,enterprise,4.3,0,1
1190.18,2,0.7419,2,card_expired,3,361,trialing,12.6,upi,enterprise,2.8,0,0
6041.57,10,0.7029,1,authentication_failed,0,209,active,4.8,upi,regular,1.2,1,1
4362.88,0,0.9094,1,insufficient_funds,0,138,past_due,12.7,upi,enterprise,9.4,0,0
9983.36,1,0.5155,2,insufficient_funds,0,1,active,1.8,netbanking,enterprise,0.4,0,1
824.85,6,0.567,0,insufficient_funds,0,239,active,0.8,upi,regular,12.8,1,1
7901.11,24,0.5776,2,card_expired,1,71,active,0.8,upi,starter,1.0,0,0
5796.88,18,0.8745,0,card_expired,2,65,paused,3.1,upi,starter,1.2,1,1
810.9,32,0.9533,2,insufficient_funds,2,39,active,0.8,upi,regular,6.2,0,1
6134.28,9,0.5765,1,card_expired,1,288,active,0.8,netbanking,enterprise,31.1,1,1
3112.93,10,0.8392,2,card_expired,0,284,trialing,8.1,wallet,regular,1.2,0,1
14700.73,9,0.7494,0,authentication_failed,0,136,active,1.8,upi,regular,4.6,0,1
963.49,9,0.5702,1,gateway_timeout,1,158,active,4.9,upi,regular,10.3,1,1
5347.76,1,0.8917,2,network_error,3,358,active,10.3,upi,regular,2.6,1,1
2606.17,7,0.6354,0,authentication_failed,0,42,past_due,1.3,upi,regular,5.7,1,1
15911.27,4,0.9615,3,gateway_timeout,0,66,active,2.5,wallet,enterprise,0.5,1,0
2202.2,5,0.5474,1,network_error,2,714,active,4.4,upi,starter,1.3,0,1
16575.37,7,0.8794,0,insufficient_funds,0,1500,active,0.9,card,enterprise,24.4,1,1
11787.78,1,0.8508,2,insufficient_funds,3,180,canceled,3.7,card,regular,4.2,0,0
1776.18,4,0.5063,3,gateway_timeout,3,156,active,16.4,upi,regular,3.5,0,1
8336.53,0,0.6777,2,authentication_failed,3,22,active,14.4,netbanking,regular,0.3,0,0
27335.53,36,0.2848,4,insufficient_funds,2,279,active,4.3,card,regular,1.4,0,0
1656.2,1,0.4217,1,authentication_failed,0,158,active,2.1,card,enterprise,7.6,0,1
3070.4,2,0.7919,1,gateway_timeout,1,194,active,1.0,wallet,regular,3.1,1,1
3871.73,21,0.8032,2,insufficient_funds,1,673,past_due,7.6,upi,vip,6.3,1,1
1947.3,6,0.808,5,insufficient_funds,1,634,trialing,4.4,card,regular,12.6,0,1
276.91,1,0.7868,1,network_error,1,624,past_due,6.6,upi,starter,8.5,1,1
1443.14,4,0.6566,1,card_expired,2,26,paused,8.8,netbanking,regular,0.9,1,1
1855.99,1,0.6589,1,network_error,1,122,active,13.7,upi,regular,5.9,0,1
3131.34,2,0.7129,2,authentication_failed,2,273,active,0.5,netbanking,starter,5.9,0,1
1138.29,0,0.7487,1,authentication_failed,0,38,active,2.2,card,regular,20.2,1,1
10527.87,5,0.6426,1,insufficient_funds,1,705,active,3.7,netbanking,regular,3.6,0,1
6302.39,15,0.4675,1,insufficient_funds,1,215,active,0.5,upi,enterprise,3.0,0,1
645.25,8,0.5682,0,insufficient_funds,0,227,active,0.4,upi,enterprise,6.2,1,1
5450.43,8,0.5033,0,insufficient_funds,1,34,past_due,0.1,card,regular,8.3,1,1
5501.62,2,0.5816,1,insufficient_funds,5,5,active,4.2,upi,enterprise,4.4,1,0
15843.02,3,0.5507,3,insufficient_funds,1,258,active,3.9,upi,regular,5.8,0,1
215.13,17,0.861,4,insufficient_funds,1,61,canceled,2.3,card,regular,10.7,1,0
1624.65,0,0.8502,4,authentication_failed,2,428,unpaid,0.9,card,enterprise,7.9,0,1
13340.99,18,0.8198,2,gateway_timeout,0,13,active,1.5,wallet,regular,0.8,0,1
13651.09,6,0.7934,2,authentication_failed,0,48,active,4.1,netbanking,vip,10.1,0,1
6575.31,17,0.863,3,insufficient_funds,1,379,active,2.3,card,vip,3.8,0,1
7457.12,3,0.6723,1,network_error,1,4,active,14.4,upi,regular,6.2,0,1
679.71,3,0.7632,0,card_expired,4,70,unpaid,4.3,upi,regular,13.6,0,0
3806.46,13,0.9155,1,authentication_failed,4,323,past_due,2.8,card,regular,7.9,0,1
1517.11,14,0.8284,1,card_expired,0,298,unpaid,0.2,upi,regular,7.5,1,1
1199.69,2,0.9417,1,card_expired,0,58,active,4.6,netbanking,starter,4.7,0,1
8511.64,34,0.8295,2,insufficient_funds,0,393,active,3.4,card,regular,14.4,0,1
925.35,0,0.4772,1,insufficient_funds,3,136,past_due,4.0,upi,regular,1.9,1,0
3361.69,0,0.6734,0,insufficient_funds,0,301,active,2.0,card,regular,2.1,1,0
14149.96,8,0.5339,2,authentication_failed,1,157,canceled,3.0,upi,starter,21.6,0,0
1227.94,12,0.6715,2,gateway_timeout,0,3,canceled,10.3,netbanking,vip,12.5,1,1
19282.07,30,0.8421,1,insufficient_funds,1,2,active,1.0,card,vip,1.2,0,1
26025.92,4,0.6304,0,authentication_failed,1,1130,trialing,0.9,upi,starter,0.4,0,1
4255.34,0,0.7984,1,card_expired,2,57,active,0.1,upi,regular,4.9,0,1
1132.51,8,0.9174,1,gateway_timeout,1,488,active,1.6,upi,starter,3.1,1,1
2099.75,3,0.8453,0,authentication_failed,1,65,active,7.3,netbanking,regular,5.6,1,1
2962.52,5,0.6512,1,authentication_failed,1,151,trialing,1.2,upi,regular,1.9,1,1
2050.42,6,0.3256,6,insufficient_funds,2,1038,active,7.4,card,vip,8.4,0,1
1846.94,0,0.8781,0,insufficient_funds,1,37,active,3.3,netbanking,regular,3.8,0,1
18118.94,6,0.8277,1,insufficient_funds,3,202,active,0.8,upi,enterprise,20.7,0,1
1032.43,5,0.4248,2,gateway_timeout,0,113,active,0.6,card,regular,0.5,0,1
6808.68,11,0.9664,3,authentication_failed,4,212,active,4.6,card,enterprise,16.5,0,1
202.05,9,0.643,0,insufficient_funds,1,186,active,1.0,upi,regular,10.7,0,1
4733.96,1,0.8,2,insufficient_funds,0,35,active,10.6,upi,enterprise,6.7,1,1
12581.3,2,0.9045,4,network_error,1,210,active,6.7,netbanking,enterprise,7.0,1,1
1897.92,2,0.8529,1,insufficient_funds,0,113,past_due,6.8,upi,regular,2.3,0,1
1226.06,1,0.3896,0,gateway_timeout,2,75,active,0.2,upi,regular,3.8,1,1
5473.17,10,0.6823,1,authentication_failed,5,38,past_due,1.1,upi,regular,2.8,1,0
6434.43,49,0.848,0,insufficient_funds,3,275,past_due,2.2,upi,starter,8.3,0,0
6024.25,10,0.8791,2,insufficient_funds,3,317,active,1.1,netbanking,regular,4.1,0,1
2123.29,8,0.8407,1,card_expired,1,426,past_due,1.6,upi,regular,5.4,1,0
1653.11,5,0.925,1,authentication_failed,1,426,active,0.6,upi,regular,3.0,0,1
15808.61,3,0.8772,1,insufficient_funds,0,1334,active,0.5,card,regular,2.1,0,1
13039.24,22,0.9884,2,insufficient_funds,0,69,active,1.8,card,starter,2.6,0,1
3256.15,32,0.4793,2,insufficient_funds,1,209,past_due,9.8,card,regular,2.3,0,1
9560.31,6,0.6502,1,authentication_failed,2,212,canceled,8.5,upi,regular,0.2,0,0
3210.35,3,0.5246,0,insufficient_funds,0,193,active,3.1,card,vip,6.1,1,1
2961.62,13,0.8462,1,gateway_timeout,4,110,active,4.8,upi,regular,7.6,0,1
1052.54,1,0.9763,3,insufficient_funds,0,50,trialing,1.6,card,regular,4.6,0,1
2979.17,13,0.4523,1,authentication_failed,0,215,active,0.6,upi,enterprise,1.4,1,1
4054.65,16,0.62,0,insufficient_funds,0,41,active,0.2,upi,regular,6.0,1,1
313.81,1,0.6136,2,insufficient_funds,1,4,active,2.4,card,vip,0.5,1,1
3135.95,35,0.579,2,insufficient_funds,1,271,active,2.6,card,regular,13.0,0,1
7801.56,40,0.6817,3,insufficient_funds,0,145,active,2.2,card,regular,5.3,0,1
5897.89,26,0.8968,3,insufficient_funds,4,812,active,3.1,card,starter,6.4,1,1
5241.44,6,0.8008,3,card_expired,1,105,active,2.9,wallet,regular,3.7,1,1
12215.09,2,0.4978,3,insufficient_funds,2,1193,canceled,4.8,upi,regular,5.0,0,0
290.98,8,0.9306,3,card_expired,3,3,paused,7.7,upi,starter,4.7,1,0
4271.46,5,0.7506,1,authentication_failed,1,16,paused,8.2,upi,starter,1.0,0,1
7940.51,2,0.6717,3,insufficient_funds,0,273,unpaid,1.4,upi,vip,4.2,1,1
4097.18,5,0.4035,2,gateway_timeout,1,252,trialing,4.0,upi,regular,3.5,1,1
2157.04,10,0.5941,0,insufficient_funds,0,196,active,13.4,card,regular,0.3,1,0
932.36,0,0.8835,2,gateway_timeout,0,54,active,3.3,upi,regular,3.7,1,1
11126.81,3,0.942,2,gateway_timeout,0,25,active,4.1,card,regular,18.1,0,1
3381.59,0,0.8522,1,gateway_timeout,2,16,canceled,6.9,upi,starter,7.2,1,1
10723.39,13,0.6463,5,gateway_timeout,2,373,active,0.6,upi,regular,1.2,0,1
4607.66,9,0.8779,1,insufficient_funds,1,530,past_due,0.8,wallet,starter,4.7,0,0
5807.24,0,0.5074,2,network_error,0,430,past_due,9.3,card,regular,1.3,0,1
8354.87,31,0.4588,1,authentication_failed,4,41,trialing,11.6,upi,regular,9.4,0,1
5581.65,0,0.7107,1,card_expired,0,379,active,1.1,upi,regular,7.5,1,1
2737.94,8,0.7301,5,insufficient_funds,1,986,active,0.3,upi,enterprise,22.9,1,1
3803.96,14,0.8378,2,insufficient_funds,0,239,past_due,6.5,upi,regular,1.5,0,1
8323.91,14,0.7675,0,network_error,0,121,active,1.0,upi,vip,4.0,1,1
2539.23,0,0.9354,1,card_expired,4,25,active,4.4,upi,enterprise,9.8,1,1
2656.11,22,0.453,1,gateway_timeout,2,91,active,0.6,upi,regular,6.6,0,0
702.92,23,0.5599,2,insufficient_funds,0,221,trialing,1.9,card,enterprise,0.5,0,1
12501.13,7,0.7588,2,gateway_timeout,1,136,active,2.7,wallet,regular,0.4,0,1
677.25,6,0.389,3,insufficient_funds,0,180,active,1.8,upi,regular,1.1,0,1
5423.59,0,0.7599,1,gateway_timeout,2,288,active,3.9,wallet,enterprise,8.7,1,1
2865.31,7,0.6181,0,network_error,0,142,active,7.8,card,regular,0.8,1,1
2801.18,4,0.7665,1,insufficient_funds,0,54,past_due,3.3,upi,regular,1.3,1,1
5890.17,14,0.703,1,authentication_failed,0,21,active,3.2,netbanking,enterprise,6.9,0,1
547.25,4,0.2367,1,insufficient_funds,1,136,active,2.7,upi,vip,4.4,0,1
4703.39,10,0.8256,2,insufficient_funds,0,531,active,12.9,upi,regular,8.5,1,1
7592.75,1,0.8616,1,network_error,1,285,active,0.1,card,regular,3.1,1,1
9007.49,1,0.806,2,insufficient_funds,1,67,active,0.5,upi,regular,7.8,0,1
1134.84,1,0.6702,1,network_error,0,174,active,2.2,netbanking,enterprise,2.3,1,1
11585.52,0,0.5893,2,gateway_timeout,2,62,active,7.3,wallet,enterprise,1.3,1,1
5537.69,7,0.3855,0,insufficient_funds,1,38,canceled,10.7,card,regular,5.6,1,1
10879.2,14,0.7269,3,authentication_failed,3,378,active,11.7,card,vip,2.7,1,1
3520.67,8,0.911,0,insufficient_funds,1,140,past_due,1.1,upi,regular,14.7,0,1
4104.79,8,0.8561,3,insufficient_funds,0,15,active,2.2,netbanking,regular,5.8,0,1
12768.89,10,0.7233,1,insufficient_funds,0,426,active,4.4,wallet,enterprise,7.5,1,1
11708.4,3,0.6736,4,insufficient_funds,1,688,past_due,7.5,upi,enterprise,0.2,1,0
3172.49,4,0.9584,1,authentication_failed,3,106,canceled,4.5,netbanking,regular,2.9,1,1
1803.87,3,0.8498,1,insufficient_funds,0,172,active,9.3,upi,regular,7.9,0,1
2697.54,11,0.521,0,gateway_timeout,4,356,active,1.0,card,enterprise,17.8,0,1
2653.19,1,0.818,1,insufficient_funds,1,10,past_due,3.2,upi,enterprise,10.5,0,1
1890.44,0,0.8233,1,card_expired,0,622,unpaid,2.7,netbanking,enterprise,1.0,0,1
1763.83,8,0.8892,1,insufficient_funds,4,1500,unpaid,7.8,upi,enterprise,12.0,1,1
10068.67,27,0.836,3,insufficient_funds,5,176,active,0.5,netbanking,enterprise,7.8,0,1
562.11,8,0.2796,3,insufficient_funds,0,191,trialing,3.6,upi,regular,7.4,1,0
5859.98,14,0.7005,2,gateway_timeout,4,183,trialing,4.5,upi,regular,9.0,1,1
1148.67,10,0.7459,0,network_error,0,435,active,0.7,card,regular,0.9,0,1
2311.83,6,0.7926,1,insufficient_funds,2,186,active,5.7,upi,enterprise,2.7,1,1
517.59,12,0.8231,1,gateway_timeout,0,266,active,3.8,upi,vip,0.3,0,1
1773.37,16,0.7886,1,gateway_timeout,1,263,active,0.8,card,regular,0.2,0,1
7514.17,2,0.6889,1,insufficient_funds,0,190,past_due,9.4,netbanking,regular,9.8,1,0
11014.78,3,0.8953,3,insufficient_funds,2,651,active,7.5,card,enterprise,6.9,0,1
1452.11,2,0.9298,3,insufficient_funds,2,479,trialing,0.2,card,starter,2.2,0,1
3313.89,5,0.7912,0,network_error,2,19,active,0.9,upi,regular,3.5,1,1
3377.45,20,0.9396,1,authentication_failed,4,132,active,1.9,card,enterprise,1.4,0,1
10540.54,4,0.7343,1,insufficient_funds,0,221,active,3.1,card,regular,3.1,1,1
7394.24,4,0.7089,1,card_expired,1,385,trialing,3.3,card,regular,1.3,0,0
3798.25,18,0.6025,2,insufficient_funds,4,112,trialing,0.6,card,vip,4.3,1,1
5754.65,6,0.3033,1,gateway_timeout,1,239,trialing,0.5,card,enterprise,8.8,0,1
9598.2,7,0.5249,2,insufficient_funds,3,144,active,10.8,upi,regular,10.2,0,1
247.92,18,0.557,1,gateway_timeout,0,34,past_due,5.4,upi,vip,3.3,0,1
2778.27,6,0.7198,2,authentication_failed,4,1324,active,0.5,card,starter,10.9,1,0
12088.87,10,0.6762,1,authentication_failed,0,285,active,8.8,card,regular,7.0,1,1
6941.39,0,0.5213,3,authentication_failed,0,88,paused,1.2,card,enterprise,12.1,0,1
4113.62,1,0.87,5,insufficient_funds,0,267,active,1.9,card,regular,10.6,0,0
3971.33,4,0.6622,3,card_expired,2,80,active,4.1,card,regular,3.5,0,0
2336.79,6,0.4382,2,insufficient_funds,0,318,active,4.2,card,regular,2.3,1,1
3875.27,32,0.7153,2,card_expired,3,68,active,2.8,netbanking,vip,8.6,0,0
5526.61,33,0.8462,4,insufficient_funds,0,872,past_due,0.6,card,regular,7.0,0,1
2909.54,18,0.8004,1,insufficient_funds,0,197,past_due,1.5,card,vip,0.9,1,1
6461.5,3,0.5618,0,authentication_failed,1,409,active,2.6,upi,regular,0.1,1,1
10074.77,31,0.7239,1,insufficient_funds,2,307,unpaid,9.8,upi,enterprise,5.0,0,0
1040.23,11,0.6533,0,insufficient_funds,4,507,active,1.7,upi,enterprise,14.9,0,0
3203.27,4,0.6684,0,authentication_failed,0,452,active,6.4,card,enterprise,1.3,0,1
2821.41,11,0.8174,1,insufficient_funds,2,16,past_due,0.1,upi,regular,5.0,1,1
6015.19,0,0.5379,1,insufficient_funds,0,88,active,1.5,wallet,starter,2.0,1,0
1637.53,1,0.8474,4,authentication_failed,2,204,past_due,1.2,upi,starter,2.9,1,0
5311.74,16,0.6017,4,authentication_failed,0,448,active,7.9,card,regular,1.1,0,1
10697.78,9,0.6675,1,insufficient_funds,0,523,active,0.9,card,regular,1.4,1,1
2907.55,4,0.7453,0,authentication_failed,2,128,trialing,9.1,netbanking,regular,2.2,0,1
12296.48,6,0.4673,0,card_expired,0,348,unpaid,3.0,upi,regular,3.3,0,1
25127.57,22,0.5867,1,insufficient_funds,1,258,active,6.9,upi,vip,4.5,1,0
760.76,9,0.464,3,network_error,2,622,active,1.7,netbanking,regular,6.9,1,1
1526.69,4,0.9782,2,insufficient_funds,0,504,past_due,1.5,upi,regular,3.4,1,1
15216.78,1,0.7596,0,authentication_failed,2,71,canceled,0.5,netbanking,starter,9.6,1,0
16089.59,3,0.7961,3,network_error,0,106,active,4.0,upi,enterprise,0.7,1,1
714.08,36,0.4639,0,insufficient_funds,1,81,active,0.7,wallet,starter,2.2,0,1
275.56,5,0.846,5,gateway_timeout,2,183,active,4.2,wallet,vip,15.7,0,1
1078.32,6,0.8729,1,insufficient_funds,2,18,past_due,0.3,upi,regular,1.0,0,1
27823.31,6,0.7399,1,authentication_failed,0,112,trialing,0.6,upi,starter,0.8,0,1
1192.25,20,0.6316,3,authentication_failed,0,647,active,12.8,card,enterprise,5.3,1,1
3691.28,8,0.7303,3,authentication_failed,1,363,active,5.3,card,regular,6.9,0,1
9633.13,11,0.7686,2,insufficient_funds,1,101,active,0.5,card,regular,1.1,1,1
303.06,4,0.7667,1,insufficient_funds,0,146,active,2.0,wallet,enterprise,1.3,0,1
4837.88,0,0.8484,3,insufficient_funds,1,311,past_due,0.6,upi,regular,2.7,1,1
1821.91,25,0.6545,1,insufficient_funds,1,674,active,2.6,wallet,regular,8.1,0,0
10114.66,28,0.8957,1,insufficient_funds,0,370,past_due,11.1,card,enterprise,2.6,0,1
1866.61,28,0.733,1,card_expired,2,977,active,1.6,upi,regular,4.4,1,1
6003.86,27,0.792,0,authentication_failed,1,1222,active,5.8,card,regular,3.9,1,1
5807.66,16,0.2162,2,insufficient_funds,1,54,active,0.5,wallet,vip,8.5,1,1
1451.89,10,0.6715,1,gateway_timeout,1,7,trialing,1.7,upi,enterprise,12.3,0,1
377.1,17,0.8472,0,authentication_failed,1,455,past_due,1.4,card,enterprise,4.6,1,1
2831.81,8,0.454,0,insufficient_funds,0,558,active,0.8,card,enterprise,9.4,0,1
1906.77,1,0.7411,2,gateway_timeout,0,152,active,1.3,upi,enterprise,1.8,0,1
8476.83,4,0.963,1,card_expired,2,17,active,6.2,upi,regular,1.8,1,1
8256.3,33,0.7947,1,gateway_timeout,1,47,active,3.2,upi,regular,6.6,0,1
3253.45,4,0.8869,0,network_error,1,31,active,5.6,netbanking,regular,22.2,0,1
4863.53,19,0.6836,2,insufficient_funds,2,49,active,2.4,card,starter,1.2,1,1
4834.98,0,0.6868,4,authentication_failed,1,22,active,1.7,upi,regular,0.6,1,1
8976.89,3,0.8791,0,insufficient_funds,0,32,active,6.6,upi,vip,0.9,1,1
2966.95,4,0.7279,0,network_error,1,307,active,4.7,card,regular,5.9,0,1
1811.0,0,0.6649,3,insufficient_funds,2,9,past_due,2.7,card,enterprise,13.4,1,0
1739.66,1,0.8917,1,network_error,3,499,active,6.8,upi,regular,2.0,0,1
4041.43,2,0.6306,1,authentication_failed,1,449,active,0.4,upi,regular,1.2,0,1
3181.45,17,0.8974,2,gateway_timeout,0,242,active,0.7,card,starter,0.9,0,1
3100.17,0,0.9452,1,network_error,2,623,active,4.9,card,enterprise,0.7,1,1
677.81,3,0.6916,1,insufficient_funds,1,24,trialing,2.4,netbanking,regular,6.4,1,1
6539.96,0,0.9129,1,card_expired,4,74,active,9.6,card,enterprise,1.3,0,1
1402.32,11,0.8281,1,card_expired,1,164,paused,5.0,upi,starter,17.7,0,1
1296.71,9,0.6575,0,authentication_failed,5,37,unpaid,0.1,card,vip,10.2,1,1
2861.59,9,0.9308,0,gateway_timeout,0,247,active,6.6,upi,regular,4.4,1,1
1492.42,4,0.9239,0,insufficient_funds,0,448,active,3.2,netbanking,enterprise,6.5,1,1
4583.65,2,0.7128,2,insufficient_funds,0,473,canceled,4.2,card,regular,5.3,1,1
2521.8,12,0.7563,1,insufficient_funds,5,90,past_due,12.7,upi,regular,22.2,0,1
3179.3,15,0.3548,2,gateway_timeout,3,41,canceled,11.7,card,regular,0.6,0,0
4051.97,1,0.6692,3,insufficient_funds,2,377,trialing,1.9,upi,regular,11.0,0,0
1337.86,6,0.7995,1,insufficient_funds,3,110,past_due,1.6,upi,starter,5.5,1,1
1046.54,2,0.7064,2,authentication_failed,3,266,past_due,1.3,card,regular,4.0,0,0
10818.93,1,0.8592,3,authentication_failed,0,21,active,3.2,card,regular,2.8,1,1
3043.37,12,0.8525,3,authentication_failed,0,168,active,2.9,card,regular,23.6,0,1
2855.94,7,0.3981,0,authentication_failed,0,89,active,5.8,upi,regular,8.6,1,1
381.31,2,0.6547,2,insufficient_funds,0,284,active,3.5,netbanking,enterprise,0.1,0,0
3645.54,3,0.8758,2,insufficient_funds,2,237,active,5.5,card,vip,0.2,1,0
4239.08,32,0.6415,3,authentication_failed,2,152,past_due,0.6,netbanking,enterprise,7.1,1,1
4291.75,17,0.4052,2,authentication_failed,1,675,active,2.7,netbanking,regular,3.8,1,1
6338.45,20,0.7378,0,insufficient_funds,0,198,past_due,2.1,card,regular,4.2,1,1
1176.92,5,0.9486,1,gateway_timeout,0,4,active,1.3,wallet,regular,2.0,1,1
1653.25,9,0.8909,0,insufficient_funds,0,186,active,6.2,upi,starter,13.0,0,0
8522.92,4,0.7855,2,insufficient_funds,0,16,active,7.8,upi,regular,1.3,1,1
14903.44,0,0.753,2,insufficient_funds,5,812,past_due,2.1,upi,regular,5.7,1,1
930.52,4,0.9237,1,authentication_failed,0,339,active,4.5,upi,regular,0.3,1,1
3642.29,8,0.8749,4,network_error,2,2,canceled,0.8,card,enterprise,1.6,0,0
1405.11,3,0.542,2,card_expired,0,168,unpaid,3.3,card,regular,12.2,0,0
509.77,17,0.3271,2,insufficient_funds,1,718,active,2.0,upi,enterprise,2.8,0,1
2168.94,1,0.7402,0,insufficient_funds,1,401,active,3.7,upi,enterprise,5.1,1,1
975.6,4,0.4384,2,insufficient_funds,0,80,active,0.1,card,starter,2.1,0,1
6388.22,1,0.772,1,card_expired,3,283,active,2.0,card,enterprise,4.7,0,0
4014.9,4,0.831,1,card_expired,3,365,active,3.0,card,regular,0.2,0,0
976.46,0,0.8075,0,network_error,0,262,past_due,14.5,upi,starter,1.5,0,1
246.42,3,0.5583,1,authentication_failed,0,567,canceled,15.8,upi,vip,12.2,1,0
8455.39,4,0.4565,2,insufficient_funds,0,67,active,2.8,netbanking,enterprise,0.9,1,0
1169.1,6,0.543,1,network_error,2,344,active,0.8,upi,regular,1.0,1,1
4859.77,7,0.6658,2,insufficient_funds,1,232,paused,1.4,card,regular,3.4,1,1
2254.31,3,0.649,1,card_expired,0,846,active,1.8,card,vip,8.2,1,1
4603.24,7,0.8551,3,authentication_failed,0,288,active,1.0,upi,enterprise,1.2,0,1
2096.46,6,0.3963,0,network_error,1,142,active,5.5,netbanking,regular,10.1,0,1
654.77,3,0.8819,0,insufficient_funds,0,31,active,0.2,card,regular,0.5,0,1
1461.25,16,0.3981,1,authentication_failed,0,254,active,2.4,wallet,starter,3.7,0,1
1241.64,7,0.6708,1,insufficient_funds,1,794,active,10.8,card,regular,1.9,1,1
2993.25,3,0.9531,2,authentication_failed,3,101,canceled,5.9,card,regular,0.9,0,1
5568.87,27,0.516,1,insufficient_funds,2,268,past_due,1.1,upi,vip,1.6,0,1
1731.31,17,0.6906,2,insufficient_funds,3,386,active,0.2,upi,regular,7.6,0,1
260.72,38,0.765,1,gateway_timeout,1,521,active,6.0,card,regular,0.2,0,1
3858.79,11,0.6666,1,insufficient_funds,0,363,past_due,0.5,upi,enterprise,20.9,1,1
4853.97,4,0.7779,3,network_error,1,134,active,0.1,netbanking,regular,6.4,1,1
16666.72,3,0.6061,1,insufficient_funds,0,3,active,0.2,netbanking,starter,1.8,1,1
4651.54,10,0.9054,1,authentication_failed,4,223,canceled,3.9,netbanking,regular,2.4,0,0
3385.47,37,0.8888,3,insufficient_funds,1,202,active,0.6,upi,enterprise,2.6,1,1
4459.56,9,0.8343,2,insufficient_funds,0,138,active,0.9,upi,regular,0.1,1,1
13348.55,20,0.8857,0,card_expired,4,251,active,0.2,card,regular,0.4,1,1
9012.31,3,0.8669,0,card_expired,0,11,past_due,3.1,card,vip,2.0,1,1
2150.26,4,0.7472,0,insufficient_funds,0,600,active,0.4,upi,regular,1.4,0,1
1554.15,22,0.8216,2,insufficient_funds,2,91,active,1.1,card,starter,7.3,0,1
1723.35,13,0.5831,0,insufficient_funds,0,33,active,2.6,upi,regular,1.3,0,1
3710.14,37,0.6404,3,card_expired,0,55,active,0.1,card,regular,2.0,1,0
7013.86,14,0.927,2,authentication_failed,0,228,active,2.9,card,regular,16.3,0,1
3698.03,5,0.8115,1,gateway_timeout,2,377,past_due,0.7,upi,enterprise,9.4,1,1
551.02,7,0.8191,1,card_expired,0,43,trialing,3.7,card,regular,8.7,0,1
6629.18,21,0.8455,1,card_expired,2,287,past_due,1.2,upi,enterprise,8.8,1,1
8398.72,7,0.7955,2,authentication_failed,1,41,active,6.8,upi,regular,5.1,0,1
1908.92,2,0.8106,1,insufficient_funds,0,316,active,4.6,card,enterprise,3.8,0,1
5655.09,5,0.3757,0,authentication_failed,4,293,active,3.3,card,regular,8.8,0,0
2980.79,6,0.6492,0,insufficient_funds,0,493,active,4.1,upi,enterprise,2.1,0,1
11196.5,0,0.855,3,gateway_timeout,2,276,active,27.6,card,regular,4.0,0,1
9528.93,12,0.7644,2,insufficient_funds,0,18,active,2.0,upi,vip,10.2,0,1
3926.75,1,0.8775,0,authentication_failed,0,464,active,1.7,card,enterprise,0.6,0,1
6080.26,4,0.7146,1,insufficient_funds,0,265,active,3.3,card,starter,0.2,0,1
10942.87,15,0.7313,2,card_expired,4,60,active,0.3,card,regular,11.9,1,1
3623.09,5,0.441,2,insufficient_funds,1,703,canceled,0.3,card,regular,6.3,0,1
2078.93,17,0.5265,2,network_error,2,529,active,3.8,upi,regular,4.3,0,1
7205.34,3,0.7773,1,authentication_failed,0,138,unpaid,5.2,card,starter,0.7,0,0
1442.73,30,0.8547,0,insufficient_funds,1,224,active,5.5,card,starter,26.1,1,1
2659.46,2,0.7756,2,insufficient_funds,1,278,unpaid,4.5,card,regular,1.9,0,1
10239.41,0,0.982,2,network_error,5,466,active,5.5,card,regular,0.3,1,1
6644.43,19,0.4653,1,insufficient_funds,2,110,canceled,1.8,upi,regular,2.8,0,0
2785.99,13,0.7675,2,gateway_timeout,3,284,trialing,5.9,upi,enterprise,0.3,1,1
1408.73,2,0.3244,3,insufficient_funds,1,310,active,1.0,upi,regular,3.5,0,0
2400.04,39,0.6638,0,insufficient_funds,2,116,paused,1.5,netbanking,regular,2.7,1,1
1871.1,6,0.7779,0,authentication_failed,0,139,active,0.1,card,enterprise,6.3,1,1
1168.47,28,0.5265,0,insufficient_funds,2,138,active,8.7,card,enterprise,3.3,0,1
6999.88,6,0.3687,1,authentication_failed,4,131,past_due,4.7,card,vip,5.8,0,0
1652.23,6,0.7751,2,gateway_timeout,1,194,active,10.3,card,regular,1.8,1,1
3227.22,5,0.6136,1,insufficient_funds,0,12,active,1.6,wallet,starter,0.9,1,1
2637.66,3,0.9164,2,insufficient_funds,0,1454,active,8.4,upi,regular,5.5,1,1
20308.46,7,0.7171,3,authentication_failed,1,92,active,3.3,card,regular,8.0,1,1
2680.44,5,0.7214,2,insufficient_funds,0,195,trialing,6.4,card,starter,2.6,1,1
616.81,0,0.5347,3,gateway_timeout,1,85,active,2.9,upi,enterprise,0.1,0,1
670.6,2,0.4021,2,authentication_failed,1,688,paused,0.1,upi,regular,2.2,0,1
4667.19,2,0.6872,1,insufficient_funds,3,921,past_due,2.7,card,starter,0.3,0,0
4773.5,19,0.7428,1,insufficient_funds,1,976,past_due,5.7,wallet,regular,7.4,0,1
2912.95,8,0.6274,1,insufficient_funds,1,143,active,14.0,netbanking,enterprise,0.3,0,1
3026.79,13,0.6949,3,card_expired,0,233,active,3.8,upi,starter,0.7,0,0
477.21,29,0.742,4,insufficient_funds,0,432,active,4.9,card,regular,3.4,0,1
3834.0,9,0.2913,2,network_error,1,42,unpaid,9.5,upi,starter,2.4,1,1
3713.36,38,0.6572,5,insufficient_funds,0,121,active,5.9,netbanking,enterprise,8.6,0,1
1009.94,3,0.8034,1,insufficient_funds,1,92,active,7.2,card,regular,8.8,0,0
748.18,1,0.5832,1,network_error,1,168,past_due,5.1,card,regular,1.4,0,1
859.51,4,0.6631,1,gateway_timeout,1,400,active,3.1,card,enterprise,8.8,1,1
732.52,6,0.908,1,insufficient_funds,1,248,active,4.9,card,starter,0.5,1,1
4904.3,21,0.7389,1,authentication_failed,0,31,active,0.6,card,regular,4.0,1,1
1293.78,7,0.718,1,insufficient_funds,1,57,active,0.5,upi,enterprise,1.5,1,1
1647.95,3,0.4754,1,insufficient_funds,0,36,trialing,2.0,card,regular,30.8,1,0
1153.21,12,0.7873,2,insufficient_funds,1,62,active,0.6,upi,regular,8.4,0,1
16030.86,6,0.7639,2,card_expired,0,8,active,2.1,netbanking,enterprise,1.2,0,1
9841.93,1,0.9529,3,insufficient_funds,2,536,past_due,9.4,wallet,enterprise,1.7,0,1
1510.04,8,0.5124,1,gateway_timeout,2,465,active,6.1,netbanking,starter,5.9,1,1
2184.26,23,0.8418,0,insufficient_funds,0,203,trialing,1.3,upi,enterprise,10.8,0,1
1377.93,17,0.8306,1,insufficient_funds,0,368,active,10.6,wallet,starter,4.2,1,1
3585.15,8,0.9141,3,insufficient_funds,2,1500,canceled,0.3,card,starter,4.9,0,0
299.03,4,0.7163,3,insufficient_funds,2,218,active,2.9,upi,starter,0.9,1,1
5764.08,0,0.5665,1,gateway_timeout,1,238,active,0.7,upi,regular,15.3,1,1
3902.85,6,0.6645,2,insufficient_funds,0,499,active,1.6,card,regular,8.7,0,0
11645.33,13,0.8249,1,gateway_timeout,1,189,past_due,1.9,upi,starter,1.9,1,0
1097.98,4,0.5364,0,card_expired,5,13,canceled,2.2,upi,enterprise,0.4,0,0
8350.99,2,0.8612,2,insufficient_funds,1,107,past_due,4.6,card,regular,1.2,1,0
8050.15,25,0.7557,2,card_expired,1,317,past_due,4.3,card,regular,5.9,1,1
880.14,16,0.5663,3,gateway_timeout,2,305,active,3.1,card,enterprise,3.8,0,1
2742.14,9,0.7314,0,card_expired,0,1285,active,1.3,card,vip,0.6,1,1
1132.57,1,0.429,0,gateway_timeout,3,339,unpaid,1.8,card,regular,3.2,1,1
1669.98,1,0.8124,2,insufficient_funds,2,19,active,0.8,card,regular,4.8,0,0
1727.51,1,0.6081,4,gateway_timeout,1,775,active,0.3,upi,enterprise,4.5,0,1
4262.32,9,0.7737,0,insufficient_funds,1,8,active,1.7,upi,regular,6.9,0,1
2850.14,1,0.7594,0,network_error,3,259,active,3.4,upi,enterprise,3.0,1,1
14956.93,17,0.6916,3,authentication_failed,2,75,active,3.0,upi,enterprise,5.1,1,1
875.49,47,0.8202,1,authentication_failed,2,71,unpaid,4.2,wallet,vip,3.0,1,1
18389.44,4,0.3907,2,network_error,0,211,trialing,1.3,wallet,vip,6.0,0,1
1510.97,5,0.8119,1,insufficient_funds,0,8,active,2.5,upi,regular,16.0,0,0
7611.25,11,0.7188,2,gateway_timeout,1,83,paused,13.5,card,enterprise,1.6,1,1
2269.78,26,0.7212,1,insufficient_funds,0,67,active,1.7,card,enterprise,7.6,0,1
972.06,21,0.5794,0,authentication_failed,1,130,active,2.3,card,regular,7.3,0,1
9955.74,0,0.7943,4,authentication_failed,1,12,active,0.4,upi,starter,3.5,0,1
2047.07,1,0.8057,3,insufficient_funds,1,99,active,0.6,upi,regular,3.6,0,1
5577.24,13,0.6325,1,authentication_failed,1,50,active,4.1,netbanking,vip,0.5,0,1
4378.67,11,0.8712,2,authentication_failed,0,58,trialing,12.1,upi,regular,2.9,1,1
3390.99,1,0.4682,0,insufficient_funds,0,443,past_due,10.8,netbanking,regular,14.6,0,1
3624.1,6,0.7306,3,authentication_failed,1,1279,active,3.3,upi,vip,7.0,0,0
6788.28,14,0.7916,1,gateway_timeout,0,145,active,2.7,wallet,enterprise,1.9,0,1
659.33,2,0.8321,1,insufficient_funds,0,26,active,14.1,netbanking,regular,0.9,0,1
5715.82,19,0.6288,3,insufficient_funds,1,375,active,3.2,upi,vip,1.0,1,1
11507.8,0,0.8286,1,network_error,2,450,active,10.8,upi,regular,0.7,1,1
497.63,14,0.848,0,insufficient_funds,0,87,active,6.9,card,vip,13.1,0,1
957.91,9,0.8107,0,insufficient_funds,3,151,past_due,2.9,upi,enterprise,5.6,0,1
6505.04,3,0.4954,3,card_expired,2,110,past_due,1.1,card,regular,7.6,0,0
3074.88,12,0.9482,4,card_expired,1,901,active,2.9,card,regular,0.8,0,1
2783.79,14,0.9417,0,network_error,2,468,past_due,5.3,wallet,vip,5.7,0,1
936.51,25,0.8531,0,card_expired,4,80,active,5.4,wallet,regular,8.2,1,1
3733.9,4,0.6687,1,insufficient_funds,4,277,active,7.5,wallet,starter,0.4,1,1
876.5,10,0.7612,2,gateway_timeout,0,244,paused,2.5,upi,regular,5.2,0,1
3437.24,8,0.8366,0,insufficient_funds,0,165,active,2.8,wallet,regular,6.9,1,0
7411.47,7,0.6627,3,card_expired,2,315,canceled,0.1,upi,regular,1.3,0,0
1693.81,20,0.4162,0,authentication_failed,0,441,active,2.2,card,starter,1.0,0,1
3477.2,0,0.928,1,authentication_failed,0,731,unpaid,6.7,upi,regular,3.5,1,1
24351.56,3,0.6182,2,authentication_failed,1,159,active,3.8,netbanking,vip,4.9,0,1
6002.18,7,0.6361,3,insufficient_funds,0,264,paused,0.1,netbanking,enterprise,1.6,0,0
9405.49,1,0.918,4,gateway_timeout,1,336,trialing,1.2,card,regular,5.6,0,0
2879.41,22,0.8451,4,insufficient_funds,0,178,active,4.4,card,starter,8.6,1,1
7502.09,9,0.7171,4,insufficient_funds,2,437,trialing,4.7,wallet,enterprise,20.5,0,1
406.76,6,0.9127,1,insufficient_funds,0,5,past_due,4.8,card,regular,6.2,0,1
855.74,16,0.8204,0,authentication_failed,1,299,active,1.9,card,regular,9.6,0,1
1334.95,5,0.7777,1,authentication_failed,4,49,unpaid,3.6,card,enterprise,1.3,1,1
2770.42,7,0.5345,1,gateway_timeout,3,128,unpaid,3.1,card,regular,1.2,0,0
9545.74,0,0.7661,0,insufficient_funds,2,435,active,7.7,upi,starter,15.7,0,0
2325.27,4,0.7556,2,insufficient_funds,4,409,active,0.6,card,enterprise,6.3,1,1
5515.57,1,0.7573,2,insufficient_funds,0,153,canceled,0.9,upi,starter,0.6,1,1
6377.56,11,0.7785,3,insufficient_funds,0,8,active,9.7,upi,enterprise,2.8,0,1
4611.65,6,0.8869,1,authentication_failed,0,119,canceled,1.4,upi,enterprise,4.1,0,1
2409.93,3,0.6269,1,card_expired,2,105,past_due,6.1,card,regular,1.3,1,0
4502.55,5,0.5629,1,card_expired,3,57,unpaid,9.6,card,regular,2.0,0,0
2294.77,2,0.7315,0,authentication_failed,1,36,trialing,2.6,upi,regular,3.8,0,1
638.01,24,0.5098,1,gateway_timeout,0,96,trialing,2.0,card,regular,4.8,1,1
24871.13,0,0.5131,0,insufficient_funds,0,133,active,1.9,upi,vip,0.4,1,1
880.14,19,0.8158,2,network_error,1,325,active,2.9,upi,enterprise,1.0,0,1
575.5,6,0.7834,1,insufficient_funds,0,210,active,1.6,upi,regular,3.4,0,0
10740.47,9,0.5067,1,insufficient_funds,0,207,trialing,8.6,card,regular,0.8,1,1
1996.5,3,0.8163,0,insufficient_funds,1,471,active,2.6,card,vip,0.6,0,1
5453.35,32,0.5402,4,insufficient_funds,0,580,past_due,0.1,card,regular,2.2,1,1
2194.97,3,0.6192,1,insufficient_funds,3,128,past_due,1.6,card,regular,2.4,1,1
2683.42,8,0.7578,0,insufficient_funds,0,464,active,1.6,netbanking,regular,3.0,1,1
1719.82,47,0.8517,3,insufficient_funds,2,430,active,5.7,card,vip,1.8,1,1
2300.69,20,0.9761,0,authentication_failed,1,64,past_due,6.3,upi,regular,2.4,0,1
2844.1,7,0.7579,1,card_expired,0,13,past_due,8.0,card,vip,2.8,0,0
6572.26,44,0.7888,1,insufficient_funds,4,638,active,10.2,wallet,regular,6.2,0,0
3782.45,11,0.7391,0,authentication_failed,1,1051,active,7.0,card,enterprise,6.2,1,1
14573.35,2,0.7135,3,insufficient_funds,0,228,active,1.3,upi,regular,0.9,1,1
413.91,4,0.8089,1,authentication_failed,0,105,active,1.8,upi,starter,1.7,0,1
3696.51,3,0.5617,2,authentication_failed,0,271,past_due,3.3,wallet,starter,3.0,0,1
4588.05,4,0.7613,0,insufficient_funds,1,14,past_due,0.3,wallet,regular,2.2,0,0
12840.97,13,0.7729,3,network_error,1,349,active,5.7,card,regular,0.4,0,1
452.04,8,0.8247,2,insufficient_funds,1,58,paused,2.6,upi,starter,10.1,1,0
4460.71,0,0.7031,1,authentication_failed,2,26,trialing,10.4,wallet,regular,14.6,0,1
9808.09,19,0.8674,0,authentication_failed,0,578,past_due,4.9,upi,vip,6.9,1,1
1584.88,3,0.6561,4,card_expired,0,205,trialing,5.0,upi,regular,23.8,0,1
10649.17,55,0.2761,3,insufficient_funds,2,169,canceled,0.8,upi,regular,4.3,1,0
296.14,29,0.3022,4,gateway_timeout,0,240,active,12.7,netbanking,enterprise,8.5,1,1
6792.33,26,0.5552,0,gateway_timeout,0,1317,active,14.2,upi,regular,0.8,0,1
13723.77,15,0.719,1,insufficient_funds,1,54,past_due,3.6,upi,regular,4.3,1,0
5553.01,2,0.9435,1,gateway_timeout,1,60,canceled,0.9,card,regular,0.7,0,0
3090.43,7,0.7071,0,insufficient_funds,1,307,past_due,0.3,card,vip,7.9,0,1
429.6,2,0.6634,1,network_error,0,438,past_due,6.0,upi,regular,0.7,1,1
12835.76,2,0.6145,1,network_error,2,690,active,4.0,upi,regular,3.6,0,1
3377.19,8,0.7862,0,gateway_timeout,0,402,active,0.7,upi,enterprise,8.6,0,1
347.13,0,0.5131,0,authentication_failed,1,186,past_due,6.5,netbanking,regular,8.3,0,1
6053.03,33,0.8506,1,insufficient_funds,0,314,active,0.8,card,starter,2.4,0,1
3487.33,23,0.6001,3,insufficient_funds,4,191,active,0.8,upi,regular,1.6,0,0
863.92,4,0.6395,0,authentication_failed,0,267,trialing,3.4,card,starter,6.5,1,1
1405.72,6,0.6599,0,authentication_failed,1,21,past_due,2.8,card,enterprise,1.4,0,1
533.32,5,0.6611,2,authentication_failed,1,260,active,3.9,upi,vip,2.2,0,1
4470.03,20,0.761,4,card_expired,1,96,canceled,3.0,upi,regular,4.3,0,0
5064.7,11,0.8768,3,card_expired,0,194,past_due,7.1,upi,enterprise,0.2,0,1
3723.49,3,0.6698,2,insufficient_funds,1,37,active,0.1,card,starter,2.4,0,0
8694.14,5,0.6416,1,authentication_failed,1,200,trialing,2.0,card,regular,8.2,1,1
10066.72,5,0.6891,1,gateway_timeout,1,274,canceled,6.9,upi,enterprise,1.1,1,1
4980.68,30,0.8664,2,card_expired,1,56,active,3.2,upi,enterprise,6.5,0,1
264.19,1,0.6486,1,insufficient_funds,1,26,canceled,17.9,upi,enterprise,7.4,1,1
6140.98,0,0.6611,1,gateway_timeout,3,119,past_due,15.6,netbanking,regular,0.3,1,0
2906.42,20,0.4897,0,network_error,0,152,active,12.8,card,regular,0.5,0,1
4368.46,21,0.6169,1,insufficient_funds,2,255,active,15.7,card,regular,6.3,0,0
5435.99,19,0.7836,1,authentication_failed,2,49,active,3.1,upi,vip,5.5,0,1
2355.74,6,0.9552,2,insufficient_funds,2,159,active,2.8,upi,starter,11.6,0,1
12650.51,10,0.8347,2,card_expired,2,621,active,2.9,upi,enterprise,3.0,0,1
919.21,7,0.8094,1,card_expired,1,135,active,0.1,card,regular,7.5,1,0
5766.27,0,0.8182,3,network_error,0,48,active,1.0,netbanking,vip,7.4,1,1
221.85,8,0.9332,4,gateway_timeout,1,461,active,0.8,wallet,starter,4.0,1,1
13128.13,0,0.8395,1,insufficient_funds,3,138,active,0.6,netbanking,regular,0.8,0,1
796.76,3,0.779,3,insufficient_funds,0,249,trialing,1.1,upi,vip,11.5,1,1
698.46,25,0.5498,2,insufficient_funds,2,533,active,17.9,upi,vip,3.6,0,1
2224.88,3,0.977,2,insufficient_funds,0,244,active,0.1,card,regular,0.3,1,1
2538.56,26,0.5152,0,insufficient_funds,1,464,paused,2.6,card,enterprise,2.2,0,1
1405.9,2,0.6752,2,authentication_failed,0,263,paused,7.2,upi,enterprise,1.0,0,1
4598.85,3,0.4603,2,insufficient_funds,1,422,trialing,1.8,upi,vip,9.9,1,1
3125.18,9,0.6233,2,insufficient_funds,3,153,active,1.5,upi,regular,1.6,0,1
373.87,13,0.8037,2,authentication_failed,0,978,active,2.4,netbanking,starter,7.9,0,1
2125.75,6,0.7567,1,authentication_failed,0,196,active,6.6,upi,regular,13.6,1,1
8515.06,20,0.788,4,authentication_failed,1,287,active,1.3,card,enterprise,15.6,0,1
6051.1,0,0.2988,1,insufficient_funds,2,54,past_due,8.6,upi,enterprise,1.7,0,0
6652.57,24,0.3562,2,insufficient_funds,0,133,active,1.2,upi,starter,5.5,0,0
6188.58,2,0.8323,2,gateway_timeout,1,157,active,1.9,card,regular,3.8,0,1
2062.37,20,0.8614,2,gateway_timeout,1,438,past_due,2.0,upi,enterprise,17.5,1,1
724.94,4,0.4062,3,authentication_failed,0,372,active,4.3,upi,regular,7.2,0,1
1790.48,16,0.7161,3,card_expired,0,196,unpaid,0.5,upi,enterprise,0.2,0,1
9112.57,10,0.8056,1,authentication_failed,2,409,canceled,1.3,upi,regular,10.6,1,1
19879.22,1,0.8834,1,insufficient_funds,2,417,trialing,0.5,upi,starter,11.4,0,1
3604.58,23,0.7249,2,gateway_timeout,0,270,active,0.6,upi,vip,1.5,1,1
248.74,2,0.5272,2,insufficient_funds,1,715,active,2.3,upi,regular,8.3,0,1
954.37,2,0.2747,0,insufficient_funds,2,486,past_due,3.8,upi,vip,24.2,0,0
2143.63,15,0.9189,3,insufficient_funds,0,62,active,3.6,card,regular,3.0,0,1
4520.69,1,0.7241,2,insufficient_funds,2,106,canceled,5.5,card,starter,6.2,1,0
590.31,2,0.4664,1,authentication_failed,0,34,active,4.2,card,regular,5.8,0,1
14554.96,6,0.9457,2,card_expired,1,138,active,6.3,upi,starter,1.4,1,1
2471.31,16,0.3787,1,insufficient_funds,0,104,active,8.9,card,regular,2.4,1,1
12385.4,1,0.9001,3,authentication_failed,1,384,active,3.6,card,starter,1.1,0,1
7782.51,7,0.5296,2,insufficient_funds,1,408,past_due,13.4,netbanking,enterprise,1.5,0,1
7241.42,11,0.8531,0,authentication_failed,2,153,trialing,1.2,netbanking,regular,2.6,1,1
4866.16,18,0.4845,3,insufficient_funds,1,179,active,5.6,upi,starter,1.4,0,1
5127.99,26,0.8764,0,insufficient_funds,0,521,paused,4.6,card,vip,8.4,0,1
5280.6,14,0.9186,2,authentication_failed,0,189,active,3.6,upi,enterprise,0.8,0,1
5154.01,10,0.8365,0,network_error,2,671,active,0.5,card,starter,3.4,1,1
4234.14,5,0.6665,3,authentication_failed,1,452,trialing,2.0,card,starter,4.4,1,0
21693.58,1,0.9313,1,gateway_timeout,1,151,active,4.0,card,starter,2.5,0,1
6789.27,11,0.9178,1,insufficient_funds,1,684,active,6.3,card,regular,5.2,1,1
7701.72,46,0.6507,2,insufficient_funds,2,384,trialing,0.1,upi,enterprise,5.5,1,0
10496.74,12,0.7104,2,card_expired,3,789,active,1.0,upi,vip,9.0,1,1
1414.43,0,0.7194,1,insufficient_funds,2,59,active,9.4,card,regular,3.4,0,1
637.63,6,0.8964,2,insufficient_funds,0,294,past_due,0.1,upi,regular,0.2,1,1
3497.54,9,0.8586,3,insufficient_funds,0,635,past_due,0.5,netbanking,starter,13.4,1,1
3808.56,11,0.9309,1,authentication_failed,4,1,past_due,5.9,upi,starter,0.6,1,1
9035.78,12,0.7657,1,insufficient_funds,2,26,canceled,3.5,netbanking,regular,0.8,0,1
3132.99,7,0.8367,4,insufficient_funds,3,33,active,13.6,upi,enterprise,8.3,1,1
4429.78,2,0.6879,2,insufficient_funds,1,131,active,10.1,wallet,regular,2.0,1,1
3944.05,27,0.524,2,insufficient_funds,0,521,active,4.8,card,starter,0.3,0,1
394.76,11,0.8704,3,insufficient_funds,0,164,trialing,0.6,card,regular,0.5,1,1
4975.35,2,0.8075,0,insufficient_funds,4,22,active,1.3,card,regular,4.7,0,1
9002.56,3,0.8012,3,insufficient_funds,0,62,past_due,1.9,card,starter,5.7,1,1
1056.91,24,0.9223,1,authentication_failed,0,108,paused,0.8,card,regular,0.2,1,1
4711.1,20,0.8485,0,network_error,4,533,active,9.4,upi,enterprise,1.0,1,1
4702.22,4,0.8814,3,authentication_failed,1,57,active,1.7,card,enterprise,12.3,1,1
1096.74,0,0.2361,2,card_expired,0,305,active,2.3,card,enterprise,16.7,0,0
858.89,0,0.893,1,insufficient_funds,1,473,active,2.9,upi,regular,4.7,0,1
19773.12,3,0.7595,2,gateway_timeout,2,180,active,15.5,card,regular,5.5,0,0
2702.06,9,0.5727,1,authentication_failed,1,240,past_due,2.9,upi,regular,27.3,0,0
1490.11,8,0.9074,0,insufficient_funds,1,194,active,2.4,card,enterprise,0.5,0,1
1139.63,9,0.8246,2,insufficient_funds,1,359,active,0.1,netbanking,enterprise,3.9,1,1
5707.11,11,0.7831,3,authentication_failed,0,185,active,0.4,card,regular,7.0,0,1
4900.94,0,0.9087,0,gateway_timeout,0,715,active,5.8,upi,regular,1.3,1,0
5357.84,1,0.6281,2,insufficient_funds,0,501,active,1.0,upi,regular,14.9,0,1
660.61,4,0.9246,2,gateway_timeout,1,347,active,3.1,netbanking,regular,5.3,0,1
11399.68,1,0.3281,1,card_expired,0,102,active,0.5,card,vip,1.2,0,1
2665.47,0,0.6228,2,gateway_timeout,1,232,canceled,8.6,card,regular,10.7,1,0
2079.79,9,0.8825,1,card_expired,0,35,active,1.9,card,starter,0.5,0,1
3302.84,16,0.8757,2,gateway_timeout,1,127,trialing,0.4,upi,regular,21.2,0,1
2672.02,13,0.622,1,gateway_timeout,0,195,active,0.7,upi,regular,0.9,1,1
10159.97,16,0.8053,2,card_expired,2,107,trialing,1.3,upi,regular,6.5,0,1
13443.79,10,0.5549,0,authentication_failed,1,24,active,0.9,upi,regular,1.7,0,1
2008.1,12,0.783,0,card_expired,0,94,past_due,5.4,card,starter,0.3,1,1
10173.14,3,0.8895,2,gateway_timeout,0,640,active,2.2,card,regular,3.0,1,1
7805.38,47,0.7764,0,insufficient_funds,0,236,trialing,4.8,card,starter,16.0,1,0
13554.33,1,0.6276,5,insufficient_funds,2,55,active,0.5,card,regular,1.5,0,0
1610.16,2,0.4262,3,card_expired,1,398,active,1.8,upi,regular,2.1,0,1
4501.43,3,0.0992,0,insufficient_funds,1,591,trialing,4.0,card,starter,21.2,1,1
1804.78,35,0.5839,1,network_error,1,205,past_due,0.7,wallet,starter,4.2,0,0
8889.04,42,0.6251,0,gateway_timeout,1,142,trialing,3.1,card,starter,6.2,0,1
226.69,15,0.6186,1,insufficient_funds,2,112,active,0.5,netbanking,enterprise,0.9,0,1
4359.97,9,0.8984,2,insufficient_funds,2,46,active,1.1,card,regular,3.7,1,1
2271.55,6,0.7312,0,gateway_timeout,2,15,canceled,4.8,card,enterprise,6.3,1,1
2148.08,33,0.7141,4,insufficient_funds,4,62,past_due,0.4,upi,enterprise,0.4,0,0
5376.87,11,0.419,1,insufficient_funds,0,166,canceled,0.8,card,regular,6.2,0,0
9735.33,27,0.8343,1,insufficient_funds,2,14,active,7.4,upi,enterprise,0.3,1,1
4897.74,3,0.7208,2,insufficient_funds,0,968,past_due,11.5,upi,regular,0.9,1,1
9792.5,3,0.7237,3,insufficient_funds,3,297,unpaid,25.0,upi,vip,3.1,0,0
1736.68,18,0.5792,2,insufficient_funds,1,106,paused,6.0,upi,enterprise,5.8,0,0
3864.66,1,0.3565,1,gateway_timeout,0,140,active,3.7,wallet,regular,1.7,0,1
3194.07,27,0.8134,1,authentication_failed,0,1120,past_due,1.9,card,starter,0.1,1,1
258.57,6,0.8277,3,insufficient_funds,1,110,active,3.6,card,vip,12.9,0,1
4268.81,24,0.5558,1,gateway_timeout,1,42,unpaid,1.0,upi,regular,1.7,0,1
5616.52,3,0.7699,3,authentication_failed,0,143,active,3.4,wallet,starter,3.3,0,1
4681.39,11,0.7172,1,authentication_failed,0,56,active,0.8,upi,regular,0.3,0,1
6864.33,6,0.8492,0,authentication_failed,1,222,active,1.1,netbanking,regular,5.8,1,1
4435.45,9,0.6283,1,insufficient_funds,0,120,active,6.8,card,vip,7.9,1,1
545.41,6,0.632,3,gateway_timeout,2,77,active,1.9,netbanking,regular,3.1,1,1
819.01,32,0.5156,1,insufficient_funds,2,87,active,1.3,netbanking,regular,0.9,1,1
4737.58,11,0.7653,1,authentication_failed,0,819,active,8.2,upi,regular,0.7,1,1
1807.77,2,0.8772,0,card_expired,1,119,active,8.4,upi,regular,14.6,1,1
614.98,22,0.6631,2,authentication_failed,1,696,active,1.4,card,enterprise,6.5,0,1
3007.11,3,0.9586,2,authentication_failed,2,201,active,0.2,card,regular,2.5,0,1
4240.8,4,0.8288,1,authentication_failed,1,207,active,1.0,wallet,regular,1.1,1,1
2193.04,1,0.687,0,insufficient_funds,0,22,active,1.0,card,enterprise,5.2,1,1
6572.58,21,0.4786,0,network_error,1,947,canceled,2.7,upi,regular,5.7,0,1
5360.9,3,0.8773,3,gateway_timeout,1,186,active,2.6,card,regular,7.5,1,1
2223.46,2,0.7084,1,insufficient_funds,0,477,trialing,2.3,card,starter,3.8,0,1
7229.88,24,0.3928,2,authentication_failed,0,292,active,0.3,wallet,regular,1.3,1,1
5430.5,15,0.4849,1,card_expired,1,167,unpaid,4.5,upi,regular,13.3,0,0
5272.9,1,0.638,3,card_expired,0,294,active,0.5,upi,starter,4.4,0,1
4230.77,13,0.6808,1,network_error,1,30,active,5.5,card,enterprise,0.0,1,1
257.28,23,0.6267,1,insufficient_funds,0,15,active,0.7,card,regular,2.5,1,1
6161.99,0,0.7186,3,insufficient_funds,0,110,active,3.5,upi,regular,1.2,1,1
2558.36,16,0.7237,2,network_error,0,53,canceled,7.4,upi,starter,2.8,1,1
14489.4,7,0.5506,3,gateway_timeout,2,542,active,0.9,netbanking,starter,6.8,0,1
8718.32,10,0.8988,6,network_error,1,90,active,5.7,upi,enterprise,1.8,0,1
4629.95,6,0.835,1,insufficient_funds,0,271,active,1.2,card,regular,0.4,0,1
1652.98,11,0.7113,4,gateway_timeout,0,606,active,4.3,upi,enterprise,6.9,0,1
1339.01,0,0.6928,0,authentication_failed,0,16,trialing,10.9,card,enterprise,10.9,1,1
2280.49,13,0.8289,1,gateway_timeout,4,309,active,1.5,upi,regular,0.4,1,1
3436.74,0,0.7576,2,authentication_failed,1,3,active,6.9,upi,starter,9.7,0,1
1955.35,5,0.8936,2,gateway_timeout,3,490,active,0.6,card,enterprise,13.2,1,1
3817.31,1,0.8251,1,insufficient_funds,5,1047,canceled,4.8,wallet,starter,8.7,0,1
1103.84,16,0.9184,3,network_error,1,66,trialing,1.1,card,enterprise,0.2,0,1
19218.72,3,0.8519,2,authentication_failed,0,44,active,1.5,wallet,starter,1.7,0,1
771.02,5,0.5344,1,card_expired,2,173,active,1.5,netbanking,enterprise,1.6,0,0
13637.13,5,0.739,3,insufficient_funds,1,757,active,5.0,card,enterprise,2.7,0,1
12442.57,14,0.7835,3,insufficient_funds,0,89,active,4.3,card,regular,1.1,0,1
3926.0,6,0.7719,3,insufficient_funds,1,96,active,0.7,card,enterprise,13.1,1,1
6653.29,14,0.9161,1,gateway_timeout,1,242,active,7.4,card,regular,1.1,0,1
3063.93,0,0.4185,2,insufficient_funds,1,314,past_due,1.5,upi,regular,2.4,1,1
5171.73,2,0.8079,2,gateway_timeout,1,196,active,1.4,upi,regular,3.9,1,1
2281.94,7,0.5827,5,insufficient_funds,4,64,active,0.8,netbanking,starter,1.4,0,0
1991.66,27,0.8333,1,insufficient_funds,0,583,active,0.8,upi,regular,2.5,0,1
4516.47,0,0.8031,2,insufficient_funds,1,185,active,2.9,upi,regular,7.4,0,0
3647.07,0,0.9191,2,insufficient_funds,0,732,active,1.9,upi,vip,1.5,0,1
4531.99,1,0.7637,2,gateway_timeout,1,162,active,2.1,netbanking,regular,5.9,0,1
1888.99,9,0.8461,2,card_expired,0,37,active,2.0,card,regular,6.8,0,0
2486.09,4,0.812,1,card_expired,0,115,active,4.6,card,regular,0.3,1,1
638.14,16,0.8517,2,insufficient_funds,0,196,active,0.3,upi,enterprise,3.1,0,1
468.46,0,0.8614,2,network_error,2,54,past_due,1.5,upi,vip,0.3,1,1
1661.51,2,0.7415,3,card_expired,1,131,active,12.8,netbanking,regular,20.1,0,0
585.74,3,0.8418,0,insufficient_funds,0,29,active,2.6,upi,regular,1.0,1,1
747.82,9,0.652,1,card_expired,0,558,active,0.6,card,regular,6.8,1,1
8581.32,10,0.6039,1,insufficient_funds,2,790,active,2.8,upi,enterprise,6.5,1,1
398.25,1,0.9005,2,insufficient_funds,0,153,unpaid,7.3,upi,regular,2.3,0,1
5578.53,27,0.7977,1,card_expired,2,563,past_due,1.8,upi,regular,6.3,0,1
1791.1,3,0.6101,3,network_error,2,49,active,3.1,upi,regular,1.9,0,1
10460.91,11,0.7207,0,authentication_failed,0,18,active,9.8,card,regular,0.6,0,1
3517.87,7,0.8783,3,gateway_timeout,1,100,past_due,3.2,upi,regular,14.2,0,1
2023.37,2,0.5024,0,insufficient_funds,0,69,trialing,4.3,wallet,regular,5.0,1,1
3845.31,17,0.6767,3,gateway_timeout,0,68,past_due,0.1,card,regular,0.6,1,1
2605.99,16,0.8803,1,card_expired,0,377,canceled,6.5,card,starter,1.1,1,0
4354.02,4,0.8608,0,insufficient_funds,5,422,active,7.1,card,enterprise,0.7,1,1
808.2,8,0.8277,0,gateway_timeout,1,208,active,3.6,card,regular,0.2,1,1
29229.91,2,0.6783,4,card_expired,0,321,active,0.4,card,regular,8.1,0,0
2971.76,11,0.4437,1,gateway_timeout,0,84,active,14.7,upi,regular,0.2,1,1
2340.32,3,0.7136,0,gateway_timeout,0,300,active,4.6,card,regular,6.1,0,1
6392.99,17,0.7345,1,insufficient_funds,2,352,past_due,2.3,upi,regular,7.1,0,0
2461.99,2,0.7815,1,card_expired,1,720,active,8.3,card,vip,1.2,1,1
9157.03,0,0.8698,2,authentication_failed,1,23,active,2.1,card,regular,6.4,0,1
3228.16,2,0.3462,4,insufficient_funds,2,470,past_due,4.1,upi,regular,5.6,1,1
6556.95,2,0.7697,3,gateway_timeout,1,45,active,1.0,wallet,regular,11.0,1,1
768.38,6,0.7973,2,gateway_timeout,2,140,past_due,8.9,netbanking,regular,0.8,0,1
9557.88,2,0.6824,3,gateway_timeout,0,2,active,3.0,netbanking,regular,6.7,0,1
6853.69,13,0.8897,1,network_error,3,765,active,1.1,upi,regular,2.0,0,1
1389.49,2,0.9383,1,insufficient_funds,4,827,trialing,0.4,card,enterprise,0.1,1,1
984.94,11,0.7383,1,insufficient_funds,1,789,trialing,9.2,card,enterprise,2.0,1,1
2101.12,8,0.9152,0,network_error,1,24,past_due,0.9,card,enterprise,2.3,0,1
18863.23,40,0.8283,2,gateway_timeout,1,93,active,18.4,upi,regular,4.1,0,1
1684.16,87,0.716,0,insufficient_funds,1,128,active,0.6,upi,regular,10.9,1,1
3245.2,19,0.7704,2,insufficient_funds,0,963,past_due,2.5,wallet,regular,4.3,0,1
352.4,13,0.7289,1,card_expired,0,386,active,3.0,upi,enterprise,0.4,1,0
2731.08,4,0.7498,3,insufficient_funds,1,261,active,1.1,upi,starter,5.4,0,1
4435.22,13,0.8328,0,card_expired,1,122,active,20.1,card,regular,2.5,1,0
15501.31,29,0.6509,1,authentication_failed,0,919,past_due,3.4,card,starter,2.0,0,1
3835.96,0,0.4487,2,authentication_failed,0,311,active,3.4,card,enterprise,1.2,0,1
8749.26,7,0.8571,0,authentication_failed,4,184,past_due,8.3,card,enterprise,4.6,1,1
4160.72,2,0.6818,1,insufficient_funds,1,182,active,3.5,upi,vip,2.3,0,1
408.2,7,0.5843,0,insufficient_funds,0,20,past_due,2.6,upi,vip,24.4,1,1
2091.74,5,0.7726,2,authentication_failed,2,120,active,2.6,upi,regular,6.7,0,1
4484.8,8,0.8197,2,insufficient_funds,0,38,active,5.0,netbanking,regular,0.6,0,0
15238.41,7,0.7951,1,authentication_failed,1,335,past_due,1.7,upi,enterprise,1.2,1,1
9999.6,30,0.3551,3,authentication_failed,1,524,active,2.9,card,regular,1.9,1,1
1496.16,7,0.5178,2,insufficient_funds,0,668,active,1.6,upi,starter,10.1,0,1
1443.01,17,0.581,0,insufficient_funds,1,947,canceled,9.0,wallet,regular,0.1,0,1
1323.05,3,0.9667,0,insufficient_funds,1,61,active,0.9,upi,regular,15.1,0,1
12987.32,5,0.7338,2,insufficient_funds,2,181,past_due,3.4,upi,regular,1.7,0,1
9775.27,6,0.7949,1,insufficient_funds,3,333,canceled,1.5,card,regular,6.0,1,0
7655.68,3,0.5533,6,insufficient_funds,2,259,past_due,3.2,upi,regular,1.6,0,1
2693.95,4,0.8453,2,insufficient_funds,0,1500,active,2.9,upi,starter,0.8,0,1
3709.74,8,0.7298,0,gateway_timeout,0,74,active,2.5,upi,enterprise,1.7,0,1
3321.2,8,0.5822,0,gateway_timeout,0,222,canceled,2.4,card,regular,0.1,1,1
1661.12,9,0.7348,1,insufficient_funds,3,79,active,2.3,card,regular,5.0,1,1
3716.27,4,0.2419,1,insufficient_funds,1,279,active,2.1,card,regular,7.8,0,1
354.86,3,0.8051,3,authentication_failed,4,86,trialing,0.6,upi,regular,0.0,0,1
906.73,8,0.5295,1,insufficient_funds,1,323,active,10.5,card,regular,4.3,1,0
11083.71,1,0.8068,3,insufficient_funds,1,255,active,15.1,card,starter,2.6,1,1
7165.18,2,0.6923,1,authentication_failed,3,48,trialing,2.5,upi,enterprise,6.7,1,1
2948.42,0,0.731,1,insufficient_funds,1,64,active,2.4,card,vip,0.9,0,0
3840.25,0,0.6073,1,insufficient_funds,2,165,active,2.1,wallet,regular,2.4,0,0
2510.17,2,0.7875,0,insufficient_funds,1,304,active,1.0,upi,regular,9.7,0,1
6950.39,0,0.9417,0,insufficient_funds,1,43,active,0.3,card,regular,1.8,0,1
7866.72,2,0.4882,3,insufficient_funds,0,85,unpaid,0.1,upi,regular,2.2,0,1
7404.5,10,0.5472,1,gateway_timeout,3,34,trialing,3.3,netbanking,regular,9.6,1,1
6611.69,0,0.6477,0,card_expired,0,24,past_due,4.9,upi,regular,5.1,1,1
1343.95,5,0.7521,1,network_error,4,141,active,0.4,upi,regular,4.2,0,1
2262.22,23,0.9565,0,gateway_timeout,0,64,active,2.7,card,starter,0.1,1,1
3372.93,14,0.8005,2,insufficient_funds,1,87,trialing,0.7,card,starter,0.8,1,1
2208.31,3,0.748,2,insufficient_funds,1,248,active,0.7,upi,regular,1.2,0,1
7231.27,24,0.7458,1,insufficient_funds,0,283,paused,5.3,netbanking,regular,4.2,1,1
2197.57,3,0.7189,1,insufficient_funds,1,9,active,10.2,netbanking,vip,7.9,1,1
943.85,0,0.789,0,insufficient_funds,1,105,past_due,9.5,upi,regular,1.2,0,0
2746.14,48,0.5988,1,insufficient_funds,0,112,trialing,1.3,card,enterprise,0.7,0,1
19738.77,19,0.439,1,network_error,2,525,active,1.2,netbanking,starter,0.8,0,1
1480.15,5,0.6841,1,insufficient_funds,1,150,active,2.8,upi,regular,1.6,1,1
4935.79,10,0.8199,1,insufficient_funds,2,106,paused,13.9,card,vip,1.3,0,1
3036.74,10,0.5015,0,insufficient_funds,4,49,active,0.2,upi,enterprise,3.6,0,1
568.36,2,0.9713,0,insufficient_funds,2,464,unpaid,10.8,card,regular,2.1,0,0
3545.95,2,0.8079,3,authentication_failed,1,525,canceled,0.6,netbanking,regular,1.4,0,1
6256.07,6,0.9163,1,gateway_timeout,0,916,trialing,1.7,upi,starter,0.6,1,1
3799.71,23,0.686,0,insufficient_funds,1,543,active,1.3,card,regular,5.0,1,1
10482.77,0,0.9276,2,authentication_failed,0,368,active,4.7,netbanking,enterprise,2.4,1,1
1904.97,14,0.8452,1,card_expired,1,171,trialing,5.4,card,regular,7.0,0,1
650.99,0,0.7672,2,insufficient_funds,1,322,past_due,5.7,card,regular,12.4,1,0
13988.75,6,0.6217,0,insufficient_funds,1,230,active,0.3,card,regular,2.3,0,1
2575.65,9,0.8036,2,insufficient_funds,0,348,unpaid,0.3,card,regular,7.3,0,1
4494.89,11,0.5339,2,insufficient_funds,1,307,active,9.4,card,enterprise,2.3,0,1
8051.16,0,0.7576,1,card_expired,2,153,unpaid,6.3,card,vip,13.8,0,1
2160.13,5,0.8388,1,insufficient_funds,0,161,active,10.0,card,enterprise,1.7,1,1
6496.8,8,0.8002,1,insufficient_funds,1,265,active,4.7,card,regular,3.4,0,1
927.55,0,0.8091,0,network_error,4,502,active,0.2,card,regular,0.0,1,1
1921.57,1,0.8829,2,insufficient_funds,3,151,trialing,4.6,card,regular,1.4,0,0
981.58,10,0.8594,1,authentication_failed,0,118,active,9.3,upi,enterprise,0.8,0,1
8536.14,6,0.9415,3,authentication_failed,1,479,canceled,1.6,upi,vip,6.3,1,1
1459.32,1,0.4623,0,gateway_timeout,0,86,active,0.5,upi,starter,0.4,1,1
6518.68,7,0.8473,1,gateway_timeout,0,619,active,0.3,upi,regular,4.6,1,1
14549.76,23,0.5597,1,insufficient_funds,2,195,past_due,0.5,upi,starter,1.1,0,1
3951.47,0,0.7405,0,card_expired,2,113,active,0.4,card,regular,7.6,1,1
4082.96,9,0.678,2,gateway_timeout,1,129,active,3.6,upi,regular,5.4,0,1
3290.51,0,0.6869,0,card_expired,0,197,active,1.1,upi,starter,7.9,1,1
2171.81,0,0.8015,7,insufficient_funds,0,97,active,0.2,card,regular,0.6,0,1
3428.03,1,0.5257,0,insufficient_funds,1,374,active,9.6,upi,regular,6.8,0,1
4816.67,5,0.6988,0,insufficient_funds,3,996,active,4.6,upi,regular,2.5,1,1
21540.48,15,0.3713,1,authentication_failed,0,431,active,8.4,upi,regular,4.4,0,1
14084.15,3,0.8511,0,insufficient_funds,1,33,active,2.7,card,regular,0.3,1,1
10108.05,9,0.8141,0,insufficient_funds,1,100,active,8.4,wallet,regular,4.3,0,1
11197.01,5,0.7088,0,card_expired,0,181,trialing,5.0,netbanking,enterprise,5.6,1,1
3354.14,2,0.6709,1,card_expired,1,537,unpaid,5.5,card,regular,27.4,0,0
5556.61,6,0.3707,3,insufficient_funds,1,156,past_due,1.7,upi,enterprise,11.4,0,1
11472.15,15,0.93,1,insufficient_funds,0,97,active,1.8,card,regular,3.3,1,1
2695.73,16,0.756,1,insufficient_funds,0,374,active,11.1,upi,regular,1.6,1,0
16519.69,17,0.8879,1,gateway_timeout,1,337,active,2.9,netbanking,regular,0.8,1,1
2887.44,3,0.8544,2,gateway_timeout,0,38,active,15.0,upi,regular,4.2,1,1
4795.01,14,0.296,0,gateway_timeout,2,45,canceled,2.3,card,vip,3.1,1,1
6386.01,2,0.8646,3,card_expired,2,178,unpaid,9.5,upi,enterprise,4.0,0,0
15238.22,12,0.6045,4,card_expired,0,489,active,0.6,upi,regular,3.3,1,1
1602.65,28,0.7736,1,network_error,4,82,active,0.9,netbanking,regular,11.7,0,0
7054.68,0,0.7979,0,insufficient_funds,4,252,past_due,4.8,upi,enterprise,6.8,0,1
3878.35,5,0.9642,2,network_error,0,140,active,8.2,netbanking,regular,1.2,0,1
1763.68,9,0.6153,3,authentication_failed,0,6,canceled,2.7,upi,regular,5.0,1,1
7694.11,11,0.4001,3,insufficient_funds,4,159,active,4.3,upi,enterprise,3.2,1,1
4217.29,1,0.7058,0,authentication_failed,0,253,active,3.4,card,regular,8.3,1,1
5608.39,33,0.8264,1,insufficient_funds,0,503,active,1.2,upi,regular,8.4,1,1
2149.69,9,0.4231,0,insufficient_funds,1,85,active,8.0,netbanking,starter,1.2,0,0
3481.9,1,0.794,3,insufficient_funds,0,224,active,7.2,card,regular,3.4,1,1
5003.23,0,0.8696,0,gateway_timeout,1,652,active,2.0,upi,regular,3.9,0,1
2795.22,14,0.6669,1,insufficient_funds,3,231,active,0.1,wallet,regular,2.1,1,1
1305.56,0,0.8476,0,authentication_failed,3,595,active,1.1,netbanking,regular,0.0,1,1
16503.76,1,0.8879,0,network_error,0,225,canceled,0.1,upi,regular,26.1,1,1
3781.75,8,0.5479,2,authentication_failed,4,236,active,14.5,card,enterprise,1.6,0,1
6819.8,8,0.7364,1,network_error,2,317,trialing,6.6,upi,regular,6.2,0,1
2847.05,11,0.6627,3,insufficient_funds,4,347,past_due,6.2,upi,regular,10.9,1,1
2393.55,4,0.5806,0,card_expired,0,178,active,6.7,upi,enterprise,1.5,0,0
2814.19,14,0.6384,0,network_error,0,261,active,1.8,card,starter,9.0,0,1
2831.36,34,0.6133,3,authentication_failed,1,298,active,0.4,upi,regular,0.4,0,1
4128.29,3,0.8521,3,insufficient_funds,5,43,active,4.0,card,starter,5.3,1,0
4120.5,11,0.4985,0,insufficient_funds,1,91,active,4.3,card,starter,1.9,0,1
3637.35,25,0.7892,1,insufficient_funds,1,562,active,2.7,card,regular,3.5,1,1
923.89,11,0.3665,1,gateway_timeout,1,69,trialing,19.9,upi,starter,18.1,0,1
3626.64,10,0.5491,1,insufficient_funds,3,254,past_due,2.8,card,vip,3.9,0,1
1126.25,2,0.7009,1,gateway_timeout,3,14,active,2.0,card,regular,5.9,0,1
874.15,7,0.9711,1,gateway_timeout,4,433,active,1.0,upi,starter,9.9,0,1
13688.94,7,0.5865,2,insufficient_funds,1,224,active,1.8,upi,regular,0.2,0,1
4843.71,11,0.4027,1,card_expired,1,176,active,3.7,netbanking,regular,1.1,0,1
5586.55,54,0.8312,4,gateway_timeout,0,339,canceled,1.1,upi,enterprise,8.9,0,1
2769.1,0,0.7434,1,authentication_failed,0,360,trialing,2.1,card,regular,0.7,0,1
12183.43,0,0.8595,2,insufficient_funds,0,71,active,1.2,upi,vip,1.7,0,1
5279.6,0,0.7466,2,authentication_failed,1,931,active,10.9,upi,enterprise,6.8,1,1
7530.37,12,0.6682,3,authentication_failed,0,607,trialing,8.0,card,starter,1.8,1,1
2498.78,1,0.7968,2,insufficient_funds,1,60,past_due,0.5,upi,regular,4.7,0,1
16295.86,9,0.889,4,network_error,0,100,active,9.8,netbanking,vip,0.7,1,1
8786.82,3,0.6684,0,gateway_timeout,4,118,active,4.6,card,regular,4.3,1,1
9818.98,5,0.5613,1,insufficient_funds,0,383,active,2.9,upi,regular,0.5,1,1
1144.88,2,0.8703,3,authentication_failed,0,102,trialing,0.2,upi,regular,0.5,1,1
1780.16,19,0.5189,1,card_expired,1,277,unpaid,2.6,card,regular,3.7,0,0
1881.75,8,0.8722,3,insufficient_funds,3,269,active,3.7,upi,regular,0.9,1,1
1779.79,27,0.6702,1,insufficient_funds,0,209,active,6.4,netbanking,starter,5.7,1,1
9869.2,8,0.6253,2,network_error,3,243,paused,0.1,upi,regular,8.5,0,1
362.02,1,0.5363,1,insufficient_funds,0,65,active,2.7,upi,regular,0.3,0,1
595.76,1,0.5558,1,authentication_failed,0,42,past_due,4.4,upi,regular,1.3,0,1
1800.44,42,0.8295,1,authentication_failed,0,103,canceled,3.8,upi,starter,21.6,0,1
1314.92,12,0.8883,1,network_error,0,168,past_due,2.0,upi,regular,2.4,0,1
1518.91,0,0.4875,1,insufficient_funds,2,191,canceled,4.5,card,regular,3.5,0,1
8196.03,11,0.9231,3,network_error,1,48,active,7.6,card,regular,7.5,0,1
4340.56,5,0.7735,3,insufficient_funds,2,302,active,0.2,card,regular,7.8,1,1
228.94,3,0.9724,1,insufficient_funds,0,26,past_due,0.6,card,starter,1.4,0,1
3004.66,1,0.6485,0,insufficient_funds,1,1083,active,7.3,upi,enterprise,14.7,0,1
2820.27,17,0.4825,3,insufficient_funds,1,392,active,1.6,upi,starter,4.5,0,1
804.88,0,0.8113,2,network_error,1,581,trialing,1.9,upi,starter,6.4,1,1
5837.25,3,0.8737,0,network_error,0,156,active,4.7,upi,starter,2.3,0,1
6254.94,3,0.7242,1,insufficient_funds,0,770,canceled,18.7,netbanking,regular,2.4,0,1
6580.8,1,0.546,2,authentication_failed,2,1039,past_due,5.3,netbanking,starter,0.4,1,1
6718.43,6,0.6028,0,insufficient_funds,1,161,active,1.8,card,enterprise,15.0,0,1
200.26,0,0.6258,1,insufficient_funds,0,454,active,2.3,upi,starter,5.6,0,1
15586.97,3,0.7213,1,gateway_timeout,0,278,unpaid,4.3,card,regular,4.7,0,1
8615.66,25,0.9086,1,card_expired,1,57,active,2.8,card,regular,3.2,0,0
11916.08,3,0.4758,0,authentication_failed,5,129,trialing,2.5,card,enterprise,1.9,0,1
278.83,4,0.6019,3,insufficient_funds,1,316,unpaid,2.9,card,regular,0.1,0,1
13779.82,6,0.7158,1,card_expired,0,43,trialing,4.6,netbanking,regular,3.8,1,1
8498.09,7,0.5959,0,card_expired,1,98,active,2.1,netbanking,enterprise,13.9,1,1
9276.75,15,0.8538,0,authentication_failed,1,100,active,0.7,netbanking,enterprise,4.1,0,1
689.65,2,0.4888,3,insufficient_funds,1,135,active,3.5,card,enterprise,4.0,0,1
6911.92,19,0.6276,2,insufficient_funds,0,1,active,1.8,netbanking,enterprise,5.7,1,1
16283.98,13,0.5107,2,gateway_timeout,1,90,active,2.7,wallet,regular,12.3,0,1
5874.52,12,0.7764,0,network_error,0,59,past_due,16.0,netbanking,regular,0.1,1,1
4426.38,0,0.5718,4,network_error,2,702,canceled,1.0,upi,regular,9.4,0,0
14759.68,0,0.9039,1,gateway_timeout,0,450,past_due,3.6,wallet,regular,0.9,1,1
3125.39,8,0.5005,2,insufficient_funds,4,187,active,6.8,upi,enterprise,3.3,1,1
4772.63,18,0.3898,3,insufficient_funds,0,24,unpaid,1.9,netbanking,regular,0.7,1,0
3434.55,8,0.8396,2,gateway_timeout,0,733,active,4.2,upi,regular,0.9,1,1
13703.85,2,0.7337,1,gateway_timeout,5,125,active,1.5,upi,starter,9.6,0,1
595.67,0,0.7405,0,network_error,1,367,active,0.9,card,starter,21.6,1,1
3676.95,11,0.6915,1,gateway_timeout,1,64,active,2.3,upi,starter,0.7,1,1
6007.0,12,0.7908,0,network_error,0,249,unpaid,5.9,upi,regular,2.4,1,1
8048.84,1,0.8372,1,insufficient_funds,1,145,active,3.3,card,regular,0.9,0,1
4573.57,0,0.7948,0,network_error,1,177,active,7.2,card,vip,0.8,1,1
12179.96,4,0.8187,2,network_error,0,57,active,1.4,card,regular,2.2,0,0
14435.82,8,0.6874,2,network_error,0,515,canceled,6.9,upi,regular,2.1,1,0
532.4,11,0.5879,1,insufficient_funds,4,292,active,11.0,upi,enterprise,2.1,0,1
2773.92,15,0.7135,1,network_error,0,132,active,1.9,card,regular,6.0,0,1
318.69,8,0.3892,5,gateway_timeout,1,115,active,10.4,card,regular,0.1,0,1
2198.04,1,0.7544,0,insufficient_funds,3,15,active,8.6,card,starter,1.1,1,0
4048.72,10,0.6529,2,authentication_failed,2,126,active,0.3,card,regular,6.9,0,1
12284.09,39,0.6716,3,insufficient_funds,5,65,trialing,4.8,card,regular,6.0,1,1
9572.04,22,0.4108,1,insufficient_funds,2,461,trialing,6.7,upi,enterprise,2.6,1,1
881.96,19,0.7476,1,insufficient_funds,0,88,active,1.9,card,regular,6.7,1,1
688.23,3,0.9052,0,gateway_timeout,0,219,trialing,1.7,card,enterprise,2.3,0,1
4649.06,13,0.6137,3,authentication_failed,4,262,active,8.3,upi,enterprise,2.9,1,1
3997.7,18,0.7569,2,network_error,4,237,past_due,2.3,upi,regular,8.0,0,1
1748.8,10,0.7154,1,authentication_failed,1,243,past_due,4.5,card,regular,1.0,1,1
11685.65,2,0.8755,1,gateway_timeout,1,388,trialing,2.6,upi,regular,4.8,0,1
13311.64,29,0.5425,1,card_expired,1,147,paused,1.6,wallet,regular,5.7,1,1
2775.94,5,0.6085,1,insufficient_funds,3,43,active,7.0,card,regular,1.3,0,1
11250.15,1,0.6572,2,card_expired,1,171,active,2.7,upi,starter,0.5,1,1
2622.13,1,0.6944,0,insufficient_funds,1,4,past_due,1.2,upi,regular,1.2,0,1
6874.53,9,0.6582,0,insufficient_funds,0,325,active,14.0,card,regular,4.6,0,1
3430.77,5,0.7654,3,authentication_failed,1,26,trialing,0.6,netbanking,regular,7.0,0,1
853.87,0,0.6855,1,authentication_failed,0,84,active,0.6,upi,regular,0.9,0,1
13350.88,12,0.7344,0,network_error,0,109,active,9.3,card,regular,1.0,0,1
3226.57,15,0.4583,0,insufficient_funds,1,482,active,9.3,wallet,enterprise,0.5,0,0
6830.46,12,0.2514,1,insufficient_funds,1,367,active,5.7,upi,regular,8.2,0,1
2487.8,2,0.5927,1,card_expired,0,502,past_due,0.7,card,regular,0.6,0,0
295.31,11,0.7019,4,insufficient_funds,0,1268,active,5.6,card,regular,8.7,0,0
729.75,0,0.8727,0,gateway_timeout,1,210,active,0.8,upi,starter,11.0,0,1
3628.07,3,0.6972,2,insufficient_funds,1,40,active,0.2,wallet,regular,3.4,1,1
6055.34,4,0.6338,2,insufficient_funds,2,173,active,1.5,upi,regular,0.9,0,1
2237.85,17,0.7319,0,network_error,0,477,active,5.0,card,regular,16.7,1,1
6145.23,4,0.8944,1,authentication_failed,2,89,canceled,1.6,card,enterprise,14.8,1,0
6197.18,0,0.8572,1,network_error,0,215,active,5.0,upi,starter,1.3,0,1
6285.9,4,0.7261,0,insufficient_funds,0,43,active,11.0,upi,regular,1.7,1,1
3591.51,6,0.6229,1,insufficient_funds,1,42,active,3.5,card,regular,0.5,1,0
12518.83,28,0.8875,1,gateway_timeout,2,231,active,0.1,wallet,starter,7.9,1,1
3558.85,26,0.5443,3,insufficient_funds,0,724,past_due,0.2,card,regular,5.6,1,1
3191.6,1,0.8817,1,gateway_timeout,0,76,active,0.7,upi,regular,0.0,0,1
1311.85,1,0.8391,1,authentication_failed,1,288,active,4.4,card,vip,0.1,0,1
2038.36,1,0.8114,0,network_error,0,383,past_due,1.5,upi,regular,0.6,0,1
416.28,14,0.9303,1,insufficient_funds,1,75,active,1.9,card,starter,13.0,0,1
5219.27,0,0.4514,2,card_expired,1,69,trialing,1.7,wallet,vip,0.4,0,1
1628.66,1,0.1817,4,gateway_timeout,0,408,active,1.8,upi,enterprise,1.7,0,1
2013.14,7,0.6447,0,insufficient_funds,0,19,active,3.9,card,enterprise,9.0,0,0
7566.12,2,0.8859,2,gateway_timeout,1,99,active,3.5,wallet,regular,1.7,0,1
2181.69,0,0.5947,2,authentication_failed,0,186,active,8.1,wallet,starter,0.5,1,1
1586.65,4,0.6663,2,network_error,1,79,active,17.4,upi,regular,4.8,1,1
1125.97,3,0.5513,0,authentication_failed,2,27,active,7.3,upi,regular,4.1,0,0
7655.13,6,0.5155,1,authentication_failed,1,570,active,5.9,card,regular,5.9,0,1
894.62,36,0.539,1,gateway_timeout,1,151,past_due,1.9,card,regular,3.4,1,1
3223.43,1,0.6488,2,authentication_failed,0,45,active,9.9,card,enterprise,26.5,0,1
3735.52,4,0.9176,0,authentication_failed,0,888,trialing,1.8,upi,regular,1.4,0,1
6013.99,25,0.7256,2,authentication_failed,0,590,canceled,0.3,netbanking,enterprise,2.7,1,1
5215.83,19,0.9162,1,gateway_timeout,1,81,active,2.8,card,regular,1.9,1,1
8522.66,4,0.9295,1,insufficient_funds,1,10,active,1.2,upi,regular,8.6,0,1
428.92,11,0.8258,2,insufficient_funds,2,98,unpaid,2.7,card,enterprise,2.1,1,1
1958.02,0,0.7768,1,card_expired,0,28,past_due,4.6,upi,enterprise,0.3,0,1
1843.45,11,0.8521,2,network_error,4,144,active,7.9,card,regular,0.2,0,1
989.22,34,0.6396,2,gateway_timeout,0,209,past_due,1.2,upi,starter,7.0,0,0
1906.67,7,0.6834,1,insufficient_funds,1,16,active,10.1,upi,regular,8.1,1,1
2053.62,6,0.6533,2,authentication_failed,1,955,paused,19.5,card,regular,2.3,1,0
3889.51,1,0.583,2,insufficient_funds,2,172,active,0.9,upi,enterprise,2.5,1,1
5648.82,9,0.932,3,authentication_failed,1,265,active,1.7,card,regular,0.9,0,1
2599.06,8,0.7495,2,insufficient_funds,0,77,trialing,5.0,card,regular,2.3,0,1
6555.38,10,0.8701,2,insufficient_funds,1,229,trialing,1.8,upi,regular,1.6,0,1
2248.61,0,0.7609,0,insufficient_funds,0,163,active,1.0,upi,regular,8.5,1,1
1914.45,7,0.8275,0,card_expired,0,485,active,2.1,wallet,regular,2.4,0,1
4095.57,8,0.7032,0,insufficient_funds,1,61,past_due,4.9,card,regular,9.3,0,0
320.01,2,0.6105,4,insufficient_funds,1,1,active,0.1,upi,regular,0.9,1,1
615.76,2,0.8916,2,insufficient_funds,0,50,active,4.4,netbanking,regular,2.9,1,1
2906.16,3,0.6663,0,authentication_failed,3,64,trialing,9.2,upi,vip,0.6,0,1
14515.87,11,0.7108,2,insufficient_funds,5,145,past_due,17.6,upi,regular,26.7,1,0
6591.9,8,0.8328,5,authentication_failed,1,119,active,1.2,upi,regular,4.6,1,1
661.27,17,0.773,4,gateway_timeout,0,81,active,5.5,upi,starter,2.2,0,1
9564.35,3,0.8062,1,authentication_failed,0,86,trialing,0.7,upi,enterprise,3.4,0,1
6789.46,23,0.4099,2,gateway_timeout,0,58,active,1.1,upi,regular,0.1,1,1
4920.19,12,0.491,0,authentication_failed,0,20,past_due,4.3,upi,vip,0.5,0,1
8782.14,4,0.8057,1,insufficient_funds,2,373,past_due,6.8,upi,enterprise,7.6,1,0
2788.49,0,0.7015,1,gateway_timeout,0,9,active,0.4,card,enterprise,2.6,0,1
1451.94,2,0.4643,1,insufficient_funds,1,247,trialing,1.9,upi,enterprise,1.4,0,1
3787.44,29,0.9485,2,authentication_failed,4,495,active,8.1,card,enterprise,0.3,0,1
4179.69,3,0.7913,3,network_error,1,118,unpaid,5.6,card,regular,7.5,0,0
4064.49,3,0.9182,2,insufficient_funds,4,232,active,0.2,upi,regular,2.3,1,1
4362.89,1,0.5058,3,card_expired,0,246,trialing,2.1,card,vip,8.3,1,1
15050.8,15,0.7268,0,authentication_failed,1,33,active,2.1,card,starter,0.5,0,1
11826.49,3,0.9734,1,network_error,0,63,past_due,4.3,card,regular,1.9,1,1
10625.97,3,0.8208,3,network_error,0,59,active,0.4,card,regular,5.2,0,1
8282.74,5,0.7601,1,gateway_timeout,0,30,active,1.8,card,regular,1.6,0,1
14561.22,5,0.9354,2,insufficient_funds,0,272,paused,9.4,upi,regular,2.8,1,1
718.45,5,0.7928,2,network_error,0,155,trialing,0.3,netbanking,starter,6.0,0,1
1740.26,6,0.9176,1,card_expired,0,117,active,0.5,wallet,regular,3.4,0,1
3616.54,15,0.6461,1,network_error,5,501,paused,3.6,upi,regular,6.8,1,1
9571.4,16,0.3841,2,network_error,0,739,active,1.8,upi,regular,0.3,1,1
3717.66,15,0.7299,1,insufficient_funds,4,169,past_due,0.1,wallet,enterprise,12.6,1,1
7092.32,1,0.8348,1,insufficient_funds,0,464,active,1.1,card,regular,29.1,1,1
948.07,15,0.4351,3,authentication_failed,1,615,paused,3.3,card,regular,14.1,0,1
1654.53,1,0.8279,0,insufficient_funds,0,93,active,7.1,card,regular,1.3,0,0
6779.67,1,0.7801,2,authentication_failed,0,6,active,4.2,card,regular,14.6,0,1
1100.03,28,0.4637,2,authentication_failed,0,324,active,0.1,netbanking,regular,1.2,1,1
2364.36,16,0.7282,0,authentication_failed,1,89,active,1.0,card,enterprise,3.5,0,1
1738.51,7,0.5772,1,insufficient_funds,1,6,trialing,0.6,netbanking,enterprise,8.1,0,1
2352.85,19,0.8177,1,card_expired,1,128,active,2.4,upi,regular,5.6,1,0
6360.56,43,0.4135,0,authentication_failed,1,165,active,1.5,upi,regular,3.4,1,1
2493.12,8,0.7056,1,gateway_timeout,0,126,active,3.3,upi,enterprise,1.6,1,1
4251.36,9,0.4549,2,insufficient_funds,2,81,active,0.9,wallet,starter,19.5,1,1
726.42,13,0.9564,2,gateway_timeout,1,488,active,4.8,wallet,regular,6.0,1,1
8374.23,2,0.6815,1,insufficient_funds,0,178,paused,2.2,wallet,enterprise,1.1,0,1
2509.29,1,0.7248,1,gateway_timeout,0,391,trialing,1.8,netbanking,vip,2.6,0,1
5428.21,13,0.7176,0,network_error,1,103,active,4.6,upi,regular,2.6,1,1
6662.01,4,0.85,1,gateway_timeout,0,91,canceled,4.8,card,starter,11.6,0,0
1376.47,1,0.8021,1,authentication_failed,1,404,active,0.4,upi,regular,0.4,1,1
11000.0,3,0.7609,0,gateway_timeout,1,598,active,8.5,upi,regular,2.0,1,1
4988.48,4,0.8238,1,gateway_timeout,0,326,active,4.4,card,starter,1.0,0,1
2999.42,31,0.7069,1,authentication_failed,2,104,active,1.6,netbanking,starter,14.9,0,1
1206.51,11,0.3151,1,card_expired,1,704,active,2.7,upi,regular,4.3,0,1
14462.57,7,0.7285,0,authentication_failed,0,344,active,0.8,upi,regular,5.7,1,1
7233.88,32,0.3838,0,authentication_failed,1,237,trialing,0.7,upi,enterprise,1.0,1,1
1366.12,22,0.9814,4,insufficient_funds,0,184,active,9.1,upi,regular,3.2,0,1
2260.26,6,0.7072,2,network_error,5,252,trialing,3.4,upi,vip,4.7,0,1
8495.09,22,0.8185,0,authentication_failed,1,11,active,4.4,upi,enterprise,1.0,0,1
6148.34,4,0.7449,1,insufficient_funds,0,264,paused,7.0,upi,starter,11.1,0,0
7457.56,2,0.4132,1,insufficient_funds,1,85,past_due,6.5,card,enterprise,0.0,1,1
3109.83,2,0.1993,0,insufficient_funds,0,131,active,0.5,card,regular,0.9,0,1
6502.3,10,0.3662,1,insufficient_funds,1,217,trialing,6.0,wallet,regular,14.9,0,1
2642.82,6,0.8895,1,network_error,1,90,active,1.7,card,regular,4.2,1,1
1386.61,10,0.7446,2,gateway_timeout,1,56,active,2.4,netbanking,enterprise,2.5,1,1
5207.57,10,0.6076,2,insufficient_funds,1,60,trialing,0.1,upi,vip,4.1,0,1
18851.41,0,0.6822,2,card_expired,0,884,active,2.6,card,regular,5.5,0,0
2059.68,0,0.8673,2,authentication_failed,0,42,active,1.4,wallet,regular,3.4,0,0
3289.92,7,0.4639,5,insufficient_funds,0,344,trialing,2.6,wallet,regular,3.3,1,1
5804.31,2,0.9638,1,authentication_failed,3,685,active,8.3,upi,regular,2.5,1,1
4099.04,9,0.8229,2,insufficient_funds,0,562,past_due,5.6,card,vip,0.6,0,1
9471.19,7,0.8129,2,insufficient_funds,4,194,canceled,2.2,upi,regular,0.8,0,0
7372.02,8,0.8705,1,authentication_failed,1,116,active,1.4,wallet,enterprise,1.4,1,1
500.33,3,0.6136,1,authentication_failed,2,162,canceled,1.2,upi,regular,7.9,0,0
32455.56,9,0.7648,4,authentication_failed,0,6,active,3.9,card,regular,2.5,1,1
7179.75,16,0.8709,0,insufficient_funds,3,279,active,1.8,upi,enterprise,7.3,0,1
10171.95,59,0.5239,1,gateway_timeout,4,234,active,2.6,upi,regular,6.3,0,1
5466.25,17,0.5813,2,network_error,4,140,active,1.3,upi,regular,6.6,0,1
9899.62,7,0.6621,3,network_error,0,925,canceled,3.1,upi,starter,6.2,0,0
796.07,2,0.5343,0,network_error,2,48,active,0.1,netbanking,regular,0.1,0,1
2336.54,10,0.5144,4,authentication_failed,0,218,unpaid,2.0,upi,enterprise,10.9,0,1
10654.37,26,0.9649,0,insufficient_funds,0,205,active,6.8,upi,starter,2.1,1,1
1326.07,2,0.6063,1,gateway_timeout,0,29,past_due,0.9,wallet,starter,6.5,1,1
607.36,2,0.5943,1,gateway_timeout,2,161,active,2.2,card,regular,2.4,0,1
7958.65,1,0.7716,1,network_error,0,13,paused,2.5,netbanking,regular,4.4,0,1
9223.8,12,0.8045,1,insufficient_funds,0,139,active,14.1,upi,starter,4.0,0,1
1087.58,4,0.8342,2,network_error,1,5,active,7.1,netbanking,regular,15.1,0,1
9832.61,0,0.6985,0,insufficient_funds,0,41,active,2.9,upi,regular,10.5,1,1
6004.05,19,0.6393,1,insufficient_funds,2,155,active,0.9,card,enterprise,10.9,1,1
3870.71,7,0.9202,0,gateway_timeout,1,344,active,3.3,card,enterprise,25.2,1,1
9067.15,3,0.5877,0,authentication_failed,0,177,unpaid,3.6,card,regular,4.4,0,0
2917.17,4,0.903,3,insufficient_funds,0,190,trialing,2.5,card,regular,5.6,0,1
1278.32,3,0.5851,1,insufficient_funds,0,120,past_due,1.4,netbanking,starter,6.4,1,1
1876.33,5,0.7576,1,insufficient_funds,0,232,active,6.6,card,enterprise,2.6,1,1
3717.64,3,0.6269,0,network_error,0,430,trialing,1.7,wallet,starter,1.7,0,1
3989.29,7,0.8454,3,authentication_failed,0,596,active,2.0,card,regular,7.8,0,1
8388.69,14,0.9516,0,card_expired,0,1271,active,1.6,upi,enterprise,3.1,1,1
8035.55,10,0.4612,4,insufficient_funds,3,349,active,9.5,netbanking,regular,0.0,0,1
4553.8,3,0.826,1,insufficient_funds,3,31,active,4.0,upi,starter,2.1,0,1
7788.52,7,0.9269,1,authentication_failed,2,40,past_due,0.3,netbanking,regular,1.3,0,0
1264.56,17,0.733,1,gateway_timeout,2,173,active,1.1,upi,regular,5.5,1,1
456.81,0,0.8365,0,network_error,0,282,active,4.9,card,enterprise,7.8,1,1
10542.86,0,0.7798,1,insufficient_funds,0,35,active,2.7,upi,regular,3.1,0,1
592.81,7,0.6511,1,insufficient_funds,0,127,active,3.0,upi,enterprise,4.4,0,1
1616.38,9,0.7463,1,insufficient_funds,1,219,active,0.8,card,regular,0.0,0,1
6142.45,2,0.8438,1,insufficient_funds,2,56,active,7.4,card,vip,3.3,1,1
2833.49,12,0.4284,2,authentication_failed,5,301,active,5.5,wallet,enterprise,2.1,0,1
10650.04,9,0.8273,2,gateway_timeout,2,104,trialing,2.8,card,regular,12.3,0,0
1968.97,24,0.8372,1,insufficient_funds,0,80,past_due,1.7,netbanking,regular,20.9,0,1
259.71,1,0.9032,0,network_error,3,19,active,3.6,upi,regular,0.3,0,1
1988.06,13,0.4637,0,authentication_failed,1,287,past_due,0.5,wallet,regular,2.1,1,1
4514.64,0,0.7686,1,authentication_failed,0,62,unpaid,2.5,netbanking,regular,1.1,0,0
2557.53,7,0.8664,3,card_expired,0,32,active,0.4,netbanking,enterprise,2.4,1,0
4027.22,7,0.7909,4,insufficient_funds,2,91,paused,10.4,card,regular,7.6,0,1
10661.54,4,0.8133,3,authentication_failed,3,327,paused,1.2,upi,regular,2.4,1,1
12379.73,17,0.8394,4,authentication_failed,2,84,active,1.9,wallet,starter,18.8,0,1
1746.05,0,0.7594,2,insufficient_funds,1,8,canceled,3.5,card,regular,7.0,0,0
3300.79,6,0.4051,1,insufficient_funds,5,235,past_due,1.1,card,regular,1.0,0,0
4183.04,2,0.82,3,gateway_timeout,0,218,active,1.4,wallet,regular,20.4,1,1
15090.69,12,0.9288,3,authentication_failed,0,508,trialing,9.2,card,vip,0.4,0,1
33118.66,0,0.723,1,gateway_timeout,1,46,active,7.2,card,regular,8.5,0,1
1542.06,16,0.7212,4,insufficient_funds,2,742,active,0.9,upi,regular,0.4,1,1
6691.05,17,0.9319,1,insufficient_funds,0,13,active,2.1,upi,regular,0.6,1,1
2574.33,16,0.7289,1,authentication_failed,1,210,past_due,2.5,netbanking,starter,0.4,0,1
240.71,1,0.8104,1,insufficient_funds,0,380,active,4.4,card,enterprise,6.5,1,1
246.48,9,0.7177,3,card_expired,1,361,active,5.5,upi,regular,6.5,1,1
3286.17,0,0.5012,1,card_expired,0,268,active,10.4,upi,starter,10.8,0,0
3550.42,17,0.7345,0,insufficient_funds,1,823,active,3.1,upi,regular,3.8,1,1
314.14,12,0.858,4,insufficient_funds,0,141,active,5.3,upi,regular,2.6,0,1
6006.6,7,0.2154,1,insufficient_funds,2,269,active,7.9,upi,enterprise,1.1,0,0
1940.72,12,0.7834,1,insufficient_funds,1,33,active,7.7,upi,starter,0.1,1,1
4303.69,0,0.8792,1,authentication_failed,2,110,paused,8.7,netbanking,regular,5.1,0,1
1989.94,7,0.723,0,insufficient_funds,1,32,active,1.6,wallet,regular,4.7,1,1
1114.41,3,0.5219,7,gateway_timeout,0,210,active,4.3,card,enterprise,0.1,0,1
2814.27,34,0.9046,0,authentication_failed,0,537,active,4.6,wallet,regular,2.7,1,1
1521.61,18,0.6414,4,insufficient_funds,3,111,active,1.0,upi,regular,5.6,0,1
4026.45,12,0.9508,1,insufficient_funds,1,298,unpaid,10.5,upi,enterprise,1.4,1,1
1308.4,25,0.9293,2,insufficient_funds,1,73,active,4.9,upi,regular,0.8,0,1
3750.51,4,0.8739,3,network_error,1,204,active,0.7,netbanking,vip,5.4,1,1
1056.19,21,0.5276,3,card_expired,1,40,active,0.4,upi,regular,9.8,0,1
5758.1,3,0.912,4,authentication_failed,1,3,canceled,4.9,netbanking,regular,3.3,0,0
7210.85,12,0.6226,0,insufficient_funds,0,1169,active,3.1,card,regular,6.3,0,1
784.88,12,0.4568,2,authentication_failed,2,458,active,5.9,netbanking,vip,9.2,1,1
3353.7,0,0.8939,3,authentication_failed,0,249,canceled,1.5,upi,regular,6.8,0,0
567.54,4,0.865,0,authentication_failed,0,78,trialing,1.3,card,starter,13.8,0,1
4758.79,0,0.423,4,insufficient_funds,0,342,active,1.0,upi,regular,0.2,0,0
1735.37,55,0.3485,1,authentication_failed,0,27,active,0.3,card,enterprise,15.0,1,1
3949.9,1,0.6431,4,network_error,0,251,past_due,0.9,wallet,regular,12.7,1,1
3843.47,7,0.8781,0,insufficient_funds,2,408,active,4.0,netbanking,enterprise,15.2,1,1
13108.48,14,0.8335,0,gateway_timeout,3,280,past_due,1.3,card,regular,10.4,0,1
4182.36,2,0.587,1,network_error,2,358,past_due,1.5,card,enterprise,3.2,0,0
4573.33,6,0.5146,3,authentication_failed,2,20,active,0.9,card,enterprise,0.7,1,1
2767.92,8,0.8582,1,authentication_failed,0,11,past_due,2.6,card,starter,12.4,0,0
15087.46,1,0.6297,0,insufficient_funds,0,142,active,3.0,upi,enterprise,2.2,0,1
7707.09,14,0.9675,2,insufficient_funds,2,393,active,14.7,upi,vip,18.6,1,1
1880.2,3,0.757,1,authentication_failed,1,90,active,2.7,card,regular,1.6,0,0
9496.22,2,0.7595,2,gateway_timeout,4,336,paused,4.8,upi,enterprise,3.1,1,1
3031.66,7,0.8866,2,insufficient_funds,2,19,active,2.9,upi,regular,5.1,1,1
9020.74,5,0.8332,3,insufficient_funds,0,267,active,9.2,upi,regular,1.9,1,1
8854.87,24,0.7132,2,authentication_failed,0,644,active,1.6,wallet,regular,12.3,0,1
1246.64,20,0.8362,3,authentication_failed,3,155,active,4.7,upi,regular,0.0,1,1
6238.92,6,0.476,1,insufficient_funds,1,15,unpaid,1.5,upi,enterprise,5.3,1,0
1916.98,4,0.4509,1,insufficient_funds,1,320,paused,6.8,upi,enterprise,1.9,1,1
1965.5,3,0.6925,0,insufficient_funds,1,538,past_due,1.4,card,regular,0.9,0,1
1957.36,2,0.9139,1,authentication_failed,2,113,active,0.8,upi,regular,10.8,0,0
6665.26,7,0.6295,1,insufficient_funds,0,117,active,10.5,upi,vip,6.7,0,1
1505.69,15,0.6328,1,insufficient_funds,1,101,canceled,9.1,upi,enterprise,2.8,0,1
204.53,3,0.762,1,insufficient_funds,1,29,active,4.3,wallet,vip,13.7,1,1
6480.49,2,0.5475,1,insufficient_funds,2,92,active,1.1,card,regular,1.5,1,0
1138.79,6,0.5898,1,gateway_timeout,1,139,active,1.5,upi,enterprise,1.8,0,1
751.77,0,0.9695,4,insufficient_funds,2,136,past_due,5.1,upi,starter,1.9,0,1
1555.87,11,0.8918,0,card_expired,1,58,past_due,0.6,netbanking,regular,2.8,0,1
2589.38,6,0.8324,1,network_error,1,203,active,1.8,card,enterprise,2.5,1,1
3430.42,6,0.8775,4,insufficient_funds,1,195,active,19.8,upi,enterprise,0.3,1,1
427.97,3,0.7039,0,authentication_failed,0,121,active,4.2,netbanking,regular,2.9,0,1
17829.27,22,0.9478,1,insufficient_funds,1,683,active,0.4,card,enterprise,2.0,0,1
6495.02,0,0.9373,1,authentication_failed,0,842,trialing,7.5,wallet,enterprise,10.4,0,1
2151.85,19,0.5623,0,insufficient_funds,0,285,active,0.1,card,regular,13.2,1,1
2118.74,4,0.8932,2,authentication_failed,3,84,active,14.3,card,regular,9.4,0,1
3175.95,20,0.4631,2,insufficient_funds,0,697,active,14.4,upi,enterprise,0.4,1,0
5120.77,12,0.8606,2,insufficient_funds,0,320,active,1.6,card,regular,10.1,1,1
991.31,1,0.6802,3,insufficient_funds,3,146,active,3.2,upi,starter,3.0,1,0
1247.0,16,0.3665,1,gateway_timeout,0,528,active,0.4,card,starter,5.7,1,1
10010.41,10,0.8594,2,insufficient_funds,1,42,active,1.6,upi,enterprise,3.4,1,1
1680.28,0,0.648,3,network_error,4,274,active,4.2,card,regular,2.8,0,0
2591.75,1,0.6526,1,insufficient_funds,5,82,active,3.3,card,enterprise,9.5,1,1
10450.26,9,0.8391,2,insufficient_funds,1,201,past_due,0.1,card,regular,1.0,1,1
5640.56,10,0.5446,2,gateway_timeout,1,86,active,1.0,netbanking,vip,0.4,1,1
2290.56,13,0.7608,1,insufficient_funds,1,217,active,14.5,upi,regular,9.4,0,1
5955.31,12,0.5135,1,insufficient_funds,2,141,trialing,5.9,card,enterprise,12.6,1,1
299.4,10,0.7061,2,authentication_failed,2,219,active,5.4,card,regular,6.7,0,1
6852.27,13,0.738,2,gateway_timeout,0,20,active,2.3,upi,starter,0.3,0,0
3537.55,8,0.8787,0,gateway_timeout,0,1,active,0.7,wallet,regular,1.9,0,1
8588.11,2,0.5255,3,card_expired,1,383,canceled,6.1,netbanking,regular,2.1,0,1
15665.36,23,0.7575,0,insufficient_funds,0,81,active,0.7,upi,starter,0.5,1,1
13204.18,0,0.5575,2,insufficient_funds,1,298,past_due,9.1,card,regular,0.4,0,0
12199.06,4,0.8232,1,gateway_timeout,2,10,active,0.2,wallet,regular,1.1,1,1
3788.94,12,0.6899,2,insufficient_funds,1,271,unpaid,5.2,card,enterprise,11.7,0,1
2432.55,5,0.8367,0,insufficient_funds,0,315,trialing,1.7,card,vip,11.8,0,1
3327.77,0,0.8518,3,card_expired,1,308,active,3.4,upi,enterprise,8.9,1,1
6054.24,0,0.5406,1,authentication_failed,0,476,active,0.5,upi,regular,2.0,0,1
10970.73,9,0.6056,1,card_expired,0,498,active,0.2,card,starter,0.0,1,1
1359.57,31,0.8547,0,gateway_timeout,0,56,active,8.5,card,vip,0.6,0,1
12716.97,7,0.8229,1,insufficient_funds,1,217,unpaid,14.2,upi,enterprise,2.2,0,0
8641.87,6,0.6765,0,insufficient_funds,0,6,active,6.5,upi,regular,6.4,0,1
19482.0,3,0.5248,1,insufficient_funds,0,24,active,3.2,upi,starter,4.9,0,1
10811.82,2,0.7727,0,insufficient_funds,0,136,active,2.9,card,regular,4.5,1,1
1842.09,0,0.9253,1,authentication_failed,0,10,active,11.4,card,enterprise,2.6,0,1
760.0,3,0.1249,0,gateway_timeout,1,107,unpaid,0.8,card,starter,0.0,1,1
795.28,5,0.6653,0,insufficient_funds,0,256,canceled,7.5,upi,regular,7.1,0,1
1921.07,2,0.4008,1,card_expired,1,423,unpaid,12.6,card,enterprise,3.5,0,1
4961.97,0,0.8271,1,network_error,0,143,paused,3.2,card,vip,4.3,0,1
8356.38,12,0.7379,1,insufficient_funds,3,167,active,0.9,wallet,regular,5.0,0,1
11675.58,21,0.7939,2,insufficient_funds,5,2,unpaid,2.3,card,enterprise,0.6,1,0
5087.55,26,0.7824,0,insufficient_funds,0,504,past_due,3.5,wallet,regular,21.1,0,1
228.24,9,0.8122,1,insufficient_funds,2,1036,active,1.2,upi,regular,0.3,0,1
1230.92,0,0.5966,4,authentication_failed,3,150,active,9.8,card,enterprise,12.1,1,1
725.28,12,0.7841,1,network_error,2,91,active,3.3,upi,regular,4.0,0,1
2457.48,1,0.4372,3,insufficient_funds,1,49,active,1.1,netbanking,regular,11.5,1,0
3679.26,10,0.658,2,insufficient_funds,1,323,past_due,1.5,wallet,regular,11.5,1,1
421.83,14,0.9379,1,insufficient_funds,0,133,active,4.2,upi,enterprise,10.6,1,1
2342.22,12,0.6901,1,gateway_timeout,0,104,active,8.8,netbanking,enterprise,1.4,1,1
1187.26,28,0.4616,2,gateway_timeout,4,224,past_due,1.7,upi,enterprise,11.2,1,1
5407.43,12,0.9327,2,authentication_failed,0,417,active,0.2,card,starter,16.2,0,1
3320.65,11,0.6008,0,gateway_timeout,0,309,active,0.6,netbanking,regular,0.7,0,1
3619.13,2,0.864,1,authentication_failed,1,417,active,0.1,upi,enterprise,0.6,1,1
2990.39,24,0.7817,0,insufficient_funds,0,190,canceled,5.8,card,regular,0.9,1,1
15820.07,1,0.7794,1,insufficient_funds,2,215,trialing,1.1,card,starter,3.4,0,1
1408.67,22,0.6765,2,authentication_failed,0,4,active,5.7,card,starter,0.2,0,1
3835.22,3,0.3513,1,card_expired,3,141,active,10.0,upi,regular,5.4,0,0
6859.36,1,0.7028,1,network_error,3,407,active,1.1,upi,starter,4.8,1,1
4269.17,16,0.9015,0,insufficient_funds,1,243,active,6.6,card,regular,22.4,1,1
13426.85,0,0.5206,1,network_error,1,295,active,2.0,wallet,enterprise,19.1,0,0
2573.82,16,0.9493,1,insufficient_funds,1,41,past_due,4.1,wallet,enterprise,7.8,0,1
3315.08,2,0.8884,3,authentication_failed,0,614,paused,5.8,card,regular,0.8,1,1
663.44,20,0.8215,0,insufficient_funds,0,346,active,2.5,card,enterprise,2.5,0,0
4895.23,11,0.5101,2,gateway_timeout,1,570,active,0.8,upi,regular,12.4,0,1
1899.88,10,0.6109,2,authentication_failed,0,86,paused,0.1,upi,starter,0.5,1,1
1073.61,4,0.9402,3,insufficient_funds,0,220,active,0.1,upi,starter,3.9,1,1
4132.14,0,0.6515,3,insufficient_funds,1,407,active,2.8,wallet,starter,6.4,0,0
3999.75,16,0.3333,0,insufficient_funds,0,135,active,7.8,upi,enterprise,0.7,1,1
594.52,1,0.9002,1,insufficient_funds,0,104,active,2.7,card,starter,7.7,1,1
6190.21,4,0.6946,2,gateway_timeout,2,130,trialing,1.2,netbanking,regular,2.1,0,1
5087.8,8,0.5915,0,authentication_failed,2,254,active,0.6,netbanking,regular,2.2,1,1
1247.54,6,0.8016,3,insufficient_funds,1,116,active,1.6,upi,regular,10.4,0,1
3369.06,2,0.3925,2,authentication_failed,4,63,past_due,9.0,netbanking,enterprise,1.5,1,0
6570.6,1,0.7829,2,authentication_failed,1,177,past_due,2.7,upi,starter,1.5,1,1
3969.11,1,0.9352,2,insufficient_funds,2,18,paused,0.5,card,regular,6.4,1,1
2716.68,18,0.7682,3,insufficient_funds,0,589,active,1.1,wallet,enterprise,0.6,0,1
2145.54,0,0.8739,2,card_expired,2,676,active,22.1,upi,vip,8.6,1,1
4913.09,35,0.9428,2,gateway_timeout,1,1038,active,3.1,card,regular,3.8,0,1
14193.32,2,0.6286,1,insufficient_funds,1,354,active,0.4,card,enterprise,2.4,0,1
5769.82,1,0.5254,1,insufficient_funds,0,406,active,1.7,card,regular,7.0,0,1
588.43,8,0.7629,3,insufficient_funds,2,457,past_due,0.2,wallet,enterprise,0.9,0,1
3287.28,0,0.7608,2,insufficient_funds,1,48,past_due,0.1,upi,regular,7.6,0,0
11273.98,8,0.7701,1,network_error,0,58,canceled,6.6,upi,regular,8.9,0,1
696.13,18,0.7796,2,authentication_failed,0,429,active,0.1,upi,vip,5.2,0,1
22693.12,0,0.8965,2,insufficient_funds,3,135,active,6.8,netbanking,enterprise,3.4,1,1
15086.46,15,0.8681,1,gateway_timeout,1,393,active,0.1,netbanking,vip,2.5,1,1
607.54,4,0.8578,2,authentication_failed,0,40,past_due,4.4,card,enterprise,2.4,1,1
13746.25,1,0.8119,1,card_expired,0,13,paused,6.6,upi,enterprise,3.2,0,1
2455.97,1,0.8873,3,authentication_failed,1,127,active,1.2,upi,regular,2.1,1,1
9512.28,23,0.8188,1,card_expired,3,80,trialing,1.4,wallet,regular,1.4,1,1
2909.72,1,0.65,5,card_expired,1,418,active,11.7,wallet,starter,3.5,1,1
3106.73,19,0.5778,1,insufficient_funds,0,623,active,1.2,card,enterprise,0.2,0,1
5228.93,7,0.7103,2,card_expired,2,266,active,0.6,card,regular,1.4,1,1
7646.67,0,0.4685,2,insufficient_funds,1,28,trialing,0.9,card,enterprise,5.9,1,1
371.87,5,0.7452,1,insufficient_funds,1,4,past_due,0.6,upi,vip,4.8,0,1
4696.63,16,0.8623,3,insufficient_funds,0,377,canceled,0.3,card,regular,7.0,1,1
1233.48,12,0.74,1,network_error,2,513,canceled,6.1,upi,regular,10.7,1,1
2322.85,6,0.8285,1,authentication_failed,3,739,active,0.9,netbanking,vip,3.4,0,1
2338.31,18,0.7297,1,insufficient_funds,2,317,active,5.3,card,enterprise,3.0,1,1
3365.53,1,0.8661,4,insufficient_funds,0,9,active,0.1,card,regular,9.8,0,1
2233.35,22,0.5854,4,insufficient_funds,1,163,active,0.9,card,starter,3.1,0,0
767.87,17,0.5473,0,insufficient_funds,1,169,past_due,0.8,card,regular,7.5,1,1
986.95,11,0.9923,1,insufficient_funds,2,11,unpaid,0.5,upi,regular,2.0,1,1
370.05,16,0.8642,2,insufficient_funds,5,605,active,5.5,wallet,starter,14.4,1,1
3376.74,7,0.9031,2,insufficient_funds,4,361,canceled,4.9,card,regular,16.5,0,0
15644.47,10,0.8214,2,insufficient_funds,0,58,trialing,7.0,card,starter,6.6,1,1
814.65,7,0.6519,1,authentication_failed,2,264,active,4.1,card,regular,7.4,1,1
14818.41,4,0.6689,2,authentication_failed,3,419,active,3.2,upi,regular,2.4,0,1
6809.31,7,0.6739,1,insufficient_funds,1,482,canceled,12.5,upi,regular,3.6,1,1
5273.64,2,0.5303,1,insufficient_funds,3,507,active,2.2,wallet,regular,7.0,0,0
5382.1,5,0.6684,2,authentication_failed,3,384,paused,5.3,upi,starter,4.0,0,1
8964.45,3,0.902,0,gateway_timeout,1,242,past_due,0.9,wallet,enterprise,6.9,1,1
765.39,1,0.739,2,gateway_timeout,3,23,past_due,6.4,upi,regular,5.5,0,0
3713.51,3,0.7802,2,network_error,2,76,active,5.0,netbanking,regular,2.1,0,1
6171.62,18,0.7485,2,insufficient_funds,1,191,active,1.5,upi,regular,1.7,1,1
4619.37,4,0.6811,3,insufficient_funds,0,115,active,13.0,card,regular,9.2,1,0
9142.2,13,0.5252,1,authentication_failed,1,311,trialing,8.4,card,regular,2.2,0,1
575.08,1,0.8467,0,insufficient_funds,1,32,active,6.1,card,regular,15.7,1,1
6067.23,5,0.7178,4,insufficient_funds,1,718,active,2.8,card,regular,0.8,0,0
4018.15,1,0.5812,2,insufficient_funds,1,104,past_due,3.3,upi,enterprise,9.9,0,0
2583.42,1,0.8392,1,authentication_failed,3,183,active,7.4,upi,regular,6.2,1,1
2279.66,9,0.4289,1,gateway_timeout,5,103,active,3.8,upi,enterprise,8.8,0,1
5048.89,8,0.9563,0,insufficient_funds,2,401,past_due,2.8,card,enterprise,10.4,0,1
11281.82,2,0.4386,2,authentication_failed,0,42,active,1.6,upi,regular,2.5,1,1
3627.64,6,0.5713,0,insufficient_funds,3,110,past_due,2.8,wallet,regular,2.2,0,1
8906.94,18,0.6977,1,authentication_failed,2,239,past_due,0.1,upi,regular,2.0,0,1
2772.13,1,0.6724,1,gateway_timeout,2,12,active,8.3,netbanking,regular,3.9,1,1
740.12,0,0.5334,0,insufficient_funds,0,236,active,4.3,upi,starter,0.2,0,1
517.39,10,0.8131,1,insufficient_funds,1,298,unpaid,5.1,upi,regular,2.1,1,1
463.49,0,0.7691,1,authentication_failed,0,752,active,2.6,upi,enterprise,4.4,0,1
2591.39,37,0.9196,1,insufficient_funds,0,926,active,13.8,upi,starter,7.6,0,1
2256.69,8,0.7024,1,network_error,2,76,active,5.0,card,regular,0.3,1,1
6528.12,6,0.6358,2,gateway_timeout,1,277,trialing,17.4,card,regular,1.3,0,0
6989.92,5,0.8093,2,authentication_failed,0,22,past_due,18.5,card,regular,4.7,0,1
460.96,8,0.8304,3,gateway_timeout,1,320,active,2.8,card,vip,9.8,0,1
1449.51,0,0.7149,5,insufficient_funds,1,102,past_due,8.3,card,starter,5.8,0,0
1802.83,25,0.7822,0,insufficient_funds,2,60,past_due,2.9,card,starter,7.5,1,1
4166.08,9,0.661,1,authentication_failed,0,5,active,1.0,card,regular,0.4,1,1
980.43,1,0.9001,1,network_error,3,187,active,0.1,card,enterprise,0.3,1,1
919.01,7,0.6491,4,gateway_timeout,0,50,active,1.8,card,vip,3.3,0,1
14593.2,1,0.4377,0,insufficient_funds,1,217,active,5.0,upi,enterprise,0.6,1,1
8353.38,0,0.8788,2,card_expired,1,179,canceled,0.9,card,regular,7.6,0,1
1196.25,9,0.8244,3,authentication_failed,2,242,past_due,3.6,upi,starter,1.2,1,1
2809.16,9,0.7381,3,authentication_failed,1,71,active,2.1,upi,enterprise,15.0,0,1
2397.35,8,0.8338,4,authentication_failed,2,32,active,6.0,wallet,vip,0.8,0,1
8027.2,1,0.5075,1,gateway_timeout,4,382,active,8.2,card,regular,0.8,0,0
3768.92,8,0.7553,1,network_error,2,1186,active,3.0,card,regular,7.2,1,1
883.97,0,0.5495,2,insufficient_funds,2,120,active,3.6,upi,vip,0.9,0,1
6916.02,8,0.4541,0,authentication_failed,0,123,active,0.4,card,enterprise,5.4,0,1
2728.26,7,0.8883,2,card_expired,0,503,active,5.2,upi,enterprise,10.9,0,1
1725.32,10,0.7709,0,card_expired,1,48,trialing,0.2,wallet,enterprise,0.5,0,1
2554.01,21,0.8363,2,card_expired,0,107,active,3.0,wallet,regular,11.2,0,1
3643.35,18,0.671,3,authentication_failed,1,82,paused,0.6,netbanking,enterprise,8.2,0,1
2301.24,37,0.8193,2,network_error,0,34,canceled,1.7,netbanking,enterprise,13.7,1,1
1584.74,35,0.3045,2,insufficient_funds,0,197,active,2.9,netbanking,regular,10.5,1,1
2741.66,14,0.7659,1,insufficient_funds,0,247,past_due,6.6,wallet,regular,1.4,1,0
296.8,29,0.4946,1,insufficient_funds,0,528,unpaid,0.1,upi,regular,3.4,0,0
7602.98,19,0.993,4,insufficient_funds,1,262,active,1.0,netbanking,regular,2.3,1,1
1137.34,12,0.7158,2,gateway_timeout,1,13,active,4.5,upi,starter,4.5,1,1
424.49,0,0.8846,1,insufficient_funds,1,13,active,1.0,upi,regular,6.0,1,1
5502.23,0,0.7318,2,network_error,0,16,active,0.5,card,regular,15.7,1,1
7634.69,17,0.5251,3,insufficient_funds,1,73,trialing,3.5,card,vip,4.5,0,1
8605.45,6,0.8328,2,card_expired,0,73,active,0.9,card,enterprise,2.1,1,1
3601.25,15,0.5998,2,gateway_timeout,0,374,active,0.8,upi,regular,7.6,1,1
1349.38,3,0.5089,2,insufficient_funds,0,13,paused,2.9,card,vip,1.0,1,1
6882.34,4,0.8094,3,authentication_failed,1,236,active,3.1,upi,regular,0.7,1,1
6215.08,11,0.8638,1,gateway_timeout,2,227,paused,3.0,upi,starter,7.1,1,1
1613.61,23,0.7471,1,card_expired,2,180,past_due,7.3,wallet,enterprise,2.0,0,1
11886.28,0,0.9736,2,gateway_timeout,1,6,active,0.3,upi,enterprise,2.3,0,1
751.15,18,0.6951,4,network_error,1,437,past_due,0.6,upi,vip,6.7,0,0
20481.85,14,0.621,2,authentication_failed,2,119,unpaid,1.4,card,regular,2.9,0,0
10039.42,3,0.5597,0,insufficient_funds,1,149,active,2.2,upi,regular,8.7,1,1
6022.14,4,0.3636,1,authentication_failed,0,278,past_due,0.3,card,starter,4.7,0,0
14163.95,0,0.7298,2,authentication_failed,1,273,active,0.7,upi,starter,0.2,0,1
6606.27,0,0.8151,0,authentication_failed,1,81,trialing,4.9,upi,enterprise,4.1,1,1
1256.43,6,0.6016,0,insufficient_funds,1,3,active,2.4,netbanking,regular,0.6,1,1
3118.38,0,0.8965,1,gateway_timeout,0,410,active,11.0,card,vip,8.4,0,1
570.94,2,0.5669,3,card_expired,4,354,unpaid,1.7,upi,enterprise,3.8,0,1
2668.67,17,0.7805,1,network_error,0,257,trialing,13.1,upi,regular,1.6,0,1
6966.29,8,0.942,2,authentication_failed,5,683,active,3.5,netbanking,regular,1.9,1,1
2642.41,9,0.9094,0,gateway_timeout,2,58,active,1.1,card,regular,2.1,0,1
2204.58,1,0.765,4,card_expired,0,28,past_due,0.1,upi,enterprise,18.3,1,1
4723.73,16,0.8788,0,gateway_timeout,3,1500,active,12.9,netbanking,vip,4.1,1,1
10486.62,19,0.7669,3,insufficient_funds,0,508,past_due,4.6,card,regular,15.6,0,0
443.76,7,0.8237,1,gateway_timeout,0,11,trialing,3.9,card,enterprise,6.1,1,1
2634.49,23,0.8004,0,network_error,1,101,trialing,1.4,upi,regular,9.7,0,1
1061.31,17,0.7369,3,authentication_failed,0,183,active,2.8,upi,regular,0.4,1,1
6143.03,12,0.1878,2,gateway_timeout,0,248,active,0.1,card,starter,0.1,1,1
758.71,12,0.5507,3,insufficient_funds,0,135,paused,3.1,card,regular,4.1,1,1
5665.26,1,0.8336,3,gateway_timeout,0,23,past_due,1.2,card,regular,5.7,1,1
1885.63,2,0.6061,3,insufficient_funds,3,161,trialing,4.0,upi,regular,0.3,1,1
1308.95,0,0.7721,2,card_expired,1,198,past_due,0.1,card,vip,1.6,1,1
13971.98,0,0.9008,0,insufficient_funds,5,95,canceled,11.5,upi,regular,11.2,0,1
293.49,1,0.7569,1,insufficient_funds,0,44,past_due,6.1,upi,vip,3.5,1,1
3079.29,20,0.6565,0,insufficient_funds,1,183,active,14.9,wallet,regular,1.7,0,1
309.32,2,0.9025,0,authentication_failed,2,82,past_due,1.0,upi,regular,0.3,0,1
3504.3,33,0.6132,1,insufficient_funds,0,69,active,1.3,upi,regular,9.2,1,1
3676.22,8,0.9405,1,insufficient_funds,0,322,active,1.3,card,regular,4.1,0,1
2140.55,2,0.7694,0,authentication_failed,1,205,active,0.3,card,enterprise,0.1,1,1
908.75,6,0.6892,0,authentication_failed,1,340,active,5.6,upi,enterprise,0.1,1,1
2561.13,2,0.7648,4,insufficient_funds,0,149,trialing,1.4,netbanking,regular,1.2,0,0
5777.72,39,0.7748,1,insufficient_funds,0,21,active,2.3,netbanking,regular,0.6,0,1
7825.39,17,0.4067,1,authentication_failed,3,170,active,3.1,card,vip,1.7,1,1
3983.1,0,0.8675,1,network_error,4,227,active,4.1,upi,starter,13.3,1,1
4655.97,28,0.7006,2,authentication_failed,1,375,active,2.9,card,regular,12.8,1,1
1319.57,12,0.5201,0,authentication_failed,1,219,active,0.4,upi,vip,2.2,0,1
1893.69,0,0.858,1,authentication_failed,0,398,active,3.3,card,enterprise,6.4,0,1
1083.06,10,0.7472,0,insufficient_funds,0,180,active,0.2,card,regular,5.6,0,1
1633.71,9,0.8594,4,card_expired,1,237,active,1.1,wallet,enterprise,0.0,0,1
1473.73,2,0.9312,0,insufficient_funds,3,6,canceled,6.0,card,regular,1.1,1,1
3864.11,13,0.7534,1,insufficient_funds,2,495,active,1.7,netbanking,regular,0.2,0,1
4335.55,0,0.8933,2,insufficient_funds,1,46,canceled,6.9,wallet,enterprise,2.9,0,1
14697.33,6,0.9148,1,gateway_timeout,0,336,canceled,1.6,wallet,regular,5.4,0,1
1288.11,0,0.7698,0,insufficient_funds,0,148,past_due,0.3,card,enterprise,11.0,0,0
5331.58,32,0.4614,3,authentication_failed,3,557,canceled,1.7,upi,enterprise,1.8,1,1
8698.43,13,0.8537,1,insufficient_funds,0,91,canceled,3.5,card,enterprise,4.8,1,1
4307.65,1,0.4082,3,gateway_timeout,0,894,active,3.1,card,regular,6.4,1,0
1671.88,3,0.9242,1,insufficient_funds,2,333,trialing,7.6,upi,regular,4.7,0,1
1722.79,1,0.7429,4,insufficient_funds,2,239,unpaid,4.7,upi,regular,6.5,0,1
400.22,13,0.8182,3,gateway_timeout,1,708,active,2.3,netbanking,regular,7.8,0,1
2022.41,0,0.8243,0,insufficient_funds,0,195,canceled,5.8,upi,vip,2.0,1,1
7024.69,17,0.8037,0,authentication_failed,0,113,past_due,0.7,upi,regular,4.0,1,1
443.42,27,0.7503,0,insufficient_funds,2,297,trialing,2.8,card,enterprise,2.2,0,1
1437.79,10,0.7362,2,gateway_timeout,0,70,active,0.9,card,starter,7.8,0,1
6324.83,2,0.6771,1,authentication_failed,1,185,active,4.7,upi,enterprise,6.0,0,1
7831.27,4,0.9283,1,card_expired,2,562,trialing,1.6,card,regular,1.2,0,1
3237.77,6,0.9023,2,gateway_timeout,0,146,past_due,6.3,upi,vip,1.3,1,1
6187.87,8,0.6772,3,insufficient_funds,0,139,canceled,1.1,upi,starter,3.2,0,0
2654.72,10,0.8026,1,insufficient_funds,0,103,active,9.5,upi,regular,0.9,1,1
1071.25,7,0.7955,0,authentication_failed,1,268,past_due,3.5,wallet,regular,0.9,0,0
2738.73,4,0.5355,1,insufficient_funds,1,78,active,3.4,upi,regular,1.9,1,1
4537.12,21,0.8377,2,insufficient_funds,0,412,active,19.7,netbanking,starter,3.2,0,1
14987.68,0,0.6319,1,insufficient_funds,0,250,canceled,0.9,card,regular,1.5,1,1
556.14,5,0.7083,0,authentication_failed,2,793,active,1.1,upi,regular,9.6,1,1
3740.23,14,0.7952,1,authentication_failed,1,640,active,7.5,wallet,regular,1.0,0,1
2194.33,0,0.9421,1,gateway_timeout,0,96,active,4.5,upi,regular,1.9,1,1
3749.55,11,0.7201,2,card_expired,1,433,paused,4.3,upi,vip,2.3,1,1
321.34,16,0.8958,2,network_error,2,14,past_due,7.7,upi,regular,9.3,0,1
2077.29,10,0.6979,1,insufficient_funds,0,99,past_due,10.9,card,enterprise,3.1,1,1
8770.33,0,0.9917,1,authentication_failed,0,370,paused,3.5,card,regular,3.1,1,1
4236.53,1,0.6304,2,authentication_failed,1,20,active,1.2,card,regular,5.5,0,1
3194.48,3,0.6995,2,gateway_timeout,1,227,active,1.2,netbanking,regular,1.9,0,1
1881.04,2,0.833,1,gateway_timeout,1,356,active,8.4,card,regular,3.0,1,1
1969.41,31,0.6979,2,insufficient_funds,0,308,past_due,0.6,netbanking,starter,10.2,1,1
2615.25,10,0.9264,3,insufficient_funds,0,374,canceled,2.2,card,enterprise,12.9,0,0
9226.37,3,0.7004,3,insufficient_funds,0,45,trialing,0.7,card,regular,0.7,0,1
17288.65,25,0.8838,2,insufficient_funds,2,96,active,4.6,upi,enterprise,6.3,1,1
3087.1,12,0.8563,2,insufficient_funds,0,356,active,4.4,upi,starter,2.0,1,1
2699.04,3,0.4946,0,insufficient_funds,3,222,trialing,9.2,upi,regular,0.4,1,1
9571.93,4,0.6409,2,authentication_failed,4,23,trialing,2.0,netbanking,regular,4.4,0,1
2983.52,2,0.5989,0,gateway_timeout,0,643,active,1.0,card,regular,10.4,1,1
4215.01,33,0.4756,1,insufficient_funds,1,47,past_due,1.8,upi,regular,6.2,0,0
1512.94,6,0.8552,1,insufficient_funds,1,225,active,4.8,card,enterprise,4.3,1,1
7003.18,21,0.9466,0,authentication_failed,1,59,active,0.4,upi,regular,7.3,1,1
3996.31,4,0.7694,1,gateway_timeout,0,426,active,0.3,upi,starter,1.3,1,1
8478.31,18,0.6759,1,card_expired,4,219,past_due,11.8,upi,enterprise,0.9,0,1
7787.32,0,0.7019,0,insufficient_funds,2,133,unpaid,0.4,card,regular,2.3,1,0
1410.39,38,0.9344,3,insufficient_funds,0,332,past_due,13.2,upi,regular,9.2,0,1
6487.49,23,0.8711,2,gateway_timeout,0,108,paused,5.2,upi,regular,3.7,1,1
8248.55,4,0.6588,3,insufficient_funds,2,1,active,2.6,upi,enterprise,1.1,0,1
2324.06,14,0.7139,2,insufficient_funds,0,24,canceled,0.3,upi,starter,6.6,1,0
1147.39,13,0.3441,0,insufficient_funds,0,16,paused,2.2,netbanking,enterprise,4.1,0,1
213.18,21,0.9516,0,network_error,1,63,active,9.1,card,starter,0.8,1,1
3197.41,3,0.6759,1,insufficient_funds,0,603,active,4.0,upi,regular,0.9,1,1
2372.66,5,0.7294,0,insufficient_funds,1,53,active,1.6,card,enterprise,3.1,1,1
4247.39,19,0.9331,2,card_expired,0,220,active,2.7,card,regular,1.4,0,1
1241.53,14,0.6117,1,network_error,0,386,active,3.7,upi,regular,8.1,1,1
10018.63,4,0.8779,1,gateway_timeout,0,336,active,1.1,card,regular,8.1,0,1
1690.38,17,0.7534,5,authentication_failed,0,100,trialing,5.5,upi,enterprise,2.3,1,1
1483.69,0,0.8148,1,card_expired,1,162,active,4.3,card,regular,10.9,1,1
3476.5,14,0.5091,2,authentication_failed,4,20,active,4.2,card,regular,8.9,0,0
3654.26,2,0.9721,1,insufficient_funds,1,26,active,5.8,card,regular,11.6,1,1
1410.9,3,0.8265,1,network_error,1,71,active,5.3,upi,starter,3.7,0,1
1786.31,6,0.8203,2,gateway_timeout,4,41,active,3.0,card,enterprise,7.8,1,1
1129.87,5,0.8023,0,insufficient_funds,0,18,past_due,7.9,card,vip,4.3,0,1
6537.41,6,0.6583,0,insufficient_funds,2,76,active,2.7,upi,regular,4.7,0,0
7550.32,7,0.7597,0,gateway_timeout,0,192,canceled,1.6,card,regular,2.0,0,0
3302.54,3,0.728,2,card_expired,0,60,unpaid,1.3,card,regular,3.7,0,1
6460.34,1,0.6896,3,network_error,1,83,active,0.5,upi,enterprise,12.3,0,1
6857.81,13,0.6217,5,insufficient_funds,0,434,canceled,5.4,upi,starter,3.5,1,1
944.1,4,0.9528,3,card_expired,0,348,canceled,0.1,upi,vip,0.0,1,0
17133.22,6,0.524,1,insufficient_funds,1,8,active,6.6,wallet,regular,4.2,0,1
8802.74,9,0.4833,1,gateway_timeout,1,21,active,7.7,card,enterprise,2.7,1,1
1343.82,22,0.5794,1,insufficient_funds,1,659,active,3.9,netbanking,regular,12.2,1,1
1229.99,11,0.6687,3,authentication_failed,0,113,trialing,1.2,card,regular,1.6,1,1
871.44,0,0.547,2,authentication_failed,0,6,active,0.9,netbanking,vip,2.8,1,1
944.7,17,0.6648,3,card_expired,2,124,unpaid,0.3,wallet,regular,6.9,0,1
7094.84,43,0.6739,4,authentication_failed,1,362,trialing,9.3,upi,enterprise,14.8,0,0
3371.13,6,0.5552,1,gateway_timeout,0,582,trialing,2.8,upi,regular,1.7,0,1
7837.77,33,0.8773,0,card_expired,1,302,active,1.9,upi,regular,2.5,1,1
7057.13,7,0.798,1,insufficient_funds,0,80,active,19.3,card,regular,11.0,0,1
4839.45,5,0.6719,7,insufficient_funds,0,1084,active,0.3,card,vip,8.8,0,1
5997.65,3,0.5386,1,insufficient_funds,3,42,active,6.1,wallet,regular,0.1,1,1
292.63,10,0.5979,1,insufficient_funds,4,115,active,8.0,card,enterprise,2.7,1,1
2068.22,2,0.5913,0,insufficient_funds,1,111,active,6.4,card,regular,2.5,0,1
5278.1,1,0.8465,1,insufficient_funds,1,170,active,8.1,netbanking,regular,1.1,0,1
246.94,0,0.4533,1,insufficient_funds,1,31,active,1.5,wallet,enterprise,3.2,1,1
367.66,3,0.6305,0,insufficient_funds,3,238,active,12.2,upi,starter,4.0,1,1
9748.93,4,0.7153,1,insufficient_funds,1,255,active,8.5,card,regular,2.0,0,1
5960.46,7,0.5651,0,insufficient_funds,3,151,active,4.2,card,enterprise,0.6,1,1
1741.94,3,0.7658,2,gateway_timeout,0,26,past_due,9.5,netbanking,vip,14.8,1,1
6023.16,39,0.6054,3,network_error,0,358,active,7.1,card,enterprise,3.8,1,1
8062.08,3,0.7186,3,insufficient_funds,5,659,active,6.8,netbanking,regular,11.4,0,1
2032.14,5,0.7676,4,gateway_timeout,1,109,active,0.4,netbanking,regular,1.7,0,1
383.51,1,0.7565,1,insufficient_funds,1,68,active,3.0,card,enterprise,0.2,1,1
13698.86,2,0.7886,1,card_expired,0,769,active,1.7,card,starter,1.0,0,0
2316.97,0,0.6083,1,insufficient_funds,0,38,trialing,0.8,card,regular,8.3,1,1
762.94,7,0.3374,0,insufficient_funds,2,164,past_due,3.9,card,regular,1.5,1,0
3584.96,13,0.4995,0,authentication_failed,0,297,active,4.3,upi,vip,4.9,0,1
7515.18,2,0.7301,1,network_error,1,12,trialing,1.6,netbanking,enterprise,2.5,1,1
1452.88,4,0.8594,4,insufficient_funds,2,416,active,3.5,card,regular,6.2,1,1
1770.06,0,0.769,2,insufficient_funds,1,277,active,6.7,card,regular,1.3,0,1
1590.08,17,0.6567,1,gateway_timeout,1,344,active,5.0,card,starter,1.9,0,1
24141.29,14,0.5362,2,card_expired,0,59,active,1.4,card,regular,1.4,0,1
1299.52,0,0.7533,3,card_expired,1,79,active,26.0,upi,regular,1.5,1,1
4484.45,4,0.9351,1,card_expired,0,1338,active,8.3,card,regular,2.8,0,1
13169.01,29,0.409,1,insufficient_funds,0,112,active,5.8,card,regular,0.9,1,1
994.37,4,0.8955,4,insufficient_funds,2,7,trialing,16.5,card,regular,0.1,1,1
17877.22,7,0.29,3,gateway_timeout,2,110,active,7.3,card,enterprise,14.9,0,0
14932.54,4,0.7562,0,insufficient_funds,0,120,active,5.9,upi,regular,0.5,0,1
10995.54,8,0.8256,2,authentication_failed,4,540,active,7.6,card,regular,1.6,0,1
1407.53,36,0.6272,1,insufficient_funds,0,82,active,0.4,card,regular,7.1,0,0
5226.36,56,0.4011,1,insufficient_funds,1,395,active,3.5,upi,regular,5.1,0,1
7354.19,14,0.3222,3,network_error,0,29,active,1.5,upi,starter,8.0,1,0
21553.47,4,0.834,3,gateway_timeout,0,179,active,2.6,upi,starter,2.5,0,1
1194.84,6,0.9166,1,insufficient_funds,4,131,active,8.2,upi,regular,3.6,0,1
7462.72,4,0.5132,1,authentication_failed,1,99,active,1.5,wallet,enterprise,1.6,0,1
2268.5,40,0.8791,1,authentication_failed,0,375,active,0.4,upi,starter,0.2,0,1
1165.66,11,0.5342,0,authentication_failed,0,231,trialing,0.2,wallet,regular,1.1,0,0
2935.52,5,0.8213,0,network_error,0,754,past_due,1.5,upi,enterprise,11.5,0,1
8095.41,0,0.726,0,authentication_failed,4,112,active,1.2,upi,enterprise,15.0,0,1
3326.04,6,0.8657,1,authentication_failed,1,33,active,0.1,card,regular,5.1,1,1
4055.79,39,0.5536,0,insufficient_funds,1,68,active,1.7,card,regular,12.2,0,1
26853.59,7,0.6022,2,insufficient_funds,2,288,active,3.5,upi,regular,0.6,0,1
2746.71,1,0.7448,2,authentication_failed,1,268,active,2.4,upi,enterprise,7.1,0,1
4977.77,0,0.6796,1,network_error,0,249,trialing,0.1,upi,starter,7.8,1,1
2472.57,4,0.8966,3,network_error,0,318,active,0.7,card,regular,8.3,0,1
2694.37,23,0.8156,3,card_expired,0,29,active,1.9,wallet,starter,9.8,0,1
6147.73,53,0.7599,2,card_expired,1,86,trialing,6.7,wallet,regular,1.7,0,1
14094.0,27,0.7569,1,insufficient_funds,2,214,active,3.0,card,regular,1.4,1,1
4108.35,12,0.6684,1,network_error,0,144,active,3.3,upi,regular,6.3,1,1
7513.72,7,0.5935,0,network_error,1,178,paused,2.6,netbanking,regular,2.6,0,1
667.2,8,0.5842,2,insufficient_funds,2,60,active,8.5,card,enterprise,20.6,0,1
1385.95,7,0.7913,0,authentication_failed,5,236,past_due,6.0,upi,regular,20.2,1,0
3687.1,11,0.9158,2,insufficient_funds,3,103,canceled,5.5,upi,regular,3.7,0,0
301.07,5,0.3018,3,gateway_timeout,1,402,active,14.4,netbanking,starter,15.9,0,1
1657.48,10,0.8826,1,insufficient_funds,4,222,active,0.1,wallet,regular,14.6,0,1
3842.85,1,0.9291,1,gateway_timeout,4,1493,paused,3.4,card,regular,0.2,1,1
275.37,2,0.6034,3,card_expired,0,224,active,0.9,card,vip,4.9,0,1
1736.34,17,0.8521,4,insufficient_funds,1,14,past_due,20.0,card,regular,1.6,1,0
3808.05,22,0.7608,0,insufficient_funds,1,62,active,1.3,card,regular,1.7,0,1
4456.6,7,0.6272,0,insufficient_funds,1,73,active,0.5,upi,regular,1.3,1,1
13201.7,0,0.9697,0,card_expired,4,7,active,0.1,card,regular,0.1,1,1
5383.06,24,0.9143,3,insufficient_funds,0,628,unpaid,4.2,upi,regular,3.9,0,0
2878.46,11,0.6527,1,card_expired,0,247,active,0.1,netbanking,regular,4.9,1,1
13521.45,5,0.4488,3,authentication_failed,1,418,active,0.1,upi,starter,1.1,1,0
7882.87,8,0.5107,1,insufficient_funds,0,221,active,1.3,card,starter,7.6,0,1
1315.77,5,0.712,0,insufficient_funds,0,487,active,5.1,card,starter,8.5,1,1
901.15,5,0.4798,1,insufficient_funds,0,247,active,4.1,upi,starter,3.9,1,1
5832.15,20,0.9198,4,insufficient_funds,1,22,active,1.6,upi,regular,1.0,0,0
4303.58,1,0.7822,0,insufficient_funds,2,8,active,1.2,card,regular,5.7,0,1
7995.47,1,0.6509,2,gateway_timeout,0,147,active,8.5,upi,enterprise,1.2,0,1
6912.44,0,0.8186,1,insufficient_funds,2,258,canceled,2.3,upi,enterprise,0.9,1,1
5106.97,3,0.6447,2,insufficient_funds,0,470,past_due,0.7,card,enterprise,5.6,0,0
21681.88,1,0.2764,1,gateway_timeout,0,564,trialing,1.6,wallet,enterprise,0.5,1,1
4013.45,2,0.6666,1,authentication_failed,1,430,canceled,1.7,wallet,regular,7.4,0,1
800.15,0,0.603,1,insufficient_funds,1,29,active,3.0,card,regular,1.9,0,0
9009.26,2,0.5453,2,insufficient_funds,2,353,active,4.0,upi,regular,3.4,0,1
1650.78,3,0.2564,0,insufficient_funds,1,108,trialing,2.8,card,starter,9.8,1,1
7709.7,0,0.7459,2,network_error,4,487,canceled,0.6,upi,vip,4.6,1,1
15945.24,8,0.8745,1,insufficient_funds,0,437,canceled,4.9,upi,enterprise,0.4,1,1
6166.74,7,0.8255,0,gateway_timeout,3,263,past_due,0.3,card,regular,0.0,0,1
4732.08,0,0.9939,1,gateway_timeout,2,618,active,3.3,upi,starter,5.7,1,1
3284.51,8,0.9348,2,authentication_failed,4,196,active,2.1,card,regular,2.3,1,1
2466.01,62,0.5836,2,insufficient_funds,0,70,canceled,0.9,upi,regular,1.1,0,0
2377.08,27,0.5504,2,network_error,0,265,past_due,5.2,card,vip,3.6,1,1
5258.13,0,0.6481,0,insufficient_funds,5,54,active,1.8,card,regular,0.0,0,0
7157.0,15,0.6345,2,insufficient_funds,1,359,past_due,2.7,card,enterprise,4.4,1,1
5874.05,4,0.9028,2,gateway_timeout,0,529,canceled,4.8,card,regular,0.3,0,1
1305.79,0,0.718,0,card_expired,2,274,past_due,7.1,upi,vip,2.8,1,1
3605.97,3,0.9091,0,gateway_timeout,1,169,active,0.7,wallet,starter,16.5,1,1
8042.44,3,0.868,0,insufficient_funds,1,760,unpaid,2.0,upi,regular,1.5,0,1
3428.5,7,0.8244,2,network_error,0,391,past_due,0.3,card,regular,13.5,0,1
4046.07,10,0.6568,1,insufficient_funds,1,155,trialing,0.3,netbanking,regular,5.7,1,1
7573.14,13,0.8529,2,insufficient_funds,1,200,active,3.1,card,regular,4.4,1,1
5612.69,2,0.3044,0,insufficient_funds,0,316,past_due,3.6,card,regular,4.0,0,1
2832.62,3,0.5101,2,insufficient_funds,2,146,trialing,0.7,upi,regular,0.7,1,0
11488.67,3,0.9799,4,insufficient_funds,0,130,past_due,0.7,card,regular,2.2,1,1
1087.07,4,0.8572,2,authentication_failed,0,506,active,4.3,upi,regular,0.3,1,1
27236.7,75,0.626,0,insufficient_funds,1,113,active,7.2,upi,regular,0.6,1,1
832.65,14,0.6801,2,insufficient_funds,4,1231,active,17.5,upi,enterprise,2.0,0,1
275.31,35,0.8834,3,authentication_failed,1,104,active,1.3,upi,regular,9.5,0,1
11237.23,11,0.8061,1,authentication_failed,0,348,trialing,9.8,card,enterprise,3.9,1,1
1604.88,4,0.962,3,card_expired,2,178,past_due,5.3,card,regular,1.3,0,1
6741.11,4,0.7553,2,insufficient_funds,1,16,active,0.1,card,enterprise,1.4,0,0
8530.45,6,0.8344,5,insufficient_funds,4,402,active,1.4,card,regular,2.3,0,1
9994.49,5,0.9289,1,insufficient_funds,0,447,trialing,2.4,card,regular,1.7,0,1
24094.19,16,0.2461,1,insufficient_funds,2,343,active,1.7,wallet,vip,4.9,1,1
1940.98,5,0.9568,4,insufficient_funds,0,636,active,9.4,wallet,regular,4.3,1,1
6393.57,3,0.5335,4,card_expired,3,17,trialing,10.4,card,starter,4.4,1,0
813.1,14,0.877,2,insufficient_funds,2,93,active,1.7,card,starter,8.0,1,0
2811.2,18,0.7311,1,network_error,1,1074,active,2.0,card,regular,12.0,1,1
9618.44,5,0.8565,0,gateway_timeout,0,176,active,6.0,upi,regular,4.1,1,1
2491.62,10,0.7595,2,insufficient_funds,1,79,active,0.7,upi,starter,0.5,0,1
4671.37,0,0.3748,0,insufficient_funds,1,114,canceled,0.5,card,vip,9.1,1,1
3703.61,7,0.2933,0,insufficient_funds,2,714,active,5.5,card,vip,8.0,0,1
5391.61,0,0.653,4,insufficient_funds,2,321,trialing,3.0,card,vip,0.6,1,1
18240.07,0,0.3224,4,gateway_timeout,2,33,trialing,0.8,upi,starter,4.0,1,0
486.74,9,0.5401,2,insufficient_funds,0,74,active,7.9,upi,regular,3.1,1,0
4466.13,3,0.9153,0,insufficient_funds,1,29,active,2.2,netbanking,regular,8.4,1,1
10139.92,12,0.3229,4,gateway_timeout,1,496,canceled,3.8,upi,enterprise,4.4,1,0
3482.95,21,0.4943,4,authentication_failed,2,114,active,16.5,upi,enterprise,19.4,0,1
608.91,1,0.7062,2,card_expired,1,949,active,11.8,upi,vip,6.6,0,0
4311.04,12,0.7331,2,insufficient_funds,3,994,active,0.5,upi,regular,3.9,0,1
2217.89,6,0.8772,1,insufficient_funds,0,271,active,5.5,upi,regular,0.4,1,1
1041.75,1,0.8491,0,insufficient_funds,5,293,active,5.9,card,vip,1.3,0,1
9653.52,10,0.4905,1,insufficient_funds,0,171,paused,7.2,wallet,regular,3.2,0,0
3886.54,8,0.9116,2,card_expired,1,136,past_due,9.7,upi,enterprise,0.1,0,0
13735.98,6,0.5658,1,insufficient_funds,1,121,active,6.2,wallet,starter,2.3,0,0
8399.91,24,0.5025,2,insufficient_funds,1,652,active,2.8,wallet,vip,12.6,1,1
6104.08,6,0.5899,0,card_expired,1,128,active,2.6,card,starter,5.6,1,1
225.19,44,0.9071,0,insufficient_funds,2,833,active,5.9,netbanking,regular,5.2,0,1
2991.54,6,0.699,2,insufficient_funds,0,383,active,3.3,upi,regular,8.1,0,1
1300.03,1,0.727,1,insufficient_funds,4,66,canceled,0.2,netbanking,regular,0.6,1,1
12284.25,6,0.6383,1,network_error,0,105,active,0.8,upi,regular,6.3,0,1
1159.34,1,0.8635,1,card_expired,1,40,active,0.5,card,regular,7.9,0,1
1884.78,8,0.9281,1,insufficient_funds,1,43,past_due,0.5,netbanking,regular,1.7,0,0
3837.0,11,0.5219,1,gateway_timeout,1,203,trialing,2.1,upi,vip,5.5,0,1
1728.3,5,0.901,0,network_error,2,82,trialing,0.5,card,regular,7.0,1,1
1377.76,0,0.6477,0,insufficient_funds,1,730,past_due,2.3,card,regular,0.0,0,1
4770.21,6,0.7278,2,gateway_timeout,0,114,active,10.1,netbanking,enterprise,16.7,1,1
665.68,0,0.7683,2,insufficient_funds,0,13,unpaid,2.1,upi,regular,5.4,1,1
499.64,10,0.717,2,authentication_failed,2,32,active,2.8,card,enterprise,0.7,1,1
2528.03,14,0.8735,3,insufficient_funds,1,115,active,0.4,card,enterprise,5.2,0,1
6576.71,31,0.606,0,authentication_failed,2,187,canceled,9.3,upi,regular,2.2,1,0
4246.23,1,0.8296,0,gateway_timeout,3,7,active,6.6,netbanking,regular,2.2,1,1
2948.49,7,0.8395,4,gateway_timeout,1,106,active,2.4,upi,regular,1.5,1,1
4370.69,7,0.7419,0,network_error,0,337,active,3.0,card,vip,4.5,1,1
2474.21,24,0.8619,1,insufficient_funds,0,27,active,10.7,upi,enterprise,6.9,1,1
13955.81,9,0.9598,3,insufficient_funds,0,30,past_due,2.2,card,regular,3.8,1,1
482.35,1,0.6241,0,insufficient_funds,1,95,active,0.5,upi,regular,0.4,0,1
5794.97,5,0.5644,3,insufficient_funds,0,27,active,3.6,wallet,regular,3.3,1,1
11295.02,10,0.7474,1,insufficient_funds,0,121,paused,1.6,upi,regular,5.4,0,0
8345.26,11,0.7411,1,insufficient_funds,1,319,past_due,1.7,wallet,regular,0.8,0,1
1216.96,18,0.5558,1,network_error,0,1021,active,9.7,wallet,regular,2.9,1,1
1954.36,1,0.5634,0,gateway_timeout,2,12,past_due,4.4,upi,regular,3.0,0,1
6512.39,28,0.7731,2,insufficient_funds,0,216,trialing,5.0,upi,regular,0.0,1,1
640.17,0,0.7382,3,insufficient_funds,2,64,active,5.0,wallet,starter,9.1,0,0
8552.89,39,0.5542,2,card_expired,0,147,active,3.9,upi,starter,0.7,0,0
6545.35,18,0.6924,0,insufficient_funds,3,1272,active,13.0,wallet,regular,4.3,0,0
6739.39,10,0.7082,3,authentication_failed,0,1249,active,1.1,upi,regular,11.0,1,1
728.14,12,0.9268,1,gateway_timeout,1,234,active,2.5,netbanking,vip,10.7,1,1
6525.0,0,0.1897,0,insufficient_funds,0,46,trialing,4.5,card,regular,6.1,1,1
5894.33,0,0.7885,1,card_expired,1,174,canceled,0.6,card,regular,8.1,1,1
9086.99,1,0.7769,3,insufficient_funds,0,453,active,1.1,netbanking,vip,13.6,0,1
412.43,0,0.864,1,authentication_failed,0,214,canceled,1.5,card,enterprise,2.8,0,1
316.91,7,0.5726,0,network_error,3,317,canceled,1.9,card,vip,13.2,0,0
2534.1,2,0.7177,0,authentication_failed,1,369,active,1.7,upi,regular,13.0,1,1
1005.47,18,0.2364,4,network_error,0,152,canceled,0.2,upi,regular,1.9,1,0
4286.58,5,0.7359,1,network_error,3,278,active,1.9,netbanking,regular,6.8,0,1
12665.64,11,0.8323,2,insufficient_funds,0,34,past_due,0.8,card,regular,6.1,1,1
2683.63,10,0.6543,3,network_error,2,121,active,0.4,upi,enterprise,0.4,1,1
9520.05,3,0.4924,3,insufficient_funds,1,179,past_due,1.2,upi,regular,9.0,1,0
201.2,2,0.8728,2,insufficient_funds,0,326,past_due,1.1,upi,regular,0.9,1,1
1122.71,3,0.8608,3,card_expired,1,156,active,0.6,upi,regular,1.3,1,1
354.48,15,0.7395,0,authentication_failed,0,794,trialing,0.6,upi,starter,4.4,1,1
2188.58,8,0.7666,2,gateway_timeout,1,84,active,5.1,upi,regular,6.2,0,1
12140.15,2,0.668,2,insufficient_funds,0,50,active,21.9,card,enterprise,7.4,0,1
709.9,16,0.5303,1,gateway_timeout,5,56,active,0.2,card,enterprise,2.2,1,1
4862.22,0,0.7307,1,card_expired,0,116,active,2.8,netbanking,regular,3.5,0,1
3202.8,11,0.4848,2,gateway_timeout,1,190,active,0.7,card,enterprise,2.7,0,1
14141.01,5,0.8624,1,network_error,0,94,unpaid,0.5,card,vip,1.2,1,1
853.5,12,0.637,1,gateway_timeout,0,506,past_due,0.7,upi,regular,1.6,0,1
1391.46,24,0.854,3,insufficient_funds,3,303,active,4.4,card,enterprise,4.9,0,1
349.94,13,0.3235,1,insufficient_funds,0,78,active,0.5,card,regular,8.1,1,1
3045.23,5,0.8302,1,authentication_failed,0,361,active,3.4,card,regular,4.7,1,1
1827.49,1,0.7728,5,insufficient_funds,0,215,active,1.0,card,enterprise,3.2,0,1
10397.49,15,0.8532,1,insufficient_funds,0,290,active,12.5,upi,regular,6.9,0,1
4843.6,5,0.7764,1,insufficient_funds,1,715,active,2.8,card,regular,0.5,0,0
4960.77,0,0.5897,1,authentication_failed,3,71,active,6.8,upi,starter,4.2,0,0
3995.48,12,0.7947,1,insufficient_funds,1,631,active,11.5,upi,regular,3.3,0,0
681.73,3,0.8897,1,network_error,3,304,active,1.5,card,enterprise,1.2,0,1
3144.1,0,0.7646,1,network_error,0,59,canceled,0.1,card,regular,1.7,0,1
38256.68,22,0.8635,3,authentication_failed,0,599,active,15.6,upi,enterprise,6.4,0,1
9216.0,6,0.8406,0,gateway_timeout,0,146,active,0.8,netbanking,starter,3.5,0,1
11396.13,3,0.6391,2,insufficient_funds,2,59,canceled,2.3,card,enterprise,9.3,1,1
8864.43,11,0.8356,1,insufficient_funds,0,78,trialing,2.3,card,enterprise,0.2,0,1
743.73,20,0.8419,2,insufficient_funds,0,326,past_due,0.6,card,regular,2.2,1,1
1490.28,0,0.8083,0,insufficient_funds,0,717,active,2.6,card,enterprise,1.8,0,1
215.63,11,0.8347,1,network_error,0,69,past_due,5.7,card,starter,1.4,1,1
2008.51,13,0.572,1,insufficient_funds,2,623,trialing,2.1,wallet,regular,4.8,1,0
774.85,2,0.609,0,insufficient_funds,1,17,active,0.5,card,regular,3.1,1,1
3400.81,6,0.6838,2,insufficient_funds,0,34,active,3.4,upi,vip,8.5,0,1
5852.49,0,0.9467,0,insufficient_funds,5,113,paused,11.4,card,starter,0.3,0,0
10577.46,13,0.7752,1,gateway_timeout,1,222,active,0.3,upi,regular,3.5,1,1
7115.84,17,0.4013,0,insufficient_funds,0,214,trialing,1.3,card,regular,1.1,1,1
14150.55,1,0.8938,1,authentication_failed,0,12,active,11.0,card,regular,1.2,0,1
477.03,16,0.7785,1,gateway_timeout,1,10,canceled,3.7,card,enterprise,0.1,0,1
261.27,14,0.6989,3,gateway_timeout,0,269,canceled,2.8,netbanking,regular,1.5,0,0
5613.77,4,0.8617,0,insufficient_funds,0,148,past_due,1.5,upi,regular,7.1,1,1
1907.89,11,0.5984,4,insufficient_funds,1,165,trialing,3.5,netbanking,starter,5.7,1,1
1661.81,0,0.6786,3,card_expired,1,8,canceled,2.6,upi,starter,3.7,0,0
2209.01,25,0.6608,2,insufficient_funds,0,1500,trialing,3.5,card,regular,7.6,1,1
1772.16,7,0.642,0,card_expired,2,223,unpaid,1.0,upi,starter,0.6,1,0
3781.43,9,0.9529,0,gateway_timeout,0,614,active,2.9,netbanking,starter,1.5,1,1
3100.42,10,0.656,0,card_expired,1,114,active,0.4,upi,enterprise,19.9,0,1
3791.59,7,0.9608,1,card_expired,1,206,canceled,2.3,upi,regular,6.4,1,1
5784.6,18,0.6395,3,insufficient_funds,2,139,paused,0.7,upi,vip,2.6,0,1
2648.02,8,0.7227,1,insufficient_funds,0,32,active,1.0,upi,regular,2.7,1,1
1647.14,22,0.8067,4,insufficient_funds,1,143,past_due,3.1,netbanking,starter,4.5,1,0
1108.81,8,0.9129,1,insufficient_funds,1,68,active,7.6,upi,starter,0.1,1,1
2349.87,1,0.9316,4,insufficient_funds,3,77,active,2.6,netbanking,regular,6.2,0,1
6970.23,23,0.4451,3,authentication_failed,1,350,past_due,5.0,card,regular,0.3,1,1
7267.4,10,0.9962,5,authentication_failed,1,105,past_due,2.0,upi,enterprise,3.5,0,1
5696.64,11,0.5278,0,authentication_failed,1,340,active,0.1,card,regular,4.9,0,1
1533.05,40,0.5882,2,insufficient_funds,1,1021,active,6.4,upi,vip,4.7,1,1
4634.71,0,0.821,1,insufficient_funds,0,99,trialing,9.0,upi,regular,11.6,0,1
4427.88,5,0.6596,0,insufficient_funds,1,68,active,1.5,netbanking,starter,1.3,0,0
3510.82,2,0.5231,0,insufficient_funds,0,350,past_due,17.1,netbanking,starter,1.1,0,0
4192.31,9,0.7132,0,insufficient_funds,4,214,paused,0.3,upi,enterprise,5.6,1,1
3584.31,15,0.6198,1,gateway_timeout,0,398,unpaid,0.8,upi,regular,3.1,0,1
4367.29,32,0.6971,1,card_expired,1,44,active,4.6,upi,regular,7.1,1,1
6485.21,5,0.5497,3,insufficient_funds,0,267,active,4.5,card,regular,3.1,0,0
780.58,14,0.4891,0,insufficient_funds,3,319,canceled,10.9,netbanking,vip,4.4,0,0
7123.99,23,0.6166,0,authentication_failed,0,36,active,6.7,upi,regular,0.1,0,1
930.25,10,0.5243,3,authentication_failed,0,42,active,0.9,upi,enterprise,6.8,0,1
544.76,2,0.8347,1,insufficient_funds,1,704,past_due,1.1,card,regular,15.1,1,1
18865.14,8,0.6804,0,gateway_timeout,0,53,trialing,0.4,upi,regular,0.7,1,1
15931.82,33,0.7756,0,authentication_failed,5,291,active,1.3,card,regular,1.1,0,1
511.7,41,0.8978,1,authentication_failed,1,197,active,2.9,card,starter,8.3,1,1
3128.23,9,0.7182,0,insufficient_funds,2,440,active,1.1,netbanking,regular,0.4,0,1
1230.48,20,0.6676,4,insufficient_funds,3,13,active,4.9,card,regular,0.8,1,1
3521.29,2,0.9765,1,network_error,0,4,past_due,9.8,wallet,enterprise,0.8,1,1
9065.0,2,0.6715,1,gateway_timeout,1,347,paused,0.9,card,enterprise,1.9,0,1
15240.22,28,0.4404,2,insufficient_funds,3,527,paused,14.3,upi,enterprise,4.3,0,1
5229.06,1,0.9423,4,network_error,1,251,trialing,11.3,upi,vip,3.8,0,1
2384.05,2,0.9024,2,insufficient_funds,2,121,active,1.6,upi,enterprise,4.5,1,1
4823.2,5,0.519,2,insufficient_funds,1,146,canceled,3.1,card,starter,0.4,1,0
2069.84,8,0.3253,2,network_error,4,376,active,5.1,upi,regular,1.1,0,1
12229.94,8,0.7484,4,card_expired,0,182,active,7.3,card,regular,10.7,1,1
10416.53,3,0.4397,2,authentication_failed,3,291,past_due,1.0,card,enterprise,0.2,0,1
4284.85,24,0.7977,1,gateway_timeout,1,742,past_due,4.1,card,enterprise,9.5,0,1
2163.72,23,0.7077,2,insufficient_funds,1,81,active,6.0,upi,regular,0.2,1,1
1936.38,4,0.7691,2,authentication_failed,1,43,active,1.8,card,regular,3.0,0,1
369.95,5,0.5805,1,authentication_failed,2,474,unpaid,7.2,card,regular,1.6,1,0
8659.23,11,0.8381,2,insufficient_funds,0,298,past_due,4.1,upi,regular,0.5,1,1
3192.67,10,0.4195,3,gateway_timeout,0,166,active,2.9,netbanking,regular,0.5,1,1
2166.2,4,0.4997,0,insufficient_funds,0,211,active,0.7,card,enterprise,0.1,1,1
3384.88,5,0.7326,1,insufficient_funds,0,601,past_due,12.5,upi,regular,11.4,1,1
8739.06,4,0.737,1,insufficient_funds,1,788,active,0.7,wallet,regular,0.7,0,1
865.45,2,0.8794,1,network_error,3,3,active,4.7,card,regular,4.6,0,1
9947.54,5,0.762,3,gateway_timeout,0,323,active,0.2,card,regular,3.6,0,1
11589.89,11,0.9122,1,card_expired,1,922,trialing,0.8,wallet,regular,2.1,1,1
14859.84,12,0.7646,1,network_error,4,52,past_due,4.8,wallet,starter,2.5,0,0
2733.24,14,0.6383,1,insufficient_funds,1,50,active,2.4,upi,regular,12.8,0,1
1424.01,4,0.7296,0,insufficient_funds,1,34,trialing,11.0,upi,regular,4.5,0,1
2539.16,13,0.7492,0,insufficient_funds,0,139,active,2.7,upi,regular,7.6,0,1
2224.17,0,0.6805,0,insufficient_funds,0,379,active,1.5,card,starter,2.2,1,1
1168.86,6,0.6892,1,insufficient_funds,0,195,active,21.4,netbanking,regular,2.3,0,1
4873.12,14,0.8461,3,network_error,1,123,canceled,0.7,upi,starter,6.9,1,1
3437.28,9,0.856,2,card_expired,0,214,active,1.5,upi,regular,2.5,0,1
10238.43,6,0.9201,0,insufficient_funds,1,109,past_due,8.7,upi,regular,0.1,0,1
363.18,9,0.9307,3,authentication_failed,0,178,active,8.1,wallet,regular,7.7,1,1
5362.27,22,0.8468,2,network_error,0,160,past_due,3.9,upi,vip,2.4,0,1
7397.4,7,0.699,2,authentication_failed,3,620,past_due,0.7,card,regular,3.1,1,1
7324.9,15,0.7581,1,authentication_failed,1,191,active,3.0,upi,starter,4.5,1,1
11061.03,37,0.6348,1,insufficient_funds,1,270,active,4.3,card,enterprise,0.2,1,1
6728.8,11,0.9231,1,insufficient_funds,0,88,trialing,1.7,upi,enterprise,3.9,0,1
13342.27,8,0.7895,2,insufficient_funds,2,113,canceled,10.9,netbanking,regular,3.5,0,0
2222.25,0,0.4539,3,card_expired,3,941,active,1.2,upi,regular,0.3,1,1
3697.93,4,0.5282,2,insufficient_funds,0,235,active,0.9,card,regular,2.7,0,0
270.9,7,0.7624,1,insufficient_funds,1,90,active,2.0,upi,enterprise,6.3,0,1
234.91,15,0.9028,2,insufficient_funds,1,19,unpaid,0.6,card,starter,2.5,0,1
1573.02,5,0.3202,1,insufficient_funds,2,234,active,3.5,upi,regular,15.8,0,1
731.29,30,0.7843,2,authentication_failed,2,22,active,0.3,wallet,starter,1.8,0,1
1706.95,3,0.8994,0,authentication_failed,5,45,active,0.2,card,regular,3.1,0,1
1174.26,12,0.4151,0,insufficient_funds,2,61,active,0.8,upi,regular,1.3,1,0
344.67,5,0.5768,1,authentication_failed,0,257,active,0.5,upi,regular,8.8,0,1
12201.22,6,0.8398,2,insufficient_funds,0,130,active,0.1,card,regular,0.9,0,1
241.29,15,0.4104,0,insufficient_funds,4,329,past_due,3.6,upi,regular,3.7,0,0
6860.59,3,0.39,1,authentication_failed,0,63,active,3.8,card,regular,2.4,0,1
1025.25,0,0.5849,1,network_error,0,540,active,10.5,card,starter,2.7,1,1
12365.16,6,0.5197,2,gateway_timeout,1,60,trialing,0.1,card,regular,7.2,0,0
11365.11,7,0.5723,2,insufficient_funds,0,9,canceled,0.3,card,vip,5.8,1,0
5505.15,15,0.8966,2,gateway_timeout,2,151,past_due,2.1,card,vip,1.7,0,1
5777.28,32,0.3658,3,insufficient_funds,2,34,active,1.7,card,regular,5.1,0,1
226.77,0,0.9859,0,authentication_failed,4,139,past_due,3.1,netbanking,regular,1.9,0,1
21155.9,8,0.7867,1,network_error,4,877,canceled,1.1,upi,regular,0.2,0,1
10711.82,10,0.6975,0,network_error,0,404,trialing,3.2,card,starter,14.8,0,1
11474.04,40,0.8253,1,card_expired,4,155,active,8.2,upi,regular,3.7,1,0
5582.95,27,0.7407,1,insufficient_funds,1,327,past_due,3.3,netbanking,enterprise,7.6,1,1
2313.97,11,0.7503,3,gateway_timeout,2,139,active,5.4,card,regular,6.2,0,1
11405.04,7,0.6524,1,insufficient_funds,2,1,paused,4.2,netbanking,regular,21.5,1,0
1923.15,1,0.4633,1,network_error,0,404,active,7.6,wallet,regular,5.2,0,1
4335.81,4,0.859,1,authentication_failed,1,360,active,0.6,card,regular,16.3,1,1
725.31,8,0.7781,3,authentication_failed,4,624,active,0.6,card,vip,10.0,0,0
12952.39,12,0.9156,0,insufficient_funds,1,31,active,9.0,upi,regular,1.7,1,1
958.6,9,0.8545,3,insufficient_funds,1,420,trialing,7.1,card,regular,21.9,1,1
1473.8,11,0.8597,0,insufficient_funds,1,415,past_due,0.6,card,enterprise,6.1,0,1
4283.74,5,0.5727,1,authentication_failed,3,113,active,0.5,upi,regular,1.7,0,0
7421.59,12,0.9365,1,card_expired,0,129,trialing,7.2,upi,enterprise,0.1,0,1
5029.39,1,0.5154,1,card_expired,0,137,active,13.9,upi,regular,0.0,1,1
1520.7,1,0.7221,2,insufficient_funds,0,110,active,3.0,upi,enterprise,4.1,1,1
204.72,1,0.7605,1,insufficient_funds,4,218,active,2.6,wallet,regular,0.2,1,1
7276.57,21,0.2202,1,insufficient_funds,0,181,active,0.8,upi,regular,2.3,0,1
21268.12,0,0.7907,2,insufficient_funds,2,215,active,0.1,card,regular,4.1,1,1
8501.37,15,0.7817,2,gateway_timeout,0,230,past_due,1.3,card,enterprise,0.7,0,1
3282.84,2,0.53,2,insufficient_funds,0,296,active,12.3,card,vip,0.1,0,1
11904.93,5,0.4373,0,insufficient_funds,0,88,past_due,4.5,card,vip,3.5,0,1
2836.87,23,0.4667,2,insufficient_funds,1,53,past_due,0.5,upi,regular,0.0,1,1
3921.51,8,0.4019,2,card_expired,0,189,active,0.2,netbanking,vip,0.7,0,1
3442.11,2,0.4704,0,network_error,4,142,active,5.5,upi,starter,7.6,1,1
3167.63,3,0.4546,0,insufficient_funds,5,312,active,1.6,card,starter,1.3,1,0
7662.52,24,0.692,0,authentication_failed,0,211,active,15.6,upi,regular,1.1,1,1
3940.86,5,0.7267,1,card_expired,4,296,active,2.7,card,starter,4.3,0,0
2104.23,8,0.9633,1,insufficient_funds,3,54,active,1.6,card,starter,5.0,0,1
1693.1,5,0.6249,4,insufficient_funds,4,1169,active,1.1,card,regular,3.0,0,1
392.39,4,0.8711,3,insufficient_funds,2,66,active,5.5,card,regular,13.4,0,1
4575.69,2,0.9096,2,insufficient_funds,1,127,past_due,2.5,upi,enterprise,0.2,0,1
1506.57,11,0.7909,3,insufficient_funds,1,318,active,5.0,card,vip,14.2,0,0
1001.63,12,0.2921,2,insufficient_funds,0,7,past_due,3.6,card,regular,0.7,1,1
5504.13,3,0.8564,1,network_error,0,439,active,11.4,card,regular,15.4,1,1
5916.1,14,0.5393,0,network_error,2,217,active,0.1,card,regular,8.0,1,1
7174.76,18,0.7315,0,card_expired,0,532,trialing,4.0,card,regular,2.0,1,1
3701.63,24,0.8316,2,gateway_timeout,0,196,past_due,2.3,upi,regular,1.5,0,1
11424.16,1,0.5582,2,gateway_timeout,2,7,active,6.1,wallet,regular,7.9,0,1
13971.21,3,0.8937,1,gateway_timeout,0,171,active,4.7,card,vip,2.4,0,1
8434.94,18,0.7669,2,card_expired,0,568,active,1.9,card,regular,14.2,0,0
5247.43,2,0.7669,2,insufficient_funds,0,75,active,1.9,upi,regular,8.3,1,1
2010.02,0,0.4948,1,gateway_timeout,2,97,canceled,0.1,card,regular,2.3,0,1
20556.54,19,0.7916,3,card_expired,2,9,paused,18.9,upi,vip,5.1,0,0
1801.96,3,0.559,2,authentication_failed,1,476,active,5.5,upi,enterprise,2.7,0,1
1332.35,5,0.6246,2,card_expired,1,505,past_due,0.7,wallet,vip,1.5,1,1
3118.36,5,0.8237,1,insufficient_funds,0,45,canceled,3.3,netbanking,regular,6.4,0,0
492.6,17,0.9498,0,insufficient_funds,0,61,active,10.3,card,regular,3.5,1,1
19397.22,3,0.7106,1,authentication_failed,0,191,active,0.6,card,regular,5.6,1,1
4638.92,21,0.5169,2,insufficient_funds,2,61,unpaid,8.2,card,regular,2.0,1,0
4270.39,9,0.488,2,insufficient_funds,3,60,active,5.1,upi,vip,0.1,1,1
5532.61,7,0.9205,0,network_error,1,129,past_due,1.6,upi,regular,1.3,0,1
3636.06,3,0.8634,1,gateway_timeout,3,209,active,0.8,card,regular,9.0,1,1
362.94,2,0.3409,1,insufficient_funds,0,7,active,4.0,upi,regular,7.2,1,0
4937.76,9,0.9053,0,insufficient_funds,0,528,unpaid,2.3,upi,regular,9.3,0,1
6496.97,5,0.7715,0,insufficient_funds,0,322,active,1.3,upi,regular,6.3,0,1
2895.69,22,0.7709,0,network_error,0,24,active,7.3,upi,regular,3.1,0,1
7279.55,6,0.8335,1,network_error,1,215,active,20.7,netbanking,regular,10.5,0,0
1487.39,6,0.8381,4,authentication_failed,0,36,active,3.0,upi,regular,6.1,0,1
1450.5,5,0.9118,0,insufficient_funds,0,289,active,0.4,card,regular,1.9,0,1
1080.21,14,0.8186,2,authentication_failed,1,55,active,0.6,card,enterprise,0.4,0,1
2526.03,5,0.7312,2,gateway_timeout,1,68,trialing,6.3,card,enterprise,0.5,0,1
9586.98,2,0.9558,1,insufficient_funds,2,464,active,11.2,card,regular,2.6,0,1
8998.75,18,0.5129,0,insufficient_funds,2,94,active,0.5,netbanking,regular,0.6,0,1
2613.01,8,0.7355,3,card_expired,1,451,past_due,0.7,upi,regular,15.9,0,0
4647.26,8,0.9321,1,insufficient_funds,0,356,trialing,9.3,card,starter,2.3,0,1
6579.43,8,0.7848,1,insufficient_funds,0,97,paused,2.8,card,regular,1.0,1,0
1580.13,12,0.5478,3,card_expired,1,293,canceled,14.2,wallet,regular,6.6,1,1
1120.46,3,0.7339,2,gateway_timeout,0,3,unpaid,2.0,netbanking,starter,4.5,0,1
18094.92,0,0.9201,2,gateway_timeout,1,214,past_due,0.8,wallet,enterprise,4.7,1,1
5005.88,15,0.6428,1,gateway_timeout,0,441,active,0.5,card,enterprise,2.8,0,1
20127.2,1,0.8378,2,insufficient_funds,1,465,active,3.0,card,regular,22.1,0,1
2260.61,12,0.745,5,card_expired,2,242,active,3.7,card,starter,3.3,0,0
6270.65,0,0.5524,3,insufficient_funds,0,109,past_due,2.9,card,regular,0.4,1,1
1459.02,4,0.8954,4,insufficient_funds,3,895,active,3.7,wallet,regular,1.6,0,0
1713.64,0,0.877,3,authentication_failed,0,1145,past_due,5.2,card,enterprise,3.5,1,1
3786.2,7,0.195,4,authentication_failed,2,7,active,3.6,card,regular,4.7,0,1
2125.51,10,0.8893,1,insufficient_funds,2,44,active,5.7,card,regular,3.9,1,1
1117.34,1,0.4552,1,insufficient_funds,0,934,active,3.5,netbanking,enterprise,3.7,1,1
1725.03,4,0.5901,3,insufficient_funds,0,1263,past_due,14.7,upi,regular,0.1,0,0
382.02,25,0.7035,1,gateway_timeout,0,721,past_due,4.5,upi,regular,2.0,1,1
6294.14,5,0.7523,3,insufficient_funds,1,21,active,5.9,card,vip,6.4,0,1
3587.52,15,0.8426,2,network_error,3,267,active,1.7,card,regular,3.4,0,1
694.92,24,0.7378,3,gateway_timeout,1,17,trialing,1.0,upi,regular,1.8,0,1
1141.86,34,0.7,1,card_expired,2,161,past_due,2.7,wallet,starter,1.7,0,1
740.9,21,0.7552,0,card_expired,0,948,active,4.9,netbanking,regular,8.0,1,1
4941.39,3,0.6872,3,insufficient_funds,2,504,active,0.4,upi,regular,1.3,0,1
694.74,31,0.3256,1,card_expired,0,34,active,4.6,card,regular,2.4,0,1
7217.86,15,0.8134,3,insufficient_funds,0,196,canceled,3.9,wallet,regular,2.1,0,1
303.62,17,0.7211,0,authentication_failed,1,39,trialing,6.5,wallet,starter,0.0,0,1
1634.25,0,0.6977,1,insufficient_funds,1,41,active,13.2,upi,regular,4.2,1,1
11266.77,29,0.4519,2,authentication_failed,1,34,canceled,2.6,upi,regular,2.2,0,0
6538.67,14,0.3391,4,insufficient_funds,1,26,active,0.1,upi,regular,4.0,0,0
578.84,13,0.916,0,network_error,1,58,canceled,5.4,upi,starter,4.4,0,1
8805.37,0,0.4029,0,gateway_timeout,1,622,active,0.4,card,starter,0.7,0,1
3596.57,2,0.7287,0,insufficient_funds,2,111,canceled,1.2,upi,regular,6.8,0,0
9579.5,31,0.7676,2,insufficient_funds,1,480,active,4.0,card,regular,4.9,0,1
4790.71,6,0.5712,1,insufficient_funds,2,10,active,0.9,upi,regular,8.0,0,0
5925.89,4,0.892,2,gateway_timeout,0,222,active,10.3,netbanking,vip,2.0,1,1
25380.97,17,0.8524,4,authentication_failed,3,217,active,0.4,upi,enterprise,2.4,0,1
1522.01,0,0.4166,2,card_expired,0,635,active,3.7,card,enterprise,0.7,0,1
5090.11,5,0.8607,2,insufficient_funds,1,37,active,6.7,wallet,regular,0.6,0,1
3283.91,4,0.8858,1,authentication_failed,3,354,canceled,3.1,upi,regular,2.8,1,1
401.26,4,0.7953,3,authentication_failed,0,389,active,0.2,upi,regular,0.9,0,1
272.88,3,0.6426,0,network_error,5,186,trialing,4.3,upi,regular,8.9,0,1
834.79,2,0.5423,0,gateway_timeout,2,65,active,19.8,upi,enterprise,7.3,0,1
5436.15,1,0.9022,0,authentication_failed,1,106,active,9.3,upi,enterprise,3.5,1,1
4386.97,9,0.644,2,authentication_failed,1,192,active,6.6,netbanking,regular,0.3,0,1
4230.79,23,0.9221,3,gateway_timeout,0,169,active,0.8,netbanking,regular,4.8,0,1
361.88,6,0.9106,1,network_error,1,301,active,9.7,upi,starter,11.0,1,1
3367.82,3,0.9465,1,insufficient_funds,5,74,active,3.4,card,regular,1.3,0,1
13126.25,1,0.7744,0,insufficient_funds,5,88,active,4.7,upi,enterprise,1.7,1,1
2734.1,16,0.6678,2,insufficient_funds,0,589,active,2.4,wallet,regular,8.2,1,0
5103.11,33,0.4841,0,insufficient_funds,0,339,past_due,1.4,wallet,regular,13.1,0,0
7766.52,4,0.624,2,insufficient_funds,0,110,active,3.5,netbanking,enterprise,2.8,0,0
7860.66,3,0.9577,0,insufficient_funds,1,320,active,2.0,card,starter,2.2,0,1
3862.35,8,0.7151,3,authentication_failed,3,7,paused,9.7,upi,regular,16.5,0,0
9957.95,14,0.6391,0,card_expired,0,110,active,0.9,upi,vip,5.2,1,1
2682.79,5,0.6102,1,insufficient_funds,0,39,active,11.5,upi,starter,4.3,0,1
11177.33,9,0.4389,1,authentication_failed,5,86,trialing,2.8,wallet,enterprise,5.6,0,0
1573.68,11,0.6191,1,network_error,1,208,canceled,0.4,card,enterprise,6.8,0,0
1844.02,30,0.6673,1,insufficient_funds,1,259,unpaid,4.5,card,enterprise,10.2,1,1
472.92,1,0.6615,3,insufficient_funds,0,834,active,0.3,upi,regular,2.6,0,1
8137.94,56,0.3875,2,insufficient_funds,0,235,trialing,6.7,card,regular,2.7,1,1
2898.31,4,0.7277,1,insufficient_funds,1,88,trialing,1.8,upi,regular,2.4,1,1
1501.09,12,0.8556,2,authentication_failed,1,383,active,4.5,card,regular,5.9,0,1
1518.46,8,0.786,1,card_expired,3,124,active,3.7,card,regular,2.3,0,0
11783.42,6,0.7646,2,insufficient_funds,3,33,active,1.5,wallet,regular,5.9,0,0
9176.33,11,0.865,2,insufficient_funds,1,234,active,1.5,card,vip,4.7,1,1
4231.93,4,0.678,0,authentication_failed,0,197,paused,15.2,card,regular,8.7,0,0
4987.01,1,0.6864,0,card_expired,3,8,past_due,3.6,card,regular,0.1,0,0
3415.37,6,0.9673,3,gateway_timeout,1,54,active,8.5,card,regular,0.6,0,1
2685.16,7,0.6785,0,gateway_timeout,0,39,active,1.3,card,regular,2.7,0,1
12553.65,2,0.9254,0,gateway_timeout,1,143,active,5.2,card,regular,4.1,0,1
871.16,26,0.6044,0,insufficient_funds,1,1319,active,1.5,upi,vip,2.1,1,1
2910.26,2,0.6121,1,authentication_failed,0,352,active,0.5,upi,starter,4.3,1,1
2312.26,4,0.4499,2,insufficient_funds,0,93,active,3.9,card,regular,0.9,1,1
3647.28,1,0.9183,4,insufficient_funds,0,753,past_due,1.9,card,vip,8.8,0,1
3259.05,7,0.6828,3,insufficient_funds,1,190,trialing,0.5,upi,enterprise,2.7,0,1
3858.29,3,0.8321,2,authentication_failed,0,464,trialing,2.7,upi,enterprise,10.4,0,1
953.64,6,0.3714,1,authentication_failed,3,1044,active,2.1,card,starter,3.2,0,1
3798.91,2,0.6461,0,insufficient_funds,0,415,active,1.3,card,regular,0.3,1,1
1588.12,0,0.8233,1,network_error,1,441,trialing,0.5,card,regular,15.3,0,1
1218.74,14,0.6269,2,authentication_failed,2,751,past_due,3.8,upi,regular,0.4,1,1
535.16,9,0.7278,2,card_expired,3,61,trialing,0.5,upi,regular,2.0,0,0
7391.15,3,0.5767,0,insufficient_funds,3,474,trialing,6.6,upi,starter,0.5,1,1
2988.21,0,0.4502,1,authentication_failed,1,48,canceled,0.1,upi,vip,1.0,0,0
5126.11,19,0.704,3,insufficient_funds,0,203,active,7.5,card,enterprise,2.4,0,1
6702.3,1,0.9629,4,authentication_failed,0,29,active,1.1,netbanking,starter,1.8,0,0
5886.51,25,0.7126,3,gateway_timeout,1,102,paused,3.8,netbanking,vip,9.1,0,1
3379.12,6,0.2594,2,gateway_timeout,1,40,canceled,3.7,upi,regular,11.4,0,0
2654.29,3,0.5402,0,insufficient_funds,3,448,active,1.5,upi,regular,5.1,1,1
2557.7,12,0.9621,2,insufficient_funds,1,236,past_due,3.7,upi,regular,7.1,0,0
5308.93,19,0.8623,2,insufficient_funds,2,56,active,2.5,card,regular,1.1,0,1
3613.95,4,0.8077,1,authentication_failed,1,483,active,4.5,card,vip,0.7,1,1
9656.76,4,0.4864,1,insufficient_funds,0,258,active,1.6,card,starter,1.1,1,1
10585.3,5,0.8208,2,card_expired,2,20,active,2.1,card,regular,4.0,0,0
1135.02,24,0.6804,3,authentication_failed,1,96,trialing,5.5,wallet,regular,14.0,0,1
932.26,11,0.8778,0,card_expired,0,36,unpaid,0.2,card,starter,12.3,1,1
5176.68,2,0.8949,1,authentication_failed,1,25,past_due,12.4,card,regular,3.9,1,1
1992.14,1,0.6799,1,network_error,3,286,canceled,1.8,upi,regular,14.3,0,1
293.73,2,0.9577,1,authentication_failed,2,35,past_due,10.8,upi,regular,2.7,0,0
11175.06,2,0.7704,4,gateway_timeout,0,40,active,1.5,netbanking,starter,7.3,1,1
1486.74,2,0.5546,0,authentication_failed,2,379,active,6.5,upi,regular,0.8,0,1
13445.18,10,0.8359,1,insufficient_funds,0,640,active,0.6,upi,regular,10.1,0,1
6519.22,1,0.8794,0,insufficient_funds,1,77,active,5.6,upi,regular,9.6,0,1
7391.17,4,0.3313,1,insufficient_funds,0,743,past_due,3.2,card,regular,16.2,0,1
1324.86,9,0.8637,2,authentication_failed,1,83,unpaid,3.8,upi,regular,3.5,1,1
1534.13,3,0.9051,4,card_expired,0,114,active,7.1,upi,regular,4.1,0,0
3883.07,0,0.7916,3,insufficient_funds,3,264,canceled,2.5,upi,starter,1.7,1,1
1144.31,0,0.8797,1,network_error,1,338,past_due,4.9,upi,enterprise,16.0,0,1
2022.32,1,0.9498,1,authentication_failed,1,1094,active,0.4,card,regular,1.1,1,1
2139.08,17,0.6409,2,authentication_failed,3,368,active,14.2,upi,regular,8.9,0,1
1069.56,10,0.5715,0,insufficient_funds,0,146,past_due,2.9,netbanking,starter,7.7,0,0
1348.22,0,0.4611,2,network_error,3,29,active,7.1,card,regular,0.6,0,0
7968.88,4,0.6515,1,insufficient_funds,0,246,past_due,0.2,upi,regular,0.3,1,1
1114.78,3,0.7522,0,insufficient_funds,2,461,past_due,0.6,netbanking,regular,0.6,1,0
344.35,8,0.6476,0,authentication_failed,0,447,active,4.2,card,regular,18.7,0,1
5162.55,7,0.8929,1,authentication_failed,0,316,active,1.5,upi,enterprise,1.5,0,1
18844.99,6,0.8263,1,insufficient_funds,3,354,active,5.7,upi,starter,8.8,1,1
2211.45,3,0.8271,1,card_expired,1,35,trialing,6.2,card,regular,1.0,1,0
831.53,1,0.6649,2,insufficient_funds,0,34,active,4.6,card,regular,1.7,1,1
4424.36,12,0.7635,6,insufficient_funds,1,216,active,3.7,wallet,regular,5.7,0,1
12041.18,20,0.8808,2,insufficient_funds,3,17,active,3.9,card,enterprise,2.0,0,1
7863.81,27,0.6724,3,insufficient_funds,1,51,active,9.7,wallet,vip,7.8,0,1
5071.13,0,0.7818,0,network_error,0,331,active,9.4,card,regular,3.5,0,1
2092.09,12,0.6462,0,insufficient_funds,0,7,past_due,4.2,card,regular,0.9,1,1
4103.12,12,0.8323,2,gateway_timeout,1,45,active,1.9,netbanking,enterprise,1.8,1,1
678.4,27,0.8973,4,network_error,2,392,canceled,0.7,netbanking,regular,4.7,0,1
5880.72,2,0.6513,0,card_expired,3,646,trialing,4.2,card,vip,3.0,1,0
6656.67,12,0.8764,2,authentication_failed,0,72,active,2.0,upi,starter,3.9,1,1
16966.56,0,0.9127,3,insufficient_funds,0,178,canceled,2.3,card,regular,1.9,0,0
1708.21,9,0.8877,0,gateway_timeout,1,541,trialing,2.4,netbanking,regular,2.7,0,1
293.14,4,0.5032,2,insufficient_funds,0,411,trialing,2.0,card,enterprise,3.3,0,1
4143.98,13,0.6086,1,insufficient_funds,1,482,trialing,7.1,upi,enterprise,1.6,0,1
6334.34,18,0.7342,0,card_expired,3,98,active,0.4,upi,regular,1.4,1,1
8012.95,4,0.7347,1,gateway_timeout,0,87,active,2.7,card,regular,3.5,1,1
1276.74,7,0.9784,2,network_error,1,322,past_due,1.6,card,enterprise,0.1,0,1
1717.38,1,0.9848,0,network_error,2,184,active,5.9,card,enterprise,10.4,0,1
3793.26,5,0.7427,0,authentication_failed,0,509,past_due,1.1,card,starter,0.6,1,1
2206.87,4,0.758,1,gateway_timeout,1,341,active,2.4,card,regular,0.2,1,1
10048.87,1,0.5177,4,gateway_timeout,2,108,active,6.0,card,regular,1.8,0,1
3409.99,21,0.8515,1,insufficient_funds,0,437,trialing,2.1,upi,regular,2.6,0,1
8236.67,1,0.7993,0,authentication_failed,0,640,unpaid,1.5,upi,regular,1.2,0,1
4544.89,9,0.7788,1,insufficient_funds,0,32,past_due,4.8,card,enterprise,4.3,0,1
7616.01,20,0.973,1,card_expired,2,193,active,2.5,netbanking,enterprise,0.6,0,1
2222.38,23,0.8113,1,network_error,1,211,past_due,3.4,upi,regular,1.9,0,0
9101.62,14,0.406,2,insufficient_funds,1,16,active,1.7,card,enterprise,13.3,1,1
1804.97,1,0.8282,4,gateway_timeout,0,4,paused,4.0,wallet,enterprise,2.0,0,1
4149.38,16,0.7684,3,gateway_timeout,0,50,past_due,4.4,card,starter,8.3,0,0
1404.04,3,0.8001,3,insufficient_funds,1,451,past_due,2.3,card,starter,6.5,1,0
3426.8,24,0.7563,1,insufficient_funds,1,256,active,0.8,card,enterprise,1.7,1,1
2114.91,11,0.5494,3,card_expired,2,50,trialing,1.3,upi,regular,1.2,1,0
1751.03,14,0.8841,2,insufficient_funds,2,234,trialing,1.6,upi,starter,2.7,1,1
17253.97,0,0.5189,4,gateway_timeout,2,248,past_due,2.6,wallet,enterprise,13.4,1,0
1072.21,8,0.8433,0,authentication_failed,3,158,paused,10.7,upi,regular,0.8,0,1
7939.97,16,0.7141,0,gateway_timeout,2,187,active,0.1,card,enterprise,1.8,0,1
20927.65,18,0.4009,3,insufficient_funds,1,295,active,0.9,upi,regular,0.3,0,1
300.51,0,0.6329,0,card_expired,0,579,active,0.1,card,vip,4.9,0,1
6203.68,26,0.7126,1,insufficient_funds,1,487,active,4.0,upi,regular,0.7,1,1
1657.86,0,0.8187,0,network_error,0,309,active,1.1,card,vip,2.2,0,1
406.65,9,0.7663,3,insufficient_funds,0,485,active,20.6,netbanking,enterprise,5.0,1,1
2778.27,11,0.9301,2,insufficient_funds,1,247,active,0.9,wallet,enterprise,5.7,1,1
13883.62,1,0.7128,2,insufficient_funds,1,347,past_due,2.4,upi,regular,3.9,0,1
259.17,0,0.6951,1,insufficient_funds,1,538,unpaid,1.5,upi,regular,0.6,0,1
4632.27,14,0.6428,0,card_expired,2,528,active,1.2,netbanking,starter,6.6,0,1
3679.72,4,0.7382,5,insufficient_funds,1,418,active,12.5,card,enterprise,1.1,1,1
10532.99,1,0.5415,1,card_expired,4,199,active,8.4,card,regular,5.5,1,1
638.7,13,0.8731,0,authentication_failed,0,53,active,0.1,upi,enterprise,8.4,0,1
5921.07,17,0.6971,0,gateway_timeout,0,459,active,1.8,card,vip,2.0,1,1
5898.89,8,0.8357,3,card_expired,0,356,active,4.3,card,starter,2.2,0,1
5729.39,1,0.5553,0,authentication_failed,1,370,active,2.6,upi,regular,8.6,0,1
14465.48,0,0.7663,1,authentication_failed,0,34,trialing,16.7,card,regular,5.8,0,1
8860.5,11,0.9211,1,gateway_timeout,1,486,active,5.0,card,enterprise,4.3,0,1
414.4,7,0.5769,1,insufficient_funds,0,400,active,3.8,wallet,regular,1.8,1,1
3384.62,9,0.9614,3,insufficient_funds,2,127,active,2.0,card,vip,4.1,1,1
2737.1,15,0.5384,3,authentication_failed,0,164,unpaid,0.7,card,regular,6.9,0,1
2056.39,5,0.4175,1,insufficient_funds,0,772,active,5.0,upi,regular,0.4,0,1
3201.35,1,0.503,1,authentication_failed,4,12,active,0.2,card,regular,3.5,0,0
2624.12,26,0.6103,2,authentication_failed,0,36,active,10.5,card,regular,0.9,1,1
3031.11,7,0.5596,1,insufficient_funds,3,425,paused,1.9,card,regular,29.1,0,0
19578.91,9,0.8063,0,insufficient_funds,0,238,active,3.2,card,regular,3.0,0,1
664.05,25,0.9652,2,authentication_failed,0,14,active,2.1,wallet,starter,1.1,1,1
12970.05,25,0.7012,2,authentication_failed,3,300,past_due,1.8,card,regular,2.2,0,1
3471.91,8,0.5077,1,insufficient_funds,1,123,past_due,16.3,upi,enterprise,0.3,1,1
5087.4,3,0.6848,0,insufficient_funds,1,153,active,3.3,upi,regular,4.0,0,1
9065.17,55,0.4053,1,insufficient_funds,1,64,active,8.5,upi,regular,6.7,1,1
2435.05,10,0.9466,2,authentication_failed,1,49,active,0.9,card,regular,6.5,0,1
3014.3,4,0.7745,1,insufficient_funds,2,140,active,3.1,card,regular,10.9,1,1
2834.08,7,0.7369,2,insufficient_funds,1,220,active,2.7,upi,starter,4.2,1,1
2547.87,5,0.4685,1,network_error,0,61,past_due,2.0,upi,regular,6.6,1,1
13186.75,20,0.8969,2,insufficient_funds,1,152,active,2.7,card,regular,6.5,0,1
9028.41,6,0.9071,1,insufficient_funds,0,222,active,1.1,card,regular,0.9,0,1
777.05,16,0.9205,1,gateway_timeout,1,166,paused,6.3,upi,vip,4.3,1,1
772.14,17,0.6792,3,insufficient_funds,0,158,active,3.7,wallet,regular,7.7,0,1
2991.94,16,0.6259,1,insufficient_funds,1,86,active,0.5,card,vip,7.2,0,1
719.35,12,0.4545,0,insufficient_funds,1,30,active,2.6,netbanking,starter,3.0,0,1
5026.0,18,0.5845,0,insufficient_funds,0,750,active,11.5,netbanking,vip,0.3,0,1
975.62,4,0.6173,0,gateway_timeout,0,583,past_due,11.3,upi,starter,4.1,1,1
3894.63,1,0.9031,0,insufficient_funds,3,666,active,18.4,upi,enterprise,4.8,0,0
236.23,17,0.8491,1,gateway_timeout,3,198,active,1.0,upi,enterprise,5.2,0,1
2103.35,6,0.7787,2,insufficient_funds,3,76,active,6.5,netbanking,starter,9.8,1,1
5853.47,1,0.5006,1,card_expired,2,101,active,3.6,card,regular,9.9,1,1
3508.62,1,0.7917,1,card_expired,3,230,canceled,5.9,upi,regular,10.8,1,1
19345.19,1,0.9204,1,insufficient_funds,0,314,canceled,4.2,card,regular,5.6,0,1
10561.49,13,0.4754,2,authentication_failed,0,259,past_due,1.1,card,regular,0.0,0,1
2424.18,11,0.7607,0,card_expired,1,49,active,0.4,wallet,starter,4.1,1,1
432.77,2,0.6998,3,insufficient_funds,0,553,active,2.7,upi,enterprise,1.6,0,1
9541.89,17,0.8784,1,authentication_failed,0,239,active,2.0,card,enterprise,2.8,1,1
12308.78,3,0.9279,0,network_error,1,500,active,2.1,netbanking,regular,0.7,1,1
8791.45,14,0.8454,3,insufficient_funds,0,241,trialing,3.5,upi,regular,5.7,0,1
884.54,6,0.5986,1,gateway_timeout,1,130,active,5.9,upi,enterprise,4.6,1,1
31065.25,12,0.6905,2,gateway_timeout,3,23,active,5.2,upi,regular,3.8,0,1
1695.97,4,0.8323,1,gateway_timeout,1,91,canceled,2.6,card,starter,2.7,1,1
6640.49,4,0.3705,1,network_error,1,53,active,3.0,card,regular,2.4,1,1
12131.73,17,0.9059,1,gateway_timeout,1,819,active,3.5,upi,regular,2.8,1,1
1543.89,0,0.5647,3,network_error,0,128,active,5.7,card,starter,5.0,0,1
12143.91,34,0.8136,1,insufficient_funds,2,589,paused,8.5,card,enterprise,1.0,0,0
2051.56,9,0.9159,2,authentication_failed,4,101,past_due,3.0,card,regular,0.2,1,1
18935.34,5,0.7217,3,insufficient_funds,1,34,trialing,8.0,card,regular,2.3,0,1
1851.28,9,0.7578,0,gateway_timeout,3,416,trialing,10.9,card,starter,0.8,0,0
15534.62,1,0.9065,0,insufficient_funds,0,159,active,0.9,card,regular,5.1,0,0
475.16,6,0.7631,1,insufficient_funds,0,476,canceled,2.5,netbanking,enterprise,4.3,1,0
6376.84,39,0.505,2,insufficient_funds,0,209,active,1.6,card,regular,28.4,0,0
3997.62,2,0.8072,1,insufficient_funds,1,27,past_due,0.6,card,regular,0.0,0,0
3449.26,12,0.3838,1,insufficient_funds,0,9,past_due,1.2,upi,regular,5.1,0,1
1464.76,5,0.8555,1,gateway_timeout,2,44,unpaid,2.1,upi,regular,2.7,1,1
6314.01,10,0.5471,1,authentication_failed,1,97,active,2.9,upi,regular,23.7,0,1
1258.6,2,0.5561,1,insufficient_funds,1,132,trialing,2.9,card,starter,5.4,0,0
4224.21,6,0.873,2,insufficient_funds,0,500,active,1.6,card,regular,6.9,1,1
1660.09,37,0.7583,2,card_expired,0,529,canceled,12.2,card,regular,17.0,0,0
15774.99,2,0.7503,3,card_expired,2,153,active,0.2,upi,vip,0.6,0,1
345.25,9,0.6192,0,card_expired,0,267,past_due,5.8,card,regular,10.6,0,1
1314.02,8,0.6745,1,network_error,1,35,active,10.2,card,starter,1.8,1,1
1587.41,7,0.7236,0,card_expired,3,758,canceled,5.9,card,regular,2.4,0,0
2872.76,9,0.7484,1,authentication_failed,3,104,paused,0.5,card,regular,10.2,1,0
1524.58,6,0.3954,3,insufficient_funds,0,262,active,8.1,netbanking,regular,4.3,0,1
3579.97,0,0.6729,2,insufficient_funds,3,202,canceled,1.4,card,enterprise,4.3,1,1
10496.84,21,0.7952,1,insufficient_funds,0,364,active,1.1,card,regular,2.6,0,0
6425.08,16,0.5922,2,card_expired,1,1221,trialing,11.4,upi,vip,0.3,1,1
4537.05,1,0.7527,2,insufficient_funds,1,143,active,2.8,upi,regular,6.0,0,1
666.08,5,0.7677,0,card_expired,1,89,unpaid,2.4,upi,starter,8.0,0,0
6120.72,13,0.595,2,insufficient_funds,1,27,active,1.2,upi,regular,6.9,1,1
1110.09,37,0.6279,1,insufficient_funds,2,393,active,3.0,wallet,regular,8.3,1,1
7917.49,28,0.6556,2,insufficient_funds,1,94,active,2.7,netbanking,enterprise,2.3,0,1
1638.79,21,0.5101,1,authentication_failed,0,147,past_due,1.7,card,starter,12.9,0,1
2898.26,1,0.9351,0,authentication_failed,3,785,active,1.6,upi,enterprise,17.6,0,1
2357.53,23,0.8342,0,gateway_timeout,1,735,active,1.3,upi,enterprise,8.5,1,1
9988.38,20,0.6334,1,gateway_timeout,0,297,active,5.2,upi,starter,7.9,1,1
876.49,4,0.5647,2,insufficient_funds,2,28,active,8.5,card,regular,7.8,1,1
4369.46,4,0.7959,0,network_error,0,149,canceled,3.6,upi,regular,1.2,1,0
966.11,5,0.7982,1,authentication_failed,1,598,active,3.1,card,enterprise,2.9,1,1
6300.44,10,0.8641,2,authentication_failed,3,176,past_due,5.5,netbanking,regular,0.6,0,0
11973.51,2,0.8166,1,authentication_failed,1,1035,trialing,3.4,card,regular,3.2,0,1
3051.18,0,0.8904,2,card_expired,0,53,active,1.5,card,regular,3.0,0,0
3548.05,1,0.7558,1,gateway_timeout,5,228,active,2.3,card,starter,0.2,0,0
13315.52,5,0.6412,1,insufficient_funds,2,53,past_due,2.1,card,enterprise,5.5,0,0
3880.18,3,0.7689,2,gateway_timeout,0,398,active,2.2,wallet,regular,0.5,0,1
3543.23,13,0.4378,0,card_expired,0,625,trialing,3.7,upi,regular,4.6,0,0
4517.65,1,0.8826,3,card_expired,4,16,active,3.0,card,enterprise,2.5,0,1
6043.51,23,0.6892,3,insufficient_funds,0,140,active,0.2,card,vip,7.6,1,1
765.19,21,0.8107,0,insufficient_funds,1,10,active,0.4,upi,vip,16.4,0,1
8804.94,22,0.5603,2,gateway_timeout,5,18,active,0.1,upi,regular,3.1,0,1
3059.12,12,0.7506,0,network_error,0,115,past_due,9.0,upi,enterprise,2.8,0,1
575.5,1,0.8902,0,authentication_failed,3,219,active,2.0,upi,regular,1.0,0,1
7913.17,5,0.8037,0,insufficient_funds,1,478,active,2.5,netbanking,regular,0.3,1,1
2565.64,1,0.3274,4,authentication_failed,0,736,paused,0.1,card,regular,1.9,1,1
728.84,41,0.4225,1,authentication_failed,0,79,active,2.1,upi,enterprise,3.2,1,1
5222.59,3,0.6928,6,insufficient_funds,1,64,past_due,4.5,upi,regular,7.5,0,0
10806.79,8,0.5878,1,insufficient_funds,1,44,active,1.2,card,starter,0.1,0,1
11135.29,14,0.9281,1,insufficient_funds,1,5,active,4.1,upi,regular,4.7,0,1
16010.53,24,0.6704,2,authentication_failed,1,192,trialing,0.3,wallet,regular,2.6,1,1
10313.62,13,0.5736,2,card_expired,1,190,active,3.1,netbanking,regular,0.9,1,1
210.72,10,0.8194,2,insufficient_funds,1,23,active,14.7,card,regular,3.7,0,1
2592.12,5,0.9115,5,authentication_failed,0,5,past_due,12.2,card,starter,10.9,0,1
8733.67,8,0.8301,3,authentication_failed,1,121,trialing,6.8,netbanking,vip,0.9,1,1
2480.53,0,0.7153,4,network_error,3,21,active,2.6,upi,vip,10.1,0,0
4800.85,20,0.8895,2,card_expired,0,15,active,0.1,upi,regular,0.6,1,1
4861.05,7,0.877,0,insufficient_funds,5,171,past_due,3.5,card,regular,12.7,0,0
2470.85,0,0.6707,3,authentication_failed,4,419,past_due,0.4,upi,regular,16.1,0,0
11941.78,23,0.8097,0,gateway_timeout,0,277,active,0.9,card,vip,5.7,0,1
3698.12,6,0.6819,3,gateway_timeout,1,42,active,3.7,upi,enterprise,0.4,0,1
3325.43,19,0.7395,1,network_error,1,271,active,2.0,netbanking,regular,3.1,1,1
30184.89,18,0.6691,1,authentication_failed,2,108,active,0.5,upi,regular,3.2,0,1
3601.16,16,0.634,1,insufficient_funds,0,23,active,0.9,upi,starter,1.4,0,1
1182.5,0,0.7179,3,authentication_failed,0,116,active,1.5,upi,starter,9.8,1,1
3798.17,2,0.8019,3,insufficient_funds,1,502,active,7.9,card,regular,0.3,0,1
8610.49,19,0.8059,1,insufficient_funds,0,58,unpaid,10.8,card,enterprise,1.5,0,1
7699.79,21,0.9658,4,authentication_failed,3,170,active,19.8,upi,enterprise,0.3,0,1
7969.58,5,0.9066,2,insufficient_funds,3,108,paused,7.8,card,regular,1.0,0,0
6355.41,5,0.6897,1,authentication_failed,0,402,active,13.5,wallet,regular,1.3,0,1
1666.61,1,0.7159,2,card_expired,1,229,active,2.9,card,enterprise,10.9,1,1
10105.56,32,0.3311,3,insufficient_funds,1,132,past_due,2.9,wallet,regular,0.1,0,0
11395.4,2,0.662,1,insufficient_funds,1,143,active,2.0,upi,regular,3.3,1,1
1279.31,2,0.4696,1,insufficient_funds,1,585,unpaid,1.4,upi,enterprise,1.7,0,1
898.93,10,0.7259,2,network_error,0,73,active,4.3,card,starter,12.1,0,1
18766.88,2,0.4185,2,insufficient_funds,0,22,active,6.4,upi,regular,0.0,0,1
10337.05,26,0.8068,0,network_error,2,480,active,14.2,upi,vip,1.1,0,1
11385.68,0,0.8672,2,network_error,2,163,past_due,4.0,netbanking,regular,8.0,0,0
11074.32,0,0.678,2,insufficient_funds,0,13,active,6.0,card,regular,3.8,0,1
4101.01,6,0.8905,1,authentication_failed,0,588,active,1.5,card,regular,2.2,1,1
5397.97,6,0.7846,3,gateway_timeout,3,248,active,1.6,upi,starter,6.4,0,1
4141.28,1,0.5192,0,insufficient_funds,0,73,active,0.1,wallet,starter,11.4,0,1
462.82,6,0.3231,3,authentication_failed,1,300,trialing,2.9,wallet,enterprise,2.1,0,1
7042.33,5,0.7818,2,insufficient_funds,4,79,active,4.1,card,starter,2.3,1,1
3719.34,20,0.8716,1,authentication_failed,3,124,active,2.4,upi,regular,6.0,1,1
5416.49,0,0.5351,1,authentication_failed,0,109,active,1.5,card,enterprise,4.7,0,0
3692.2,35,0.6337,2,gateway_timeout,2,343,unpaid,6.4,upi,regular,6.0,0,1
3584.51,9,0.37,1,insufficient_funds,1,29,active,4.1,upi,regular,5.1,0,1
1142.44,1,0.9065,3,network_error,1,83,past_due,13.4,card,vip,0.7,0,1
1833.6,0,0.6875,1,insufficient_funds,0,579,trialing,2.0,upi,regular,0.6,0,1
1064.94,7,0.3972,1,network_error,2,540,past_due,10.1,card,regular,5.3,0,0
1288.71,2,0.5435,4,gateway_timeout,2,883,active,11.5,netbanking,regular,0.7,1,0
18255.41,3,0.6629,2,gateway_timeout,2,7,active,6.2,card,starter,0.4,1,1
1030.94,2,0.8478,2,network_error,4,31,unpaid,3.8,card,regular,1.9,0,0
1768.56,9,0.9739,1,card_expired,0,862,trialing,3.7,netbanking,regular,11.9,0,1
4665.19,7,0.8192,2,insufficient_funds,4,86,paused,13.8,upi,regular,6.5,0,0
4910.33,0,0.5708,0,gateway_timeout,3,325,active,2.3,upi,regular,2.0,0,1
1036.03,7,0.6337,1,authentication_failed,0,733,active,2.6,upi,enterprise,2.0,1,1
8092.54,14,0.7576,1,authentication_failed,0,442,canceled,10.7,netbanking,enterprise,1.1,0,1
7890.31,0,0.5385,2,insufficient_funds,0,122,active,9.8,upi,starter,2.8,0,1
1554.57,20,0.7374,2,authentication_failed,0,241,active,1.4,card,enterprise,5.7,0,1
1903.07,8,0.9238,2,insufficient_funds,2,138,active,5.9,wallet,enterprise,13.6,1,1
14102.13,28,0.4363,1,insufficient_funds,0,93,active,3.1,card,enterprise,0.7,0,1
8934.07,1,0.674,1,insufficient_funds,1,340,active,4.9,card,regular,0.5,0,1
6183.28,47,0.6702,1,insufficient_funds,0,990,active,3.1,upi,regular,1.0,1,1
629.06,9,0.6583,2,network_error,1,151,canceled,1.9,upi,regular,4.3,1,1
2908.69,7,0.8911,0,card_expired,0,201,active,0.8,card,starter,5.3,1,1
4296.98,6,0.852,0,insufficient_funds,3,143,active,1.6,card,regular,0.1,1,0
1237.65,0,0.7696,1,gateway_timeout,1,933,trialing,0.3,card,vip,20.0,1,1
3173.09,26,0.6624,3,gateway_timeout,1,324,past_due,1.2,upi,regular,7.9,0,1
4794.29,9,0.7087,0,gateway_timeout,0,175,active,2.4,upi,starter,1.3,1,1
2182.85,0,0.7912,2,gateway_timeout,0,358,active,2.7,upi,enterprise,4.9,1,1
7792.16,0,0.6242,0,insufficient_funds,1,41,active,7.4,upi,starter,4.6,1,1
9376.98,0,0.9091,0,gateway_timeout,1,9,trialing,0.3,card,regular,5.2,1,1
2154.92,8,0.9035,1,insufficient_funds,1,179,active,0.2,upi,regular,12.3,0,1
9321.12,9,0.7973,0,authentication_failed,5,296,active,1.4,card,regular,0.3,1,1
746.71,6,0.5222,2,gateway_timeout,0,28,trialing,0.2,upi,starter,6.8,0,0
9292.44,3,0.9599,4,insufficient_funds,1,77,active,0.1,upi,vip,23.1,0,1
1028.8,7,0.717,0,authentication_failed,0,999,trialing,2.6,card,vip,11.2,0,1
632.84,6,0.7978,1,insufficient_funds,0,49,canceled,3.2,card,starter,2.7,0,0
5332.98,0,0.7282,3,card_expired,4,44,trialing,1.1,card,regular,5.0,1,0
3392.7,3,0.6608,0,network_error,2,119,active,11.6,wallet,starter,1.8,0,1
12123.89,0,0.6986,3,authentication_failed,1,1500,canceled,4.9,netbanking,enterprise,5.9,1,0
2456.41,21,0.988,3,authentication_failed,0,93,active,0.3,card,vip,3.6,0,1
1892.44,12,0.9341,3,insufficient_funds,2,57,active,12.5,card,starter,9.6,1,1
3673.09,52,0.6229,2,insufficient_funds,0,49,trialing,3.8,upi,regular,6.9,0,1
3243.54,3,0.8903,1,insufficient_funds,0,395,trialing,0.6,wallet,regular,0.1,0,1
2311.24,20,0.3689,0,gateway_timeout,0,452,active,0.4,upi,enterprise,18.0,1,1
6116.63,8,0.7668,2,network_error,0,314,active,0.5,wallet,regular,2.5,0,1
7326.46,5,0.6528,1,card_expired,1,535,active,2.9,upi,enterprise,1.0,1,1
9786.07,2,0.8701,0,insufficient_funds,0,583,paused,2.6,card,vip,11.3,0,1
18233.11,12,0.8773,3,gateway_timeout,1,393,active,8.2,card,vip,5.1,0,1
1750.7,22,0.899,5,network_error,2,261,active,0.7,upi,regular,5.8,0,1
6495.55,2,0.5751,3,insufficient_funds,1,369,past_due,1.2,upi,regular,0.8,1,1
2706.51,1,0.6972,2,insufficient_funds,1,801,trialing,6.0,card,regular,7.4,1,0
5851.78,11,0.8242,2,insufficient_funds,0,314,past_due,2.7,upi,regular,7.1,0,1
3431.14,35,0.9734,2,authentication_failed,2,337,active,3.9,card,starter,19.5,1,1
25594.39,13,0.7385,3,card_expired,5,105,active,2.1,card,starter,5.6,0,0
6726.38,3,0.7263,2,insufficient_funds,0,164,trialing,2.2,netbanking,regular,0.5,0,1
15434.21,5,0.577,1,insufficient_funds,1,815,active,15.3,upi,vip,2.4,0,1
9208.13,4,0.5343,0,insufficient_funds,4,545,active,11.1,upi,regular,0.5,0,0
11860.12,18,0.4288,3,authentication_failed,0,41,paused,4.4,netbanking,regular,3.9,1,1
8621.32,14,0.8784,1,insufficient_funds,0,26,trialing,1.2,card,vip,1.3,0,1
3273.15,8,0.5669,0,insufficient_funds,0,152,past_due,6.2,upi,regular,0.3,1,1
1650.35,3,0.6161,2,insufficient_funds,1,49,active,3.2,upi,regular,3.5,1,1
2512.72,26,0.5763,1,insufficient_funds,0,809,trialing,4.0,card,regular,2.6,0,1
302.22,10,0.8198,0,card_expired,0,351,active,3.8,upi,enterprise,0.6,0,1
3911.62,33,0.6566,1,insufficient_funds,1,457,active,0.1,netbanking,enterprise,11.4,0,1
3716.57,8,0.7511,3,authentication_failed,0,268,active,0.7,upi,regular,2.5,1,1
3924.84,16,0.8702,1,gateway_timeout,0,390,past_due,2.0,upi,regular,5.6,0,0
18454.3,15,0.8856,1,insufficient_funds,0,65,unpaid,0.3,wallet,enterprise,0.1,0,1
12321.17,3,0.6712,0,insufficient_funds,1,1090,active,4.8,netbanking,regular,0.6,1,1
1081.97,31,0.2883,0,insufficient_funds,5,224,active,1.0,upi,regular,7.2,0,0
2501.32,0,0.4782,3,network_error,5,104,active,10.9,card,enterprise,1.5,0,0
2957.86,13,0.9199,4,insufficient_funds,0,1084,past_due,8.7,upi,regular,5.3,0,1
2435.6,31,0.8392,0,authentication_failed,2,6,active,3.7,card,vip,9.6,0,1
8209.73,3,0.6345,4,card_expired,3,294,past_due,1.0,card,starter,9.5,1,0
3912.08,9,0.6241,0,gateway_timeout,1,441,paused,4.1,upi,starter,6.1,0,0
4444.33,7,0.4961,1,insufficient_funds,2,23,active,0.7,upi,starter,6.6,0,1
9787.07,13,0.4116,2,authentication_failed,1,418,active,2.5,wallet,enterprise,0.4,0,0
8397.63,19,0.7489,0,insufficient_funds,1,306,canceled,1.5,upi,enterprise,7.2,1,1
909.04,8,0.9482,3,insufficient_funds,1,90,active,1.6,card,starter,0.7,1,0
6457.32,16,0.4796,1,insufficient_funds,0,31,active,1.4,card,starter,6.2,0,1
3058.51,3,0.6992,0,insufficient_funds,0,373,paused,1.3,card,starter,4.5,1,1
1945.3,2,0.5313,2,insufficient_funds,0,636,active,2.7,upi,vip,0.5,1,1
456.57,5,0.4796,0,card_expired,3,141,active,1.7,card,starter,3.3,0,0
3539.83,10,0.7102,0,authentication_failed,3,213,paused,1.2,card,regular,6.9,0,1
2395.91,1,0.8811,3,network_error,3,128,active,1.0,upi,starter,2.5,0,1
1648.51,10,0.5024,2,insufficient_funds,0,360,unpaid,6.1,card,regular,12.9,0,0
6131.84,4,0.5844,1,gateway_timeout,3,494,active,0.5,netbanking,regular,5.3,1,1
7537.21,15,0.5385,0,gateway_timeout,0,237,active,1.9,card,enterprise,0.8,1,1
1603.79,0,0.4666,1,gateway_timeout,3,167,active,5.7,upi,enterprise,1.0,0,1
453.56,10,0.6795,2,gateway_timeout,0,308,canceled,0.8,card,regular,1.7,0,0
9644.2,9,0.439,1,insufficient_funds,1,139,active,1.7,upi,regular,9.6,0,1
250.05,26,0.4754,0,insufficient_funds,2,240,trialing,0.1,netbanking,regular,8.1,1,1
14032.04,11,0.7273,1,card_expired,0,181,active,5.7,card,starter,5.3,0,1
5139.2,15,0.6433,0,authentication_failed,0,49,paused,6.1,card,enterprise,6.6,1,1
2141.91,22,0.775,1,insufficient_funds,1,127,active,3.2,netbanking,regular,8.7,0,1
1614.98,10,0.8761,3,insufficient_funds,1,76,active,4.1,netbanking,regular,6.3,0,1
245.23,3,0.7441,2,authentication_failed,3,82,trialing,1.0,card,regular,3.1,1,1
1542.48,19,0.4846,1,card_expired,1,4,active,4.4,upi,regular,1.9,0,1
940.92,13,0.9782,3,insufficient_funds,0,440,trialing,7.4,wallet,regular,10.4,0,1
4935.89,5,0.8055,1,network_error,2,8,active,0.8,upi,regular,4.5,0,1
1110.88,11,0.7299,2,insufficient_funds,4,364,active,5.6,upi,regular,2.4,1,1
3960.56,19,0.5065,1,authentication_failed,1,47,active,4.3,card,enterprise,2.5,0,1
4659.41,35,0.8607,3,authentication_failed,1,679,past_due,2.2,card,regular,2.8,1,1
1969.41,28,0.7059,4,gateway_timeout,2,409,active,0.1,wallet,regular,1.5,0,1
378.47,3,0.9653,1,authentication_failed,1,31,past_due,7.0,card,regular,1.3,0,1
389.83,5,0.8717,0,insufficient_funds,0,407,active,1.7,upi,enterprise,4.1,1,1
333.5,1,0.7584,1,network_error,0,111,past_due,0.2,upi,enterprise,0.2,1,1
6918.56,2,0.8242,3,authentication_failed,0,614,past_due,5.5,upi,regular,0.3,1,1
2113.7,20,0.7326,2,insufficient_funds,2,178,canceled,9.8,upi,enterprise,10.1,1,1
8155.54,4,0.8055,2,insufficient_funds,1,331,active,1.8,netbanking,enterprise,1.2,0,0
3025.82,9,0.8357,3,authentication_failed,1,6,active,3.4,card,regular,0.2,1,1
3216.52,10,0.46,1,insufficient_funds,1,15,past_due,2.2,wallet,enterprise,23.7,0,1
3796.25,14,0.9264,1,gateway_timeout,1,1,active,1.5,wallet,regular,1.2,0,1
6441.91,1,0.6742,3,authentication_failed,4,9,unpaid,7.5,card,regular,3.3,0,0
1797.6,3,0.9781,1,insufficient_funds,0,201,past_due,0.3,card,regular,9.4,0,1
848.19,5,0.6606,0,insufficient_funds,1,383,past_due,1.0,upi,regular,6.3,0,0
4260.3,4,0.7796,2,authentication_failed,2,14,canceled,0.7,upi,vip,2.1,1,1
2179.88,38,0.679,1,card_expired,0,80,active,9.7,wallet,regular,0.8,0,1
3121.39,17,0.7247,1,authentication_failed,0,155,unpaid,6.4,netbanking,enterprise,4.7,0,1
5405.68,6,0.853,2,network_error,3,177,active,5.6,card,regular,3.0,1,1
3607.34,20,0.7667,3,gateway_timeout,4,274,active,15.6,upi,enterprise,0.3,0,0
5041.59,4,0.863,1,authentication_failed,1,20,trialing,0.6,card,enterprise,3.0,0,1
4128.51,14,0.7713,1,authentication_failed,1,365,past_due,2.4,upi,vip,0.8,1,1
6931.45,2,0.6532,5,gateway_timeout,1,40,active,5.5,upi,regular,4.3,1,1
6319.8,14,0.6579,5,insufficient_funds,2,134,active,4.7,card,regular,25.8,1,1
4019.89,5,0.2532,0,insufficient_funds,4,84,past_due,0.8,wallet,starter,0.4,1,0
5880.06,1,0.7147,1,insufficient_funds,0,170,active,5.5,card,starter,5.5,1,1
10539.92,3,0.8218,5,authentication_failed,0,59,trialing,2.4,card,enterprise,16.2,0,1
3030.56,4,0.8622,2,gateway_timeout,4,314,active,7.2,wallet,starter,1.8,0,1
2861.63,13,0.8014,2,insufficient_funds,1,238,active,0.7,upi,regular,4.8,1,1
7424.82,0,0.6536,2,insufficient_funds,0,249,active,4.3,card,starter,19.7,0,0
4568.0,10,0.6884,0,insufficient_funds,3,318,canceled,0.3,upi,starter,4.7,1,1
568.27,11,0.7068,1,insufficient_funds,0,60,past_due,0.7,card,enterprise,9.4,0,0
11333.31,10,0.6699,4,network_error,1,210,active,2.9,upi,starter,21.4,0,1
356.33,13,0.4596,2,network_error,2,205,active,1.0,card,enterprise,12.3,1,1
7099.5,1,0.6839,4,insufficient_funds,3,268,past_due,3.1,upi,regular,11.4,1,1
7310.52,8,0.7055,1,card_expired,0,380,active,4.9,upi,regular,6.7,0,1
15499.87,26,0.4597,1,insufficient_funds,1,576,paused,4.2,wallet,regular,2.9,0,1
478.27,8,0.7548,1,authentication_failed,2,33,active,6.2,card,vip,3.7,1,1
4742.32,8,0.5441,1,authentication_failed,1,32,canceled,1.3,wallet,regular,0.6,0,1
2991.69,12,0.4024,1,gateway_timeout,0,31,trialing,12.0,card,regular,1.6,1,0
2207.11,3,0.7983,1,authentication_failed,1,557,active,2.2,upi,regular,1.5,1,1
673.3,11,0.8903,0,insufficient_funds,3,106,active,0.4,card,vip,3.0,1,1
4335.15,23,0.956,1,insufficient_funds,3,276,paused,5.3,wallet,regular,6.3,0,0
3460.42,0,0.8632,2,insufficient_funds,2,114,active,4.3,upi,enterprise,0.9,0,1
752.17,19,0.8893,1,network_error,0,162,trialing,1.8,card,enterprise,4.5,0,1
4940.06,2,0.6117,2,insufficient_funds,0,244,past_due,2.7,netbanking,regular,12.5,0,0
6896.16,5,0.7159,0,gateway_timeout,0,138,active,6.6,upi,regular,2.1,0,1
7489.56,18,0.846,2,insufficient_funds,0,24,paused,5.3,upi,regular,2.4,0,0
11989.07,16,0.819,1,gateway_timeout,0,216,active,0.5,card,regular,0.8,0,1
2833.68,21,0.7889,2,insufficient_funds,0,542,active,0.8,netbanking,regular,5.4,0,1
15495.79,26,0.7537,1,insufficient_funds,0,181,past_due,2.2,card,vip,3.9,1,1
10228.33,5,0.5862,0,card_expired,1,598,active,2.9,upi,regular,7.0,1,1
1958.45,10,0.8366,3,insufficient_funds,0,217,active,11.7,card,starter,16.9,0,0
1067.5,4,0.8095,2,card_expired,5,279,paused,0.4,wallet,regular,6.6,1,1
3058.09,4,0.3563,0,authentication_failed,1,95,active,1.4,card,starter,1.0,0,0
2769.98,5,0.9455,2,gateway_timeout,1,136,active,2.5,upi,starter,7.2,0,1
4486.8,12,0.731,1,insufficient_funds,4,234,active,24.0,upi,regular,8.8,0,1
4577.98,6,0.5949,4,gateway_timeout,2,397,unpaid,5.6,card,regular,7.2,1,1
7131.21,15,0.8277,2,card_expired,2,317,active,8.3,upi,regular,15.9,1,1
3765.63,12,0.7845,2,insufficient_funds,4,267,past_due,1.7,upi,enterprise,0.8,0,1
753.67,0,0.7084,3,card_expired,2,750,active,3.3,upi,regular,1.9,1,1
9969.91,9,0.7924,1,authentication_failed,3,12,active,9.5,upi,regular,2.1,1,1
2053.61,5,0.6406,1,insufficient_funds,3,557,active,3.5,card,regular,5.2,1,1
17953.85,5,0.9768,1,card_expired,1,140,canceled,6.1,upi,regular,7.3,0,0
827.02,16,0.4823,2,insufficient_funds,0,50,active,3.8,card,regular,2.0,0,1
16080.42,7,0.5193,2,card_expired,2,29,active,4.9,card,regular,20.0,0,0
677.12,20,0.6384,2,insufficient_funds,2,983,active,0.6,netbanking,enterprise,9.1,1,1
1513.56,11,0.7488,2,gateway_timeout,1,779,active,4.0,card,enterprise,2.8,0,1
438.5,7,0.9065,3,gateway_timeout,2,1119,active,2.3,card,regular,0.8,1,1
6305.82,13,0.7158,0,authentication_failed,3,230,trialing,1.1,upi,regular,2.8,0,1
9695.57,0,0.4678,2,card_expired,1,177,canceled,0.5,upi,regular,6.8,0,0
3046.43,0,0.9257,2,insufficient_funds,1,280,past_due,0.9,wallet,regular,1.5,0,0
13391.83,0,0.6481,4,card_expired,3,101,active,5.6,netbanking,enterprise,2.4,1,1
4661.64,5,0.7671,1,authentication_failed,1,94,past_due,4.0,upi,regular,0.8,1,1
5171.36,2,0.3209,1,insufficient_funds,2,205,active,2.0,upi,enterprise,9.6,0,1
9535.19,39,0.7355,1,authentication_failed,2,508,paused,3.9,upi,regular,9.5,0,1
1960.57,7,0.7706,0,card_expired,0,814,past_due,6.5,upi,regular,1.3,1,1
2386.84,10,0.9736,0,insufficient_funds,5,105,active,8.0,upi,enterprise,3.7,1,1
12019.75,3,0.6955,0,gateway_timeout,2,574,active,1.7,netbanking,enterprise,0.2,0,1
11761.33,3,0.8563,2,authentication_failed,2,35,active,2.0,card,vip,11.7,1,1
18950.11,3,0.7947,1,insufficient_funds,0,38,active,2.0,card,enterprise,10.3,0,1
11805.7,11,0.774,0,card_expired,0,772,trialing,2.1,card,regular,6.5,1,1
881.23,6,0.7307,0,authentication_failed,0,677,past_due,0.8,card,regular,21.7,0,1
8878.53,6,0.838,0,gateway_timeout,0,32,active,17.3,wallet,regular,8.8,1,1
2836.8,8,0.8105,2,authentication_failed,3,610,past_due,0.6,card,starter,1.8,1,1
23643.5,13,0.6601,2,insufficient_funds,2,165,trialing,0.6,netbanking,regular,2.7,0,0
3395.96,0,0.7356,2,network_error,0,455,active,5.5,upi,regular,10.6,1,1
4235.34,14,0.4273,1,insufficient_funds,0,87,past_due,0.8,card,regular,3.8,1,1
3972.72,7,0.8978,0,authentication_failed,0,306,trialing,0.8,card,starter,7.7,1,1
2141.1,10,0.8922,1,insufficient_funds,1,529,unpaid,2.1,card,regular,1.4,0,1
589.93,3,0.5936,0,insufficient_funds,1,401,canceled,11.1,upi,enterprise,3.7,0,0
11500.08,4,0.5689,1,insufficient_funds,0,110,canceled,0.8,wallet,regular,3.0,0,0
8314.54,2,0.7299,3,gateway_timeout,0,22,trialing,8.7,card,regular,0.1,0,1
951.36,36,0.9629,2,insufficient_funds,0,478,active,9.3,card,regular,0.6,0,1
7697.72,6,0.8213,2,authentication_failed,1,118,past_due,0.1,upi,enterprise,5.8,1,0
5115.45,52,0.648,0,authentication_failed,1,228,active,1.1,card,starter,6.3,1,1
2830.91,6,0.4438,0,card_expired,1,4,active,2.3,card,regular,2.3,0,1
1665.29,2,0.5043,1,gateway_timeout,1,868,active,1.1,card,enterprise,0.6,1,1
10020.89,6,0.6442,1,gateway_timeout,4,37,past_due,0.5,upi,starter,0.1,1,1
6223.0,0,0.75,0,network_error,2,262,active,2.5,upi,regular,6.1,0,1
4167.49,22,0.6097,1,authentication_failed,1,414,active,1.4,card,regular,4.5,0,1
4902.51,16,0.5473,2,card_expired,1,29,active,0.4,upi,regular,5.5,0,1
677.41,12,0.9851,0,card_expired,1,212,active,2.2,upi,regular,0.9,0,1
3411.51,8,0.5474,0,card_expired,0,820,active,7.7,card,regular,0.6,1,1
1276.5,8,0.8403,1,insufficient_funds,3,600,active,3.2,upi,regular,3.0,1,1
1368.39,54,0.4416,1,card_expired,1,80,active,2.6,wallet,starter,1.1,0,0
5613.26,3,0.6959,1,authentication_failed,1,813,active,4.2,upi,regular,2.9,1,1
12310.01,14,0.6726,1,insufficient_funds,0,831,unpaid,1.1,card,vip,7.9,0,1
2785.53,8,0.8471,1,insufficient_funds,0,152,active,1.2,card,starter,1.1,1,0
1364.39,35,0.7818,1,gateway_timeout,4,43,active,1.5,card,starter,2.1,1,1
5431.24,16,0.8981,1,insufficient_funds,0,18,canceled,3.2,upi,regular,7.3,0,1
10446.97,61,0.5892,1,insufficient_funds,0,150,active,1.7,upi,enterprise,2.6,1,1
7097.96,8,0.5596,2,authentication_failed,1,193,active,4.9,card,regular,4.2,1,1
10353.53,2,0.7401,1,insufficient_funds,0,76,active,1.3,card,enterprise,1.2,1,1
4045.33,6,0.6044,0,insufficient_funds,0,1,past_due,4.1,card,regular,10.2,1,0
7169.14,11,0.4024,0,gateway_timeout,5,37,past_due,0.1,upi,enterprise,1.9,0,0
954.49,14,0.9205,3,gateway_timeout,1,69,active,4.4,upi,regular,3.1,0,1
2340.66,0,0.8561,3,network_error,1,94,paused,4.1,card,enterprise,1.1,1,1
2667.79,6,0.4673,2,gateway_timeout,1,135,active,7.0,card,regular,1.2,1,1
3779.99,2,0.9774,1,insufficient_funds,2,317,active,4.8,upi,regular,2.9,0,1
13430.76,19,0.3797,0,authentication_failed,2,382,active,0.2,netbanking,enterprise,1.1,1,1
10569.15,1,0.4921,2,authentication_failed,1,108,past_due,7.9,card,regular,25.0,1,0
922.39,10,0.8405,2,insufficient_funds,0,632,active,0.8,card,regular,4.1,0,1
1148.48,2,0.6077,5,network_error,0,49,active,3.1,card,regular,0.3,0,1
2413.04,4,0.8146,1,insufficient_funds,1,98,active,1.3,netbanking,regular,0.5,0,1
1917.69,26,0.5229,3,authentication_failed,2,39,paused,0.1,card,regular,3.1,0,1
4969.59,2,0.7486,4,authentication_failed,0,280,past_due,0.5,netbanking,starter,0.3,0,0
11853.69,0,0.7248,1,network_error,3,62,past_due,0.6,upi,starter,6.9,0,1
16589.35,0,0.8448,0,network_error,2,286,active,3.2,card,regular,6.1,1,1
5500.85,6,0.8291,1,network_error,0,11,active,7.6,card,enterprise,7.1,1,1
9305.71,9,0.6171,0,network_error,1,59,active,14.1,card,enterprise,7.0,0,1
3924.33,3,0.5832,0,insufficient_funds,0,165,active,9.0,upi,enterprise,1.0,0,1
1368.03,11,0.8373,1,authentication_failed,0,375,past_due,2.4,upi,enterprise,11.2,0,1
3918.92,0,0.9231,2,insufficient_funds,1,44,active,14.2,upi,regular,9.1,0,1
4249.33,18,0.7403,2,card_expired,0,61,paused,0.2,upi,regular,3.9,1,1
6982.85,16,0.6794,0,authentication_failed,2,236,canceled,7.0,card,regular,1.4,0,0
1441.56,40,0.7604,0,gateway_timeout,0,424,trialing,1.4,upi,regular,11.7,1,1
2496.79,26,0.5408,3,insufficient_funds,2,207,past_due,10.0,upi,regular,7.3,1,1
2463.0,4,0.7184,7,insufficient_funds,0,239,past_due,5.0,card,vip,0.0,1,1
16224.81,4,0.481,0,insufficient_funds,1,984,past_due,5.4,wallet,enterprise,2.5,1,1
3134.44,13,0.7908,0,gateway_timeout,3,395,canceled,1.7,netbanking,enterprise,2.4,1,1
7234.4,1,0.6087,2,insufficient_funds,0,154,active,0.3,card,regular,4.5,1,1
7147.73,3,0.7371,0,gateway_timeout,0,23,active,1.5,card,regular,1.5,0,1
1743.13,1,0.6661,0,authentication_failed,2,535,active,3.2,card,vip,11.4,0,1
4441.64,5,0.4489,0,insufficient_funds,0,416,active,9.8,card,enterprise,0.8,1,1
11435.89,7,0.8064,0,insufficient_funds,0,140,past_due,7.9,netbanking,enterprise,1.5,1,1
3423.67,2,0.7588,1,network_error,4,404,canceled,2.3,upi,regular,1.4,0,1
14712.8,0,0.8566,0,gateway_timeout,0,326,canceled,0.2,netbanking,enterprise,0.8,1,0
1406.91,12,0.8345,0,authentication_failed,3,56,past_due,6.0,card,starter,2.2,0,1
585.26,0,0.3578,1,authentication_failed,0,49,canceled,11.1,card,regular,1.3,1,1
11302.9,34,0.771,1,insufficient_funds,1,381,canceled,4.4,card,enterprise,3.6,0,1
9608.9,2,0.634,0,insufficient_funds,3,206,active,0.3,card,regular,13.9,0,0
24724.54,10,0.7876,3,card_expired,0,148,active,0.1,card,regular,0.2,1,1
5887.7,5,0.8645,0,network_error,2,116,trialing,11.6,card,starter,7.6,0,1
13998.4,0,0.7497,0,authentication_failed,0,318,paused,9.6,card,regular,8.9,0,1
8970.85,6,0.764,2,insufficient_funds,0,130,active,0.4,upi,vip,0.4,0,1
9503.18,6,0.4095,2,insufficient_funds,0,4,trialing,2.5,wallet,starter,2.2,1,1
4409.88,18,0.5402,2,insufficient_funds,0,94,active,0.6,netbanking,starter,9.8,1,1
2609.28,12,0.8846,2,gateway_timeout,0,590,active,2.3,card,regular,4.4,1,1
13832.96,0,0.4941,1,authentication_failed,1,116,active,1.4,wallet,regular,4.0,1,0
3029.2,2,0.8535,0,network_error,0,11,past_due,5.8,netbanking,regular,2.0,1,1
4069.83,3,0.8384,8,insufficient_funds,1,328,canceled,13.5,upi,enterprise,0.4,1,0
3153.98,1,0.7119,5,insufficient_funds,1,81,active,0.5,upi,vip,1.9,1,1
4359.96,5,0.8626,5,network_error,0,16,past_due,2.4,card,regular,0.2,0,1
3379.16,39,0.5021,1,authentication_failed,0,401,active,7.0,upi,regular,1.9,1,1
445.78,6,0.7182,3,insufficient_funds,0,2,active,7.4,netbanking,starter,13.0,1,1
10887.4,12,0.7009,1,insufficient_funds,1,44,canceled,1.7,upi,starter,8.5,1,0
3138.48,10,0.7418,0,insufficient_funds,0,56,trialing,3.2,upi,enterprise,1.0,0,1
4645.12,18,0.8297,1,network_error,0,292,active,5.0,card,enterprise,2.7,0,1
949.39,2,0.4701,2,insufficient_funds,4,30,active,14.9,netbanking,regular,7.5,0,1
216.97,13,0.6564,4,network_error,4,306,active,5.7,upi,starter,16.6,0,1
1607.11,20,0.7764,4,insufficient_funds,0,96,active,5.3,netbanking,regular,4.2,1,1
6296.89,1,0.4354,0,network_error,2,180,active,8.8,card,regular,1.8,0,1
722.33,4,0.855,0,card_expired,0,424,active,8.3,card,regular,3.8,1,0
12178.3,33,0.5481,1,insufficient_funds,3,146,active,1.2,upi,enterprise,15.6,0,1
1410.5,14,0.5557,3,insufficient_funds,0,42,paused,7.2,upi,enterprise,6.4,0,1
1344.51,3,0.4817,0,network_error,2,37,active,0.8,upi,vip,0.0,0,1
1201.46,7,0.5257,1,gateway_timeout,1,122,active,0.8,wallet,enterprise,6.5,0,1
270.4,4,0.7567,2,card_expired,1,42,active,0.4,upi,regular,6.1,0,1
7587.78,6,0.7388,3,authentication_failed,0,249,active,4.0,upi,starter,8.0,1,1
10598.59,4,0.5569,0,insufficient_funds,1,227,trialing,1.6,upi,regular,6.6,0,0
4961.7,3,0.8349,3,card_expired,0,311,active,0.9,card,regular,1.6,1,1
1242.51,10,0.7428,1,gateway_timeout,4,232,active,1.5,upi,enterprise,20.4,0,1
1879.31,14,0.983,3,authentication_failed,1,112,active,3.9,card,regular,5.0,1,1
3430.62,19,0.6864,0,gateway_timeout,0,228,active,13.8,upi,regular,9.2,0,1
15633.31,1,0.9047,1,insufficient_funds,0,501,active,0.6,card,enterprise,0.0,0,1
1620.78,16,0.679,1,network_error,0,11,active,1.2,upi,starter,1.6,1,1
6777.24,2,0.6289,1,insufficient_funds,2,25,active,4.7,upi,regular,11.0,1,1
3094.17,5,0.496,2,gateway_timeout,5,957,unpaid,0.9,upi,enterprise,0.3,1,0
1968.02,21,0.926,1,authentication_failed,1,366,active,9.7,card,enterprise,1.8,0,1
3243.26,5,0.8559,3,authentication_failed,2,19,past_due,3.4,netbanking,regular,0.3,1,1
569.35,2,0.625,2,insufficient_funds,1,703,canceled,3.6,wallet,regular,0.7,1,0
8214.48,1,0.5343,0,insufficient_funds,1,714,active,12.3,netbanking,starter,3.0,0,0
1593.95,6,0.9172,1,insufficient_funds,0,284,active,5.1,upi,enterprise,2.1,0,1
6662.42,13,0.7452,1,insufficient_funds,3,629,active,2.1,upi,regular,13.4,0,1
553.98,55,0.8335,1,insufficient_funds,2,105,active,4.3,card,regular,1.7,1,1
15716.43,14,0.7124,2,insufficient_funds,3,130,past_due,0.5,card,enterprise,6.9,0,1
1272.25,19,0.8028,1,authentication_failed,0,146,active,4.2,netbanking,enterprise,0.8,1,1
10916.9,13,0.6989,2,insufficient_funds,0,619,trialing,4.9,upi,regular,0.0,1,1
8489.81,21,0.6505,1,insufficient_funds,0,708,past_due,0.8,card,regular,2.8,0,0
17388.26,0,0.7014,1,card_expired,0,227,canceled,5.3,card,enterprise,5.6,1,0
3449.39,25,0.7314,5,insufficient_funds,3,590,active,0.4,card,enterprise,7.1,1,1
6698.7,4,0.6915,3,insufficient_funds,3,485,trialing,0.9,upi,vip,0.3,0,1
2515.82,24,0.6047,3,insufficient_funds,1,139,trialing,2.5,card,regular,4.5,0,0
1218.96,0,0.8172,2,authentication_failed,0,304,active,5.0,card,regular,1.0,1,1
3126.63,11,0.8098,0,card_expired,4,51,active,3.8,upi,enterprise,3.6,1,1
1106.1,12,0.6215,1,insufficient_funds,0,41,past_due,0.8,upi,starter,11.1,1,1
20299.33,54,0.5421,1,authentication_failed,2,284,active,0.2,upi,enterprise,0.2,1,1
705.99,13,0.5535,0,insufficient_funds,0,144,active,2.2,card,vip,4.7,0,1
4648.39,4,0.7548,3,insufficient_funds,1,298,past_due,4.4,card,regular,2.9,1,1
5123.7,7,0.9708,0,authentication_failed,2,396,trialing,1.7,upi,regular,0.4,0,1
4061.81,4,0.6223,2,gateway_timeout,0,136,active,1.7,upi,enterprise,8.5,0,1
5626.3,2,0.6357,3,authentication_failed,1,757,paused,3.7,upi,regular,18.9,1,1
817.51,2,0.6604,0,insufficient_funds,1,617,active,2.7,card,regular,8.3,0,1
4248.61,2,0.6167,0,network_error,0,26,trialing,9.0,upi,regular,1.5,0,1
1892.86,7,0.7162,2,insufficient_funds,4,37,paused,2.2,card,enterprise,1.8,0,0
14281.75,22,0.6242,0,authentication_failed,1,36,active,0.8,upi,starter,6.4,0,1
7378.93,23,0.5273,2,gateway_timeout,1,188,past_due,0.7,upi,regular,4.8,0,0
18170.48,0,0.9229,6,insufficient_funds,1,159,active,0.1,card,starter,2.1,1,1
391.4,0,0.9519,3,insufficient_funds,2,538,active,1.1,card,regular,1.4,0,1
1878.3,2,0.894,1,insufficient_funds,0,116,active,3.9,card,regular,2.1,1,1
1287.19,2,0.8359,0,network_error,0,153,trialing,1.1,upi,enterprise,7.0,0,1
256.09,0,0.6486,2,network_error,0,530,past_due,2.5,card,regular,8.2,1,1
1587.51,4,0.823,3,insufficient_funds,5,201,trialing,0.2,upi,vip,2.1,1,1
5878.08,8,0.6332,0,insufficient_funds,0,230,active,1.7,netbanking,starter,4.4,1,0
1513.9,8,0.915,3,insufficient_funds,1,32,active,3.9,upi,regular,0.3,1,1
3756.59,7,0.5958,2,card_expired,1,8,active,7.6,card,regular,2.2,1,1
11138.17,3,0.8774,0,insufficient_funds,2,389,active,0.8,upi,starter,3.8,0,1
6116.9,11,0.8689,2,insufficient_funds,0,86,past_due,0.8,card,regular,12.8,1,1
2709.57,16,0.9213,0,gateway_timeout,0,175,active,2.8,wallet,regular,0.3,0,1
2529.81,4,0.7816,0,card_expired,2,470,active,5.6,upi,regular,7.4,1,1
3241.6,0,0.7701,2,authentication_failed,4,130,canceled,2.4,card,vip,4.6,0,1
1174.25,3,0.8742,2,insufficient_funds,5,672,past_due,0.2,card,regular,1.8,0,0
5225.62,1,0.8752,2,card_expired,0,282,active,3.4,card,regular,6.7,1,1
2463.99,5,0.8319,2,insufficient_funds,0,16,active,6.0,upi,vip,0.7,0,1
9765.07,1,0.7737,1,gateway_timeout,1,33,trialing,0.7,wallet,enterprise,5.7,1,1
7264.27,5,0.6516,1,insufficient_funds,0,420,trialing,15.5,card,enterprise,0.1,1,1
4914.63,2,0.7388,0,authentication_failed,1,1183,paused,1.5,card,regular,1.3,0,1
2464.37,12,0.9419,0,insufficient_funds,4,47,active,5.5,upi,regular,1.6,0,1
1378.18,0,0.8538,0,insufficient_funds,2,204,past_due,0.3,upi,regular,0.4,0,0
7683.94,7,0.8784,0,gateway_timeout,0,140,active,4.0,netbanking,regular,1.6,1,1
3531.64,1,0.741,4,card_expired,0,111,past_due,4.0,upi,enterprise,7.3,1,1
1472.85,0,0.883,2,card_expired,1,332,past_due,4.6,netbanking,regular,0.1,1,1
1285.65,19,0.6846,2,insufficient_funds,0,5,past_due,2.1,upi,regular,3.2,0,0
1104.02,10,0.7462,2,network_error,0,287,active,9.8,card,regular,3.6,0,1
7706.53,0,0.6679,0,authentication_failed,1,33,past_due,2.4,card,enterprise,7.1,1,1
1500.25,10,0.7185,2,insufficient_funds,0,126,active,5.8,upi,regular,12.5,0,1
3939.52,8,0.7458,2,gateway_timeout,0,121,active,4.3,upi,regular,6.7,1,1
3203.26,6,0.259,3,insufficient_funds,0,97,canceled,3.5,upi,regular,5.9,1,1
4532.87,5,0.4448,3,insufficient_funds,3,761,canceled,3.9,upi,starter,6.0,1,0
10684.16,20,0.75,0,gateway_timeout,2,264,past_due,7.7,upi,enterprise,0.6,1,1
10315.21,2,0.8503,1,authentication_failed,0,126,trialing,10.8,upi,regular,8.4,0,1
3198.98,4,0.8326,0,insufficient_funds,1,32,active,6.6,wallet,starter,0.4,1,1
277.43,3,0.8733,3,network_error,1,27,active,3.9,upi,regular,0.8,1,1
2979.5,13,0.8542,4,insufficient_funds,0,299,past_due,1.7,upi,enterprise,3.2,1,1
4859.48,23,0.6325,1,insufficient_funds,0,48,past_due,2.1,netbanking,enterprise,17.6,1,1
4279.57,17,0.7649,2,card_expired,1,289,canceled,1.1,card,enterprise,6.9,0,1
5468.23,15,0.6983,2,card_expired,1,784,active,1.4,upi,enterprise,0.5,0,1
1036.63,41,0.6782,0,gateway_timeout,1,339,trialing,12.2,card,regular,0.3,1,1
5399.86,11,0.6917,3,authentication_failed,2,153,trialing,1.8,upi,regular,4.7,1,1
1208.45,13,0.406,5,card_expired,0,266,active,3.6,card,regular,0.5,0,1
7141.96,38,0.5182,2,gateway_timeout,4,39,active,0.1,card,enterprise,1.1,0,1
2270.67,0,0.9764,1,network_error,2,127,active,2.2,upi,regular,6.6,1,1
6387.57,9,0.8034,1,authentication_failed,3,191,active,7.5,card,enterprise,4.6,0,1
445.25,12,0.3614,0,insufficient_funds,1,101,active,10.4,card,regular,0.9,1,0
2820.06,23,0.5421,0,insufficient_funds,0,209,active,3.2,netbanking,regular,1.3,1,1
6304.48,20,0.6586,0,insufficient_funds,1,46,active,2.7,upi,enterprise,1.9,0,0
1486.54,17,0.9247,1,card_expired,1,389,active,0.1,card,enterprise,7.0,1,1
8130.73,27,0.665,3,insufficient_funds,0,115,active,2.4,upi,regular,2.3,1,1
5181.81,7,0.838,3,gateway_timeout,4,63,active,2.3,card,vip,5.7,1,1
4628.34,0,0.7091,4,insufficient_funds,0,171,active,4.0,upi,enterprise,6.3,0,1
2381.29,0,0.6258,0,authentication_failed,0,231,past_due,3.7,upi,regular,4.0,0,1
3493.26,7,0.888,1,insufficient_funds,1,177,active,7.2,upi,starter,7.1,0,1
4748.43,5,0.4852,1,network_error,0,17,active,0.1,card,starter,0.7,1,0
3397.67,5,0.7719,1,insufficient_funds,2,102,active,2.1,upi,enterprise,4.1,0,1
6191.83,4,0.6724,0,authentication_failed,0,60,active,1.3,upi,regular,12.8,0,1
3043.13,23,0.9408,1,authentication_failed,0,402,canceled,6.9,upi,regular,2.0,0,1
1329.95,4,0.6188,2,insufficient_funds,2,840,active,12.0,upi,regular,0.6,0,1
1403.57,18,0.7546,2,insufficient_funds,0,276,active,3.0,upi,regular,1.9,0,1
229.1,22,0.7433,1,insufficient_funds,1,653,active,5.7,netbanking,starter,2.0,1,1
1990.22,6,0.8509,0,insufficient_funds,1,416,active,9.5,netbanking,regular,11.9,1,1
7109.87,5,0.7679,2,insufficient_funds,5,15,active,2.5,upi,starter,14.8,0,0
8103.35,13,0.8739,0,authentication_failed,0,448,active,2.9,card,starter,5.1,0,1
1331.16,11,0.4505,0,insufficient_funds,0,309,paused,5.2,card,regular,4.0,1,1
16176.28,3,0.6697,5,insufficient_funds,0,72,active,30.0,upi,regular,2.2,0,0
3689.82,1,0.4481,0,insufficient_funds,0,97,active,5.2,upi,regular,4.4,1,1
12643.29,2,0.6584,1,insufficient_funds,1,358,active,3.0,netbanking,starter,0.6,1,1
6333.91,1,0.6248,1,insufficient_funds,1,666,active,0.7,netbanking,regular,9.0,0,1
6608.47,3,0.5631,4,gateway_timeout,1,59,active,4.6,wallet,enterprise,0.0,1,1
644.39,2,0.7178,2,insufficient_funds,2,368,trialing,4.2,card,regular,0.8,1,1
1442.25,9,0.3578,0,insufficient_funds,1,336,canceled,3.0,card,regular,2.5,1,1
244.27,29,0.6564,4,insufficient_funds,2,385,active,2.0,card,starter,1.1,1,1
6496.15,10,0.546,1,gateway_timeout,0,173,active,1.2,upi,vip,4.6,1,1
2311.31,24,0.7314,0,insufficient_funds,1,10,active,7.6,card,starter,17.1,1,1
7924.17,14,0.9796,2,insufficient_funds,2,36,active,3.1,upi,regular,11.3,0,1
2269.52,12,0.9177,2,network_error,1,138,active,5.4,wallet,starter,10.7,1,1
8755.52,5,0.8125,2,authentication_failed,2,321,active,3.3,wallet,enterprise,0.6,0,1
900.32,3,0.4597,1,gateway_timeout,0,444,active,14.8,netbanking,starter,3.9,0,0
1152.01,17,0.4346,1,card_expired,1,393,active,3.9,card,starter,18.9,0,0
2284.22,22,0.7845,2,insufficient_funds,3,298,active,0.1,upi,enterprise,3.6,1,1
2825.36,5,0.737,2,card_expired,0,438,past_due,2.3,upi,starter,1.9,1,0
2343.95,0,0.9157,1,gateway_timeout,3,211,active,5.6,card,enterprise,0.9,1,1
7412.14,14,0.6333,2,insufficient_funds,5,1,active,7.8,card,regular,5.0,1,0
709.89,3,0.9267,1,insufficient_funds,0,250,active,6.2,upi,regular,3.5,0,1
2363.29,0,0.5761,2,authentication_failed,0,499,unpaid,4.1,upi,regular,0.6,1,1
9277.39,15,0.6849,0,insufficient_funds,0,175,active,1.0,card,regular,2.5,0,1
545.66,6,0.8123,1,insufficient_funds,1,244,active,0.4,card,regular,5.0,0,1
14466.26,10,0.9352,4,network_error,2,516,trialing,1.7,upi,regular,3.0,1,1
21657.95,23,0.6983,1,insufficient_funds,0,556,past_due,3.3,card,starter,6.7,0,1
663.69,7,0.8742,0,authentication_failed,2,334,active,3.9,upi,regular,3.8,0,1
1921.42,6,0.5581,2,gateway_timeout,0,76,active,1.9,upi,enterprise,12.4,1,1
2529.27,3,0.8862,2,authentication_failed,0,24,active,3.1,card,regular,0.5,1,1
7689.29,3,0.5218,0,network_error,1,82,active,0.5,upi,starter,0.8,1,1
4730.8,15,0.5205,1,authentication_failed,0,960,active,7.6,wallet,regular,0.7,1,1
5369.26,5,0.6812,2,authentication_failed,0,176,canceled,3.7,upi,starter,3.4,1,0
7283.97,1,0.7166,1,authentication_failed,1,409,canceled,0.4,upi,regular,2.4,0,0
827.7,0,0.8872,2,network_error,1,75,active,0.5,card,vip,4.5,1,1
9155.08,6,0.4475,2,insufficient_funds,3,480,active,6.7,upi,regular,5.4,1,1
6314.42,5,0.8384,0,card_expired,4,94,active,1.1,card,enterprise,0.7,0,1
4505.96,10,0.9111,0,insufficient_funds,1,890,active,1.3,upi,enterprise,3.6,1,1
11224.36,6,0.9609,0,gateway_timeout,1,215,active,0.8,upi,enterprise,5.8,0,1
6224.97,1,0.6585,1,authentication_failed,2,541,active,1.0,card,regular,4.1,0,1
1326.35,6,0.9386,2,authentication_failed,3,1,active,0.6,wallet,starter,9.2,1,1
3008.36,22,0.7604,3,insufficient_funds,0,104,active,2.0,netbanking,regular,8.3,0,1
3606.52,1,0.9834,5,gateway_timeout,0,122,active,0.3,upi,enterprise,3.2,0,0
484.0,11,0.6213,1,gateway_timeout,1,270,canceled,8.2,card,enterprise,2.1,1,1
15665.35,8,0.3564,0,card_expired,0,196,active,3.7,card,enterprise,2.8,0,1
888.14,13,0.5611,2,network_error,1,283,past_due,1.5,upi,enterprise,16.0,1,1
6177.73,1,0.2678,1,insufficient_funds,1,143,active,1.6,card,regular,8.5,0,1
3728.44,26,0.5679,0,gateway_timeout,2,76,past_due,3.1,card,regular,8.1,0,1
329.83,9,0.6296,2,authentication_failed,2,740,active,0.4,upi,starter,4.5,1,1
13134.53,17,0.7927,2,insufficient_funds,5,59,paused,16.6,wallet,regular,3.0,1,0
9747.2,2,0.4978,1,insufficient_funds,3,462,active,5.1,upi,regular,16.2,0,0
3914.4,12,0.2957,0,insufficient_funds,0,577,active,1.0,netbanking,regular,0.1,0,1
1499.96,14,0.7088,3,insufficient_funds,0,81,active,7.2,card,regular,0.9,1,1
848.4,4,0.7218,1,authentication_failed,0,219,active,3.6,card,starter,4.9,1,1
2458.01,4,0.7193,0,insufficient_funds,0,336,past_due,6.2,upi,regular,0.9,0,0
1674.73,10,0.5528,1,insufficient_funds,1,521,active,7.9,upi,regular,0.0,0,1
3733.1,0,0.6994,0,network_error,0,448,active,4.1,card,regular,1.4,0,1
17167.53,12,0.7014,1,insufficient_funds,0,426,active,4.5,wallet,starter,0.9,0,1
4477.78,0,0.8245,2,insufficient_funds,2,19,active,7.0,card,enterprise,13.4,1,1
11233.24,2,0.6666,1,gateway_timeout,1,944,paused,3.3,card,regular,6.9,1,1
5461.68,10,0.4404,1,insufficient_funds,1,185,past_due,2.5,upi,enterprise,3.9,0,1
3424.13,0,0.6657,3,insufficient_funds,2,93,trialing,5.0,netbanking,regular,2.7,1,1
9841.59,33,0.732,2,network_error,1,55,past_due,2.0,upi,starter,3.5,0,1
3387.31,19,0.5103,2,insufficient_funds,1,813,trialing,2.5,upi,regular,4.4,0,1
10348.62,9,0.9923,1,insufficient_funds,1,16,active,1.8,netbanking,starter,3.2,1,1
1923.57,16,0.6256,1,authentication_failed,1,666,active,8.0,card,enterprise,1.2,1,1
889.49,20,0.6321,1,insufficient_funds,0,61,active,2.3,upi,enterprise,1.2,1,1
9865.96,2,0.783,1,card_expired,1,938,unpaid,6.4,wallet,regular,3.5,0,1
4626.57,17,0.6936,4,insufficient_funds,0,11,trialing,6.0,upi,regular,1.6,1,1
11195.29,2,0.439,0,insufficient_funds,3,36,past_due,0.1,netbanking,enterprise,0.6,1,1
14089.19,5,0.5852,3,authentication_failed,0,3,active,8.7,card,regular,0.3,1,1
475.6,7,0.6886,1,network_error,1,4,active,3.2,upi,starter,0.2,1,1
3675.44,11,0.7606,3,authentication_failed,4,650,active,3.3,upi,regular,3.5,0,1
2549.73,0,0.297,2,insufficient_funds,0,364,past_due,1.7,wallet,regular,10.4,0,1
5115.6,3,0.6507,5,insufficient_funds,1,566,past_due,7.1,netbanking,regular,1.2,0,1
8089.48,8,0.7911,2,insufficient_funds,0,8,active,0.6,card,regular,0.8,0,1
1846.62,4,0.7352,3,authentication_failed,3,17,active,2.6,upi,regular,14.5,1,1
4268.65,14,0.8095,1,insufficient_funds,0,1268,active,1.1,card,regular,0.4,0,1
6367.5,10,0.8497,3,gateway_timeout,2,169,paused,5.8,upi,starter,0.9,1,0
921.84,2,0.9442,1,card_expired,3,37,active,0.9,netbanking,starter,1.6,1,1
8611.84,1,0.7416,2,gateway_timeout,0,148,active,0.6,card,vip,3.4,0,1
4858.41,9,0.818,3,card_expired,0,28,past_due,0.9,card,regular,0.3,1,1
15132.62,5,0.7254,2,insufficient_funds,2,994,active,8.5,netbanking,regular,6.2,1,1
2274.01,1,0.6894,1,gateway_timeout,0,317,active,2.1,card,regular,8.7,0,1
772.26,3,0.8431,1,gateway_timeout,0,56,active,0.1,card,enterprise,4.3,1,1
3731.17,3,0.8078,2,insufficient_funds,0,207,unpaid,5.7,upi,regular,7.7,0,0
648.59,1,0.4533,0,gateway_timeout,0,323,active,4.4,card,regular,4.6,0,1
17654.49,7,0.8794,3,insufficient_funds,1,337,active,2.5,upi,enterprise,3.9,1,0
397.27,13,0.6672,1,gateway_timeout,1,90,active,23.8,card,vip,6.7,0,1
7202.05,8,0.4547,2,gateway_timeout,2,20,active,1.6,card,starter,11.3,0,1
3923.28,16,0.8707,1,insufficient_funds,0,530,past_due,2.7,upi,vip,7.0,1,1
2499.24,1,0.5735,0,insufficient_funds,1,669,active,1.6,netbanking,regular,1.6,1,1
540.55,5,0.606,0,gateway_timeout,0,196,past_due,3.0,upi,enterprise,1.2,1,1
5066.51,8,0.6199,1,insufficient_funds,1,500,trialing,12.5,card,enterprise,1.7,0,1
4600.04,10,0.6119,0,authentication_failed,1,195,active,0.1,upi,vip,3.2,0,1
1848.66,11,0.3928,3,authentication_failed,3,76,unpaid,5.2,upi,regular,3.0,0,0
12252.06,12,0.818,2,card_expired,4,268,trialing,3.2,netbanking,vip,2.1,1,1
2012.82,10,0.4115,2,insufficient_funds,3,209,active,1.3,netbanking,regular,0.8,0,0
3186.69,0,0.6352,2,authentication_failed,3,593,active,1.6,netbanking,enterprise,21.0,1,0
4123.71,11,0.8698,0,authentication_failed,0,711,active,0.8,upi,vip,6.6,1,1
728.09,12,0.7703,3,authentication_failed,2,145,active,3.0,upi,starter,1.1,1,1
13653.14,47,0.7314,3,gateway_timeout,0,48,canceled,0.1,netbanking,regular,3.4,1,1
2546.31,11,0.8284,4,insufficient_funds,1,387,past_due,6.3,upi,starter,2.0,0,0
621.14,11,0.7753,0,insufficient_funds,0,67,active,4.7,card,regular,10.7,1,1
2649.33,6,0.8636,0,authentication_failed,2,219,trialing,1.9,card,starter,7.1,1,1
4783.99,19,0.6457,3,insufficient_funds,0,277,active,1.1,card,regular,1.9,0,0
3804.16,54,0.6452,7,insufficient_funds,0,473,paused,2.7,upi,regular,9.3,0,1
6129.71,14,0.6685,1,insufficient_funds,1,59,active,1.6,card,regular,0.5,0,1
485.41,8,0.7911,1,card_expired,0,451,active,6.1,upi,enterprise,7.2,0,1
1874.15,0,0.8899,4,insufficient_funds,1,179,active,1.8,card,starter,1.6,1,1
8752.66,12,0.711,2,card_expired,3,190,past_due,5.1,card,enterprise,1.4,1,1
616.33,11,0.775,3,insufficient_funds,1,688,active,3.9,card,enterprise,3.7,0,1
9871.89,14,0.6982,0,gateway_timeout,1,120,past_due,3.3,netbanking,regular,1.2,1,1
681.98,1,0.5422,1,insufficient_funds,5,8,past_due,8.4,netbanking,vip,0.2,0,0
9192.54,10,0.6237,1,insufficient_funds,0,78,active,4.1,card,regular,1.2,1,1
2437.6,3,0.6736,0,insufficient_funds,3,364,active,11.4,upi,regular,0.5,0,1
4936.44,13,0.5537,1,card_expired,1,475,unpaid,2.6,netbanking,regular,2.4,0,0
1029.61,2,0.6536,3,gateway_timeout,2,175,active,1.9,card,regular,6.1,1,1
542.3,10,0.5578,1,card_expired,0,158,active,3.9,wallet,enterprise,9.2,0,1
1416.34,3,0.6974,0,authentication_failed,1,110,trialing,2.3,card,vip,3.7,1,1
883.99,0,0.6852,3,authentication_failed,2,442,active,2.5,upi,vip,12.3,0,1
2072.78,9,0.4844,0,authentication_failed,1,135,trialing,1.7,upi,enterprise,1.4,1,1
3811.68,1,0.6814,2,insufficient_funds,1,72,active,5.1,upi,enterprise,1.3,0,1
4642.88,10,0.9888,1,insufficient_funds,1,323,active,3.9,card,starter,12.8,0,1
8000.1,24,0.7675,3,authentication_failed,0,183,active,3.2,upi,enterprise,12.2,0,1
5539.06,33,0.5468,1,authentication_failed,2,21,active,2.4,netbanking,regular,1.3,1,1
4892.15,2,0.7312,3,insufficient_funds,1,285,past_due,4.2,upi,starter,4.9,1,1
2853.29,15,0.8042,1,authentication_failed,1,133,trialing,9.2,upi,enterprise,7.1,1,1
3410.45,4,0.6304,3,card_expired,1,480,active,5.7,card,regular,0.6,0,1
2876.62,21,0.7295,1,gateway_timeout,1,721,active,1.2,upi,starter,2.5,1,1
9431.06,14,0.9783,4,authentication_failed,2,841,past_due,4.4,card,regular,0.5,0,1
1506.83,0,0.6794,2,insufficient_funds,0,1127,active,0.2,netbanking,regular,2.1,0,1
228.69,4,0.9188,0,insufficient_funds,0,485,active,8.5,wallet,vip,1.0,1,1
5468.0,3,0.723,3,card_expired,4,114,canceled,3.1,netbanking,enterprise,2.7,0,0
1331.13,14,0.6619,3,insufficient_funds,4,75,canceled,4.6,upi,regular,4.7,0,0
11241.61,5,0.746,1,authentication_failed,0,57,active,2.7,card,enterprise,4.1,0,1
9996.62,10,0.6347,1,card_expired,4,336,paused,3.4,upi,enterprise,12.7,1,1
599.15,8,0.8404,2,insufficient_funds,1,256,active,5.2,upi,starter,3.4,0,0
762.42,35,0.7758,1,gateway_timeout,0,215,past_due,8.3,upi,starter,3.4,0,1
3617.68,26,0.796,1,card_expired,0,133,active,0.8,upi,regular,1.1,1,1
4898.09,5,0.5975,1,insufficient_funds,0,368,paused,1.4,card,regular,1.6,0,0
1807.29,12,0.5525,4,insufficient_funds,2,131,canceled,10.6,card,regular,0.1,0,0
6507.97,16,0.6964,0,card_expired,2,149,past_due,0.1,upi,vip,13.0,0,0
4718.3,21,0.5286,2,network_error,2,103,unpaid,1.3,upi,enterprise,23.5,0,0
2163.91,0,0.8262,2,insufficient_funds,1,159,active,2.8,card,regular,0.6,1,1
328.49,3,0.7205,5,authentication_failed,1,33,trialing,7.2,upi,regular,2.9,1,1
7134.48,3,0.6278,2,gateway_timeout,0,626,active,2.1,upi,regular,0.1,0,1
1408.79,5,0.7651,1,insufficient_funds,0,348,trialing,1.0,card,regular,13.0,1,1
9193.13,1,0.7805,1,insufficient_funds,1,207,trialing,1.5,upi,starter,0.6,1,1
2926.14,6,0.9262,4,card_expired,2,502,past_due,1.2,card,enterprise,3.0,1,1
4502.83,10,0.5959,0,gateway_timeout,1,39,active,0.7,upi,regular,5.5,1,1
10515.82,6,0.8752,2,gateway_timeout,1,37,active,2.1,card,starter,2.2,0,1
10161.66,10,0.5958,2,authentication_failed,3,370,trialing,2.6,upi,regular,2.6,0,1
2522.25,0,0.4935,2,authentication_failed,1,120,active,4.0,upi,regular,1.8,1,1
1371.58,19,0.9703,2,network_error,0,379,active,3.6,upi,regular,2.8,0,1
7661.52,26,0.6683,0,authentication_failed,1,398,active,1.9,card,starter,1.7,1,1
3037.69,9,0.8168,0,insufficient_funds,2,615,trialing,0.9,upi,regular,2.6,1,1
1266.23,20,0.5699,1,insufficient_funds,2,96,active,5.6,card,regular,4.3,1,1
11939.24,1,0.6975,0,insufficient_funds,1,14,active,3.8,card,regular,1.5,0,1
1303.88,15,0.6673,1,insufficient_funds,2,166,active,1.9,card,enterprise,0.2,1,1
330.73,1,0.6764,2,card_expired,5,22,past_due,1.0,upi,regular,4.2,0,0
302.44,4,0.8056,3,authentication_failed,0,182,active,4.7,upi,regular,0.3,1,1
5068.48,3,0.7249,1,authentication_failed,2,510,trialing,4.5,card,starter,4.6,0,0
5618.74,8,0.5913,2,network_error,3,192,past_due,2.3,upi,regular,0.7,0,0
2062.87,3,0.4654,1,insufficient_funds,1,52,trialing,1.6,upi,vip,6.2,0,1
2128.39,9,0.5936,1,insufficient_funds,0,65,active,10.4,upi,regular,3.5,1,1
2273.74,4,0.7058,1,insufficient_funds,1,510,canceled,5.0,upi,enterprise,13.2,0,0
5899.65,18,0.7837,2,insufficient_funds,3,467,trialing,0.8,card,regular,1.4,1,1
499.46,9,0.5629,1,insufficient_funds,3,156,trialing,1.4,upi,enterprise,6.6,0,1
13433.58,2,0.7259,2,insufficient_funds,1,360,active,9.0,wallet,enterprise,11.4,0,0
1458.49,3,0.6918,1,insufficient_funds,4,5,canceled,1.1,card,starter,13.2,0,0
40330.89,17,0.6447,2,insufficient_funds,2,503,active,1.1,card,regular,2.0,0,1
1140.83,4,0.4735,2,network_error,0,55,canceled,0.2,upi,regular,1.9,0,1
7582.11,7,0.4833,1,insufficient_funds,0,68,active,2.1,card,regular,0.7,0,1
1464.23,9,0.7,3,authentication_failed,1,196,active,2.1,upi,regular,7.9,1,1
621.51,4,0.5242,2,gateway_timeout,2,156,active,4.9,netbanking,starter,7.2,0,0
10594.54,3,0.5665,1,card_expired,1,39,active,11.1,wallet,enterprise,3.5,1,1
9986.16,6,0.8901,0,network_error,1,302,past_due,10.4,netbanking,regular,3.8,1,1
2783.97,2,0.3408,2,authentication_failed,0,216,active,1.6,card,starter,2.7,0,1
6259.96,3,0.9963,1,insufficient_funds,1,596,canceled,1.8,upi,regular,11.3,1,1
4271.67,0,0.653,0,authentication_failed,0,839,past_due,11.1,upi,enterprise,3.2,0,0
9785.12,3,0.5438,4,authentication_failed,0,125,active,0.3,card,starter,2.8,1,0
2092.09,3,0.6654,0,authentication_failed,0,121,active,1.9,card,enterprise,1.8,0,1
3908.25,30,0.2842,0,insufficient_funds,0,481,active,4.1,upi,regular,23.5,1,1
3521.56,8,0.8698,0,card_expired,0,32,active,0.1,upi,vip,4.7,1,1
2384.05,14,0.8135,0,authentication_failed,4,9,active,1.7,upi,regular,0.8,0,1
11302.96,0,0.7922,0,authentication_failed,4,5,active,2.9,netbanking,starter,7.0,0,0
1106.88,1,0.9518,1,insufficient_funds,0,765,past_due,8.9,card,regular,18.8,1,1
1009.71,15,0.5918,0,insufficient_funds,0,146,active,1.1,card,enterprise,8.1,0,0
4500.85,9,0.398,1,insufficient_funds,1,257,active,5.9,upi,vip,9.0,1,1
5557.33,2,0.5879,0,authentication_failed,4,37,past_due,2.4,netbanking,regular,4.9,1,0
1282.2,4,0.8985,2,insufficient_funds,2,11,trialing,2.7,card,regular,2.2,1,1
2677.37,7,0.566,2,network_error,1,544,active,0.1,card,enterprise,4.3,1,1
14846.34,17,0.8431,1,insufficient_funds,1,337,trialing,1.5,card,vip,1.8,1,1
1615.91,0,0.9021,1,card_expired,2,353,active,8.8,upi,regular,1.8,0,1
5718.54,8,0.5518,0,insufficient_funds,1,157,active,2.6,card,vip,1.1,1,1
6938.24,11,0.736,2,insufficient_funds,2,246,active,3.9,upi,starter,14.9,0,1
3172.2,36,0.6585,1,insufficient_funds,3,244,past_due,0.8,card,enterprise,1.0,0,0
14065.02,15,0.9189,1,insufficient_funds,2,1119,unpaid,16.0,upi,regular,0.2,0,1
6871.48,3,0.6496,0,insufficient_funds,0,159,active,2.0,card,regular,8.1,0,1
3261.75,11,0.9876,0,insufficient_funds,1,126,active,1.9,upi,enterprise,4.9,1,1
4412.13,13,0.7628,1,insufficient_funds,2,310,active,8.1,card,starter,1.9,0,1
6098.25,12,0.8158,2,authentication_failed,2,290,unpaid,0.8,upi,regular,1.2,1,1
4684.77,16,0.7246,0,insufficient_funds,0,229,past_due,5.6,card,regular,5.4,1,1
10747.34,22,0.6581,2,authentication_failed,1,124,trialing,1.7,upi,regular,6.8,0,1
2407.19,0,0.3868,1,authentication_failed,4,147,active,4.0,card,regular,5.1,0,0
1982.56,1,0.7112,2,authentication_failed,1,72,past_due,8.9,netbanking,regular,3.5,1,0
1402.97,15,0.934,3,authentication_failed,1,67,active,5.8,card,regular,0.3,0,1
392.58,2,0.7963,2,insufficient_funds,1,495,active,4.4,upi,enterprise,5.6,0,1
419.83,0,0.8708,0,authentication_failed,1,62,canceled,3.1,upi,enterprise,3.3,0,0
10403.23,4,0.6194,4,network_error,0,469,active,0.1,upi,regular,3.4,1,1
5872.13,16,0.5202,0,network_error,1,50,trialing,3.5,upi,enterprise,2.6,1,1
5601.88,1,0.7506,1,insufficient_funds,2,196,canceled,2.4,upi,vip,4.4,0,0
4967.92,10,0.8286,0,gateway_timeout,1,162,canceled,1.6,card,regular,0.8,0,1
9659.64,0,0.9439,0,insufficient_funds,1,362,unpaid,2.4,card,enterprise,2.3,0,1
3472.2,1,0.8787,1,insufficient_funds,0,546,active,0.7,upi,enterprise,3.9,0,1
10416.93,4,0.7713,1,gateway_timeout,0,74,unpaid,0.8,wallet,regular,2.7,1,1
2427.1,0,0.6145,0,insufficient_funds,0,152,past_due,19.4,card,regular,0.8,0,0
13266.49,17,0.6624,2,gateway_timeout,3,51,paused,6.7,card,regular,3.9,1,1
6197.53,18,0.9263,0,insufficient_funds,4,105,unpaid,5.8,card,regular,0.9,0,1
1686.49,13,0.9127,1,insufficient_funds,2,72,past_due,6.3,netbanking,regular,1.6,1,1
4351.54,2,0.6794,3,card_expired,0,848,canceled,4.0,upi,regular,6.1,0,0
4007.46,7,0.7951,2,insufficient_funds,1,144,active,23.0,netbanking,regular,2.1,1,0
941.91,1,0.7909,1,insufficient_funds,1,79,trialing,2.3,card,starter,1.5,1,1
4673.17,3,0.5575,0,gateway_timeout,5,28,active,9.8,upi,regular,2.9,0,1
2090.12,6,0.7499,0,card_expired,0,108,trialing,1.8,upi,enterprise,16.0,0,1
468.84,12,0.806,1,insufficient_funds,2,579,canceled,3.0,netbanking,enterprise,3.2,0,1
15046.05,0,0.763,0,insufficient_funds,5,310,past_due,5.5,card,regular,6.1,0,0
5329.0,3,0.8396,2,insufficient_funds,4,38,active,2.4,card,vip,1.7,1,1
10674.56,24,0.7539,0,insufficient_funds,0,4,active,2.1,upi,regular,1.5,0,1
5835.92,5,0.8415,1,gateway_timeout,0,233,active,4.8,card,regular,8.0,0,1
2407.93,26,0.9041,2,insufficient_funds,0,795,active,0.1,upi,regular,4.5,1,1
3794.25,45,0.6363,3,authentication_failed,0,84,canceled,1.8,card,enterprise,1.8,1,1
5831.15,7,0.6838,0,gateway_timeout,0,120,past_due,3.0,upi,regular,1.9,0,1
16326.02,3,0.5949,1,card_expired,4,427,active,0.9,upi,regular,6.3,0,1
1662.93,14,0.5869,1,authentication_failed,5,119,active,7.0,upi,regular,7.7,0,1
10596.29,1,0.3216,0,network_error,0,193,active,0.1,upi,vip,0.9,1,1
13090.23,2,0.7119,0,gateway_timeout,0,9,canceled,0.8,card,regular,5.1,0,0
5749.61,14,0.8998,1,insufficient_funds,1,285,unpaid,1.8,card,regular,4.5,1,1
13587.6,5,0.8949,3,network_error,2,5,trialing,3.7,card,starter,6.3,0,0
2736.48,2,0.4373,1,insufficient_funds,2,116,active,1.5,upi,enterprise,1.1,0,1
15489.76,9,0.5362,2,insufficient_funds,0,22,trialing,20.2,card,regular,24.9,1,1
6266.46,12,0.6947,3,gateway_timeout,1,13,active,0.6,card,regular,1.1,1,1
414.57,1,0.8742,1,authentication_failed,2,2,active,3.4,netbanking,vip,10.2,1,1
12068.95,3,0.9618,2,insufficient_funds,2,6,canceled,1.3,netbanking,regular,5.9,1,0
3512.83,2,0.4076,1,insufficient_funds,1,223,active,1.4,card,regular,4.0,0,1
3283.96,4,0.8327,1,insufficient_funds,0,5,active,0.1,netbanking,regular,1.3,0,1
4378.93,13,0.7023,3,network_error,0,20,active,1.4,upi,regular,4.3,0,0
1008.98,11,0.8281,1,authentication_failed,2,133,past_due,7.0,netbanking,starter,2.4,1,0
3366.53,10,0.8587,0,gateway_timeout,1,131,past_due,1.2,card,starter,8.2,0,0
9093.05,0,0.7109,5,insufficient_funds,0,77,unpaid,3.4,upi,regular,0.2,0,1
278.02,1,0.918,1,insufficient_funds,3,273,active,5.9,card,regular,3.2,1,0
1793.57,2,0.5037,2,authentication_failed,2,18,active,6.2,wallet,regular,24.6,1,0
212.29,3,0.8842,1,authentication_failed,1,85,active,12.3,card,regular,7.7,1,1
2886.8,1,0.7437,1,insufficient_funds,2,297,active,4.1,card,enterprise,2.9,0,1
6715.57,5,0.8663,3,insufficient_funds,0,28,active,13.5,upi,enterprise,3.5,1,1
8216.58,0,0.8866,0,gateway_timeout,3,311,active,0.6,card,regular,0.9,0,1
14719.39,13,0.6993,2,authentication_failed,4,5,canceled,0.7,card,regular,2.9,1,0
4888.91,14,0.8057,3,insufficient_funds,0,303,past_due,2.9,upi,vip,7.7,1,1
1669.35,8,0.8358,1,network_error,3,387,trialing,6.8,upi,regular,4.0,0,1
13094.85,0,0.8172,3,gateway_timeout,2,299,trialing,7.7,netbanking,starter,4.3,0,1
7665.3,20,0.9087,1,insufficient_funds,3,356,active,2.4,card,starter,3.7,0,1
4471.61,31,0.5869,1,insufficient_funds,0,440,past_due,13.6,card,regular,9.8,1,1
6147.72,2,0.6551,3,card_expired,4,159,active,10.7,upi,regular,7.2,0,0
13105.97,11,0.7187,3,insufficient_funds,2,115,trialing,1.9,upi,regular,0.0,1,1
6430.82,17,0.7077,2,authentication_failed,1,272,past_due,2.8,card,regular,4.2,0,1
2497.29,7,0.681,2,authentication_failed,2,218,active,2.5,card,enterprise,4.2,1,1
6441.86,3,0.4402,2,gateway_timeout,1,309,active,14.0,upi,vip,6.5,1,1
405.56,6,0.9017,1,authentication_failed,0,423,canceled,6.5,upi,enterprise,1.5,0,1
2642.19,6,0.6338,0,insufficient_funds,0,9,active,2.9,netbanking,regular,22.9,0,1
2807.1,4,0.9489,2,insufficient_funds,3,227,active,0.1,card,regular,3.7,1,1
1112.64,25,0.7652,2,insufficient_funds,0,221,past_due,0.1,card,enterprise,7.9,0,1
316.78,12,0.8517,0,insufficient_funds,1,345,active,1.1,card,regular,2.3,1,1
915.78,2,0.7342,2,card_expired,1,579,canceled,5.0,card,regular,3.0,1,0
5515.57,8,0.6506,3,network_error,0,66,active,1.4,card,enterprise,5.7,1,1
8304.74,11,0.9533,1,insufficient_funds,2,566,trialing,0.1,wallet,starter,6.4,1,1
22399.76,1,0.5006,1,insufficient_funds,1,350,trialing,4.7,card,regular,0.7,0,1
2326.02,4,0.5526,1,insufficient_funds,0,71,past_due,3.4,netbanking,vip,0.6,1,1
4773.7,22,0.9123,2,insufficient_funds,4,270,active,9.2,netbanking,regular,6.1,0,1
14034.62,7,0.8278,2,authentication_failed,5,280,active,9.5,upi,regular,0.0,1,1
1113.86,2,0.7202,0,insufficient_funds,1,100,past_due,20.8,card,enterprise,11.5,0,0
6522.96,1,0.4666,1,insufficient_funds,2,119,past_due,1.4,card,starter,6.5,1,1
7232.05,6,0.5936,2,card_expired,0,23,unpaid,1.4,card,starter,8.1,0,0
665.93,7,0.6484,2,authentication_failed,1,187,canceled,15.5,card,regular,6.7,1,0
10075.39,3,0.5402,2,insufficient_funds,0,965,active,14.4,upi,regular,4.5,0,1
8586.04,9,0.7536,0,insufficient_funds,2,15,active,0.9,upi,regular,22.0,0,1
369.87,0,0.8568,0,gateway_timeout,2,236,past_due,2.5,netbanking,regular,0.1,0,0
677.52,1,0.8174,3,insufficient_funds,0,6,active,3.2,upi,regular,2.7,1,1
451.87,7,0.6454,4,insufficient_funds,0,12,active,9.9,upi,enterprise,14.5,1,1
2237.91,0,0.7611,2,authentication_failed,2,220,active,0.5,upi,regular,1.5,1,0
3759.5,20,0.6833,1,network_error,1,303,past_due,1.3,card,regular,3.4,1,1
4000.15,1,0.7586,1,authentication_failed,2,237,past_due,1.2,card,regular,6.8,1,1
1757.6,10,0.8646,0,authentication_failed,0,175,active,10.6,card,starter,2.2,0,1
12329.24,4,0.3244,0,card_expired,0,367,canceled,0.7,upi,regular,4.8,0,0
2496.41,4,0.9567,3,insufficient_funds,0,47,active,3.2,upi,regular,8.3,0,1
433.1,13,0.9648,0,insufficient_funds,0,655,canceled,4.0,netbanking,starter,0.7,1,1
1985.0,6,0.9655,2,authentication_failed,1,314,past_due,2.2,card,regular,3.9,0,0
3986.93,12,0.3581,4,insufficient_funds,3,376,past_due,0.1,wallet,vip,0.0,1,1
2823.12,6,0.6683,0,insufficient_funds,0,12,active,0.4,upi,regular,0.7,0,1
1799.94,8,0.8159,1,insufficient_funds,2,213,canceled,1.7,netbanking,regular,16.2,0,1
903.92,13,0.7843,3,insufficient_funds,1,178,past_due,7.3,card,regular,0.2,0,1
8750.84,8,0.3705,1,gateway_timeout,0,475,active,1.2,wallet,vip,3.7,1,1
27992.24,9,0.7035,1,authentication_failed,0,393,active,1.1,card,regular,1.2,0,1
2198.97,14,0.7661,1,insufficient_funds,0,99,active,20.3,card,vip,0.8,1,1
2603.27,28,0.6275,2,insufficient_funds,2,39,unpaid,7.3,upi,starter,5.0,1,1
5012.16,4,0.934,2,insufficient_funds,0,79,paused,1.0,upi,regular,8.9,0,1
6537.07,8,0.901,1,insufficient_funds,1,571,active,0.8,netbanking,regular,3.2,1,1
2688.14,0,0.6367,1,authentication_failed,0,122,active,4.5,netbanking,regular,0.1,0,1
11965.68,4,0.7088,1,authentication_failed,0,664,trialing,3.1,card,regular,5.5,1,1
4304.95,5,0.772,0,gateway_timeout,0,123,active,0.4,upi,vip,4.8,0,1
3192.73,17,0.7397,2,insufficient_funds,1,1130,active,0.5,upi,regular,16.9,1,1
5401.8,6,0.9219,2,gateway_timeout,2,87,canceled,3.1,netbanking,regular,5.6,0,0
15467.21,12,0.5871,2,authentication_failed,0,136,active,3.1,card,enterprise,2.8,1,1
8112.82,0,0.8622,2,insufficient_funds,2,95,active,5.4,wallet,regular,3.5,0,0
404.18,5,0.5022,1,insufficient_funds,2,1162,unpaid,1.3,card,starter,7.1,0,1
2219.66,21,0.686,1,gateway_timeout,0,139,active,2.1,wallet,regular,4.6,1,1
3379.53,2,0.6879,0,authentication_failed,3,416,active,15.4,netbanking,enterprise,2.0,1,1
2088.16,0,0.7441,0,gateway_timeout,2,43,active,10.2,card,starter,1.4,1,1
6222.99,5,0.4613,4,insufficient_funds,1,26,paused,3.9,card,enterprise,6.3,0,1
8951.24,11,0.7651,2,authentication_failed,2,570,canceled,5.6,card,enterprise,3.0,0,1
6771.64,5,0.9558,1,card_expired,0,127,trialing,8.9,netbanking,regular,1.9,0,1
22903.14,5,0.7156,2,authentication_failed,0,316,past_due,3.3,upi,enterprise,8.7,0,1
1791.03,10,0.8169,2,authentication_failed,0,138,active,14.6,upi,regular,1.9,0,1
10596.79,2,0.8089,2,insufficient_funds,2,419,active,1.2,upi,regular,7.9,1,1
7475.49,13,0.844,0,insufficient_funds,2,238,past_due,0.7,upi,enterprise,5.4,0,1
2448.49,1,0.6099,2,network_error,3,323,active,3.0,card,enterprise,4.6,1,1
6823.64,4,0.6309,1,insufficient_funds,0,360,active,2.2,card,regular,0.1,1,1
749.5,10,0.9751,2,insufficient_funds,1,48,active,2.6,card,regular,15.2,0,1
7987.39,16,0.749,0,gateway_timeout,0,110,trialing,0.4,upi,regular,2.5,1,1
3999.97,14,0.5881,2,gateway_timeout,5,96,active,14.1,upi,enterprise,8.9,0,0
1928.61,12,0.7124,3,insufficient_funds,1,239,trialing,3.3,upi,starter,3.4,0,1
5532.33,4,0.6454,0,authentication_failed,1,14,active,7.6,card,regular,2.0,0,0
5330.81,1,0.7468,1,card_expired,1,44,past_due,4.6,upi,regular,6.1,0,1
1375.36,2,0.5301,0,card_expired,0,1,active,0.8,card,vip,2.8,0,0
354.34,18,0.6647,1,insufficient_funds,0,124,active,2.1,upi,starter,16.2,0,1
3042.47,18,0.5609,2,insufficient_funds,2,145,active,0.2,upi,regular,0.3,1,1
4414.18,28,0.9229,0,authentication_failed,0,50,trialing,2.8,upi,regular,0.7,1,1
10661.83,0,0.8215,2,insufficient_funds,1,48,trialing,0.8,card,regular,1.4,1,1
13370.52,7,0.8711,2,insufficient_funds,2,140,past_due,0.1,upi,regular,1.5,1,1
3962.42,9,0.8762,0,insufficient_funds,2,72,active,5.2,card,regular,8.1,1,1
7208.13,11,0.592,4,network_error,0,20,active,8.4,card,enterprise,2.6,1,1
3092.88,9,0.8541,0,insufficient_funds,4,638,active,4.0,card,regular,9.3,1,1
7053.72,13,0.6097,1,insufficient_funds,2,502,active,0.7,upi,regular,10.3,0,1
1345.82,4,0.857,1,insufficient_funds,1,14,trialing,1.8,upi,regular,11.7,1,1
2518.63,1,0.9839,1,authentication_failed,0,58,active,0.7,card,enterprise,11.5,0,1
5228.73,2,0.932,1,authentication_failed,0,307,active,1.4,card,regular,4.6,1,1
291.62,0,0.7413,0,insufficient_funds,2,18,trialing,2.6,upi,starter,0.0,1,1
6608.97,4,0.9159,0,insufficient_funds,0,629,active,1.7,card,starter,5.9,1,1
9225.3,0,0.877,1,insufficient_funds,3,4,active,5.8,card,vip,3.2,1,1
2746.98,3,0.8532,2,gateway_timeout,4,193,active,2.2,card,regular,5.1,1,1
3170.51,9,0.716,2,gateway_timeout,0,129,past_due,0.5,wallet,regular,10.4,0,1
9728.52,21,0.7988,2,insufficient_funds,1,163,active,3.4,netbanking,enterprise,0.8,1,1
7672.84,17,0.7728,2,insufficient_funds,0,323,active,2.6,card,enterprise,2.4,0,1
1899.44,2,0.5135,3,insufficient_funds,1,8,past_due,1.1,upi,regular,2.8,1,0
2157.63,1,0.9239,0,insufficient_funds,1,244,active,3.7,upi,regular,8.7,0,1
5879.67,2,0.7503,2,network_error,2,452,past_due,1.3,card,regular,1.6,1,1
4341.38,33,0.8413,3,authentication_failed,1,305,active,4.1,upi,regular,1.5,1,1
1085.06,7,0.7984,0,insufficient_funds,2,115,canceled,1.1,netbanking,enterprise,0.3,1,0
2054.81,1,0.79,1,network_error,4,52,trialing,0.1,upi,regular,2.4,0,1
11712.09,17,0.9165,1,authentication_failed,1,314,canceled,6.8,netbanking,regular,1.9,0,1
6026.56,4,0.7627,2,gateway_timeout,1,113,active,3.3,upi,regular,1.3,1,1
21534.33,21,0.6172,4,network_error,1,402,active,3.4,upi,regular,0.8,0,1
7483.85,2,0.8688,0,network_error,0,7,active,0.1,upi,regular,3.5,0,1
14434.36,4,0.8691,0,network_error,0,3,active,0.7,card,vip,10.4,0,1
1417.93,6,0.7969,3,card_expired,0,170,trialing,2.1,upi,starter,0.5,0,1
7580.76,21,0.9228,3,gateway_timeout,1,32,active,13.5,wallet,enterprise,0.7,0,1
302.12,19,0.5485,2,insufficient_funds,1,437,past_due,5.1,netbanking,regular,2.1,1,1
5754.84,8,0.6519,2,insufficient_funds,0,22,past_due,0.6,upi,enterprise,0.4,0,1
3367.62,2,0.5713,0,insufficient_funds,1,737,canceled,2.4,card,enterprise,1.3,0,0
2329.05,4,0.8487,3,network_error,4,83,active,3.1,upi,starter,6.9,0,1
10117.18,35,0.4827,1,insufficient_funds,3,521,paused,2.0,upi,starter,1.4,0,1
9829.92,8,0.8652,1,insufficient_funds,0,81,active,0.7,card,enterprise,3.3,1,1
312.77,14,0.7298,1,authentication_failed,4,132,unpaid,4.2,card,enterprise,0.7,1,1
4901.7,5,0.9493,3,insufficient_funds,0,59,paused,2.7,netbanking,regular,5.3,1,1
2493.0,7,0.6917,2,authentication_failed,1,13,active,11.5,upi,regular,6.2,1,1
2886.37,5,0.8925,1,gateway_timeout,1,227,active,4.9,upi,regular,3.2,0,1
9120.17,11,0.8147,0,insufficient_funds,1,410,active,0.6,card,enterprise,2.7,0,1
2054.16,18,0.4317,0,authentication_failed,2,328,active,1.3,upi,enterprise,0.1,1,0
14527.8,6,0.3034,0,authentication_failed,1,882,past_due,2.4,card,regular,10.0,1,1
1190.02,6,0.7992,1,insufficient_funds,0,596,active,3.3,card,regular,8.9,0,1
5634.25,3,0.7132,1,insufficient_funds,1,38,trialing,3.3,netbanking,enterprise,0.8,0,0
5775.31,1,0.9553,2,insufficient_funds,4,246,active,2.4,card,regular,4.1,0,0
1653.07,26,0.7641,1,gateway_timeout,2,161,active,8.3,upi,enterprise,3.0,0,1
2163.37,3,0.8159,3,gateway_timeout,0,52,active,2.0,upi,starter,9.0,1,1
9202.95,15,0.6542,3,insufficient_funds,0,349,active,5.9,upi,regular,2.1,0,0
7373.33,11,0.7175,3,insufficient_funds,1,166,active,1.7,upi,regular,0.8,1,1
2195.65,14,0.7626,1,insufficient_funds,0,300,active,1.3,upi,vip,4.7,0,1
4017.38,26,0.7327,1,network_error,1,16,active,1.7,card,starter,0.1,1,1
518.32,9,0.8052,2,insufficient_funds,0,31,active,4.5,card,regular,1.1,1,1
1370.68,21,0.8001,3,insufficient_funds,3,147,active,1.9,upi,regular,1.2,1,1
3525.91,1,0.8846,2,insufficient_funds,0,5,active,0.9,card,regular,12.9,0,0
649.48,9,0.5958,2,gateway_timeout,5,53,active,3.4,wallet,regular,2.6,1,1
9468.14,14,0.8392,0,gateway_timeout,0,455,active,0.7,card,regular,1.5,0,1
6529.35,3,0.8161,0,network_error,1,160,active,3.5,wallet,vip,0.3,0,1
14579.42,12,0.5627,2,card_expired,1,315,active,3.3,card,regular,0.3,1,1
6112.15,14,0.8829,3,insufficient_funds,2,45,paused,15.2,upi,starter,3.0,0,1
14300.61,16,0.4987,6,card_expired,0,121,trialing,0.8,upi,vip,4.1,1,0
4242.93,3,0.3981,2,network_error,1,428,active,23.0,card,regular,1.2,0,1
4784.19,10,0.8294,1,authentication_failed,0,11,past_due,0.6,upi,vip,1.7,1,1
19055.02,3,0.7672,2,insufficient_funds,1,95,active,7.5,upi,regular,13.4,0,1
5337.92,12,0.7912,2,insufficient_funds,0,179,canceled,7.6,upi,regular,1.2,0,0
356.35,5,0.8949,2,card_expired,4,244,unpaid,1.1,upi,regular,3.6,0,0
6633.2,8,0.5965,1,network_error,1,40,paused,0.3,card,vip,10.3,0,1
11994.12,5,0.8065,3,network_error,1,650,active,0.9,wallet,enterprise,4.6,1,1
8137.9,1,0.5558,1,authentication_failed,0,335,active,1.8,upi,enterprise,4.8,1,1
4583.35,1,0.683,0,authentication_failed,2,17,active,2.3,upi,enterprise,3.8,1,1
5763.1,0,0.3905,0,gateway_timeout,0,148,active,4.1,card,vip,4.0,1,1
23322.68,9,0.5378,2,insufficient_funds,0,551,active,3.7,upi,regular,5.3,0,1
675.19,17,0.7038,1,network_error,2,577,active,5.6,upi,vip,2.5,1,1
5701.74,0,0.6746,2,card_expired,1,530,active,4.8,upi,starter,4.2,0,1
1866.17,0,0.6463,2,insufficient_funds,0,32,active,0.1,card,vip,0.3,1,1
5309.51,5,0.486,2,insufficient_funds,0,174,active,5.8,upi,vip,7.6,0,0
4877.67,12,0.4231,1,authentication_failed,0,152,active,3.2,wallet,vip,5.9,1,1
1032.97,1,0.8706,1,authentication_failed,1,137,past_due,11.5,upi,regular,6.9,0,0
1358.06,3,0.9767,0,insufficient_funds,5,120,active,1.3,upi,enterprise,3.9,1,1
5059.41,2,0.7364,2,authentication_failed,0,490,active,1.7,card,enterprise,3.8,0,1
886.15,4,0.565,1,network_error,2,393,canceled,1.8,card,regular,0.6,1,1
1740.65,2,0.7666,3,insufficient_funds,0,53,active,4.1,netbanking,regular,2.3,1,1
9216.5,4,0.9339,2,gateway_timeout,2,383,active,1.6,card,regular,0.6,1,1
2180.73,12,0.8941,0,gateway_timeout,1,285,active,1.5,upi,starter,2.9,1,1
3547.74,8,0.6332,0,insufficient_funds,2,13,active,0.8,upi,enterprise,0.7,1,1
14363.0,0,0.8401,3,insufficient_funds,1,28,active,1.7,upi,regular,4.4,1,1
1488.35,9,0.4796,3,network_error,2,743,active,4.9,netbanking,regular,2.0,1,1
2668.42,6,0.5958,2,authentication_failed,1,189,active,1.5,upi,regular,0.9,1,1
4862.83,25,0.5505,0,network_error,1,1500,active,5.2,upi,vip,7.8,0,1
7239.41,3,0.706,2,card_expired,1,843,canceled,2.2,card,regular,11.3,0,1
11796.29,12,0.4784,2,insufficient_funds,0,366,active,5.0,card,regular,25.3,0,0
12553.42,12,0.5809,0,insufficient_funds,2,98,unpaid,8.7,upi,regular,17.3,0,1
7694.85,2,0.8806,1,insufficient_funds,1,54,active,0.1,upi,regular,3.0,1,1
1496.0,22,0.362,1,authentication_failed,0,3,active,1.7,upi,enterprise,0.5,0,1
325.61,6,0.848,3,card_expired,5,43,active,1.9,card,regular,4.0,0,0
2620.71,10,0.3003,2,authentication_failed,0,528,paused,3.4,upi,starter,16.9,1,1
963.13,1,0.8941,2,gateway_timeout,2,313,active,2.8,wallet,starter,1.9,0,1
6396.06,2,0.7613,3,authentication_failed,1,470,past_due,4.6,netbanking,regular,0.7,1,1
5610.7,8,0.6355,0,insufficient_funds,0,459,unpaid,0.1,card,regular,3.4,0,1
424.84,3,0.8201,7,insufficient_funds,3,922,active,10.2,upi,enterprise,0.8,0,1
9257.58,6,0.6336,1,insufficient_funds,2,301,unpaid,3.4,wallet,regular,6.9,1,1
1630.04,4,0.8623,1,network_error,0,207,active,4.4,card,enterprise,5.5,1,1
3030.17,9,0.5959,3,authentication_failed,2,224,active,1.8,wallet,enterprise,0.1,0,1
5712.1,6,0.55,2,insufficient_funds,0,287,active,1.1,wallet,enterprise,0.5,1,1
3005.5,0,0.9282,2,authentication_failed,0,154,past_due,4.6,card,regular,8.9,0,1
3110.6,9,0.8774,1,authentication_failed,0,287,active,8.6,card,regular,1.4,0,1
539.4,5,0.7774,2,authentication_failed,5,226,past_due,0.9,card,vip,3.4,1,0
2766.17,3,0.5627,2,insufficient_funds,0,44,canceled,12.7,netbanking,regular,0.8,0,0
7437.61,0,0.561,1,insufficient_funds,1,30,active,0.8,card,enterprise,6.6,0,0
12535.9,2,0.6589,2,insufficient_funds,2,62,active,2.7,card,regular,7.0,0,1
2867.89,2,0.8192,1,insufficient_funds,0,375,active,1.4,wallet,regular,4.6,0,1
2954.64,25,0.4929,1,insufficient_funds,4,75,active,4.0,card,starter,2.0,0,0
6263.84,5,0.6382,2,gateway_timeout,1,491,past_due,0.5,card,regular,4.0,0,1
14503.56,0,0.7701,2,authentication_failed,3,85,past_due,0.1,card,enterprise,0.8,0,0
1753.46,1,0.7267,1,insufficient_funds,1,242,active,6.0,netbanking,regular,13.3,0,1
3100.38,0,0.8276,0,card_expired,3,504,trialing,7.0,wallet,regular,9.1,0,0
8147.52,8,0.4175,3,insufficient_funds,3,471,active,2.8,netbanking,regular,1.1,0,1
4904.12,1,0.8712,0,gateway_timeout,0,451,past_due,2.6,card,regular,5.1,1,1
785.96,6,0.7939,2,gateway_timeout,0,432,canceled,0.3,upi,regular,1.4,1,1
5140.72,4,0.4872,0,authentication_failed,0,291,active,7.4,upi,regular,0.9,0,0
1233.56,15,0.6139,4,gateway_timeout,1,318,trialing,6.4,netbanking,starter,1.3,1,1
3768.95,3,0.7542,0,authentication_failed,0,774,active,7.0,netbanking,starter,3.9,1,1
3965.58,5,0.7097,1,gateway_timeout,1,380,trialing,1.1,upi,regular,0.8,0,1
10645.58,12,0.7558,1,gateway_timeout,2,39,active,3.2,netbanking,regular,1.3,1,1
3304.08,5,0.6684,3,insufficient_funds,3,67,active,7.0,card,regular,11.5,1,1
1838.65,14,0.615,2,insufficient_funds,4,103,active,1.4,upi,starter,2.7,0,1
1513.1,10,0.8372,1,insufficient_funds,0,24,active,8.1,wallet,regular,7.1,1,1
10567.37,5,0.7443,2,insufficient_funds,3,536,active,4.0,card,regular,0.4,0,1
1137.74,6,0.7429,2,insufficient_funds,0,136,active,2.3,netbanking,regular,10.7,1,1
2974.48,32,0.7881,0,authentication_failed,5,141,trialing,2.0,upi,regular,4.7,1,1
1236.19,10,0.7019,1,authentication_failed,0,132,past_due,6.3,upi,regular,4.9,1,1
7620.73,22,0.6783,2,network_error,5,161,trialing,10.7,upi,regular,1.3,0,1
3415.81,1,0.6759,1,insufficient_funds,1,56,active,0.1,netbanking,regular,1.7,0,1
2362.72,6,0.8238,0,insufficient_funds,2,328,past_due,0.3,upi,starter,3.3,0,1
2440.03,22,0.6225,1,insufficient_funds,0,532,past_due,10.7,card,enterprise,6.4,0,1
9759.96,3,0.7587,0,gateway_timeout,0,320,active,9.6,card,starter,1.6,1,1
4234.65,32,0.8481,1,insufficient_funds,1,80,active,9.4,wallet,regular,9.6,0,1
6526.9,0,0.846,1,insufficient_funds,1,8,past_due,16.7,upi,regular,20.4,0,1
11567.0,22,0.4344,2,insufficient_funds,3,38,past_due,7.6,netbanking,regular,3.6,0,1
11800.78,5,0.7335,1,gateway_timeout,1,282,active,0.3,card,regular,5.2,0,1
2191.27,0,0.9364,1,insufficient_funds,1,359,active,2.7,netbanking,regular,14.9,0,1
15430.0,20,0.5512,2,gateway_timeout,1,169,active,3.2,netbanking,regular,5.2,1,1
325.95,2,0.8191,0,insufficient_funds,1,7,trialing,7.8,netbanking,enterprise,5.3,1,1
2564.72,0,0.7207,3,network_error,2,166,past_due,5.5,card,starter,0.3,0,1
11507.16,1,0.7104,1,insufficient_funds,3,546,trialing,11.6,upi,regular,6.3,1,1
1805.41,10,0.7647,1,insufficient_funds,1,33,active,0.2,upi,regular,3.4,0,1
1794.7,36,0.6083,1,authentication_failed,0,598,active,0.2,card,enterprise,5.4,0,1
2002.14,1,0.7292,2,insufficient_funds,1,752,active,10.8,wallet,vip,7.6,0,1
4937.79,5,0.7072,1,insufficient_funds,1,273,active,7.0,netbanking,regular,3.8,0,1
3084.23,1,0.7056,0,authentication_failed,1,17,active,8.2,upi,regular,1.4,1,1
6686.56,12,0.8958,0,insufficient_funds,0,103,past_due,10.3,netbanking,regular,9.6,0,1
11464.72,1,0.7266,1,insufficient_funds,1,496,active,5.2,upi,starter,8.5,0,1
5807.35,2,0.6179,2,authentication_failed,2,318,active,4.5,netbanking,regular,0.7,1,0
1343.71,2,0.7883,0,gateway_timeout,0,169,active,0.9,upi,vip,2.2,1,1
13691.63,7,0.8295,1,insufficient_funds,3,45,active,2.5,netbanking,regular,10.3,0,1
1735.98,19,0.8506,0,authentication_failed,0,166,active,11.0,card,starter,7.9,1,1
1011.97,6,0.5842,1,insufficient_funds,1,25,active,1.6,upi,starter,11.5,1,1
671.37,0,0.9191,2,insufficient_funds,1,239,active,1.9,card,vip,1.0,0,1
4343.5,7,0.7144,1,insufficient_funds,2,378,active,0.6,card,regular,4.0,0,1
803.85,15,0.8387,4,insufficient_funds,1,248,active,3.3,card,enterprise,3.2,0,0
947.0,1,0.6419,0,network_error,3,4,active,0.9,card,enterprise,1.2,1,1
1983.59,0,0.6973,2,gateway_timeout,2,277,active,4.9,upi,starter,3.5,1,1
1854.01,1,0.794,1,authentication_failed,0,167,active,9.0,wallet,enterprise,1.5,0,1
4834.73,13,0.9795,1,insufficient_funds,0,141,active,12.6,card,regular,7.8,1,1
8684.39,8,0.8574,3,card_expired,0,84,active,3.5,card,enterprise,16.4,0,1
7363.78,7,0.7372,1,gateway_timeout,0,31,active,0.9,card,vip,8.5,0,1
1722.34,2,0.8797,1,insufficient_funds,0,206,active,6.3,card,regular,6.2,0,1
1607.24,3,0.787,1,authentication_failed,1,448,active,0.3,upi,enterprise,4.2,0,1
17076.41,32,0.7052,1,insufficient_funds,2,1065,active,4.9,upi,regular,0.8,1,1
241.35,2,0.9399,1,gateway_timeout,2,252,active,4.0,card,starter,21.1,1,0
10789.69,22,0.969,2,insufficient_funds,0,94,canceled,1.4,card,regular,3.0,0,0
1314.02,8,0.5012,2,insufficient_funds,0,134,canceled,7.4,card,regular,0.5,0,0
14914.21,1,0.6028,1,network_error,1,322,paused,0.7,netbanking,regular,1.9,1,1
2295.09,5,0.5201,4,network_error,3,162,active,10.0,upi,vip,18.9,1,1
3102.23,28,0.2947,1,card_expired,2,185,past_due,0.9,card,regular,0.1,0,0
6339.97,5,0.4619,0,insufficient_funds,1,38,paused,2.6,card,regular,1.2,1,1
4629.64,18,0.7924,1,gateway_timeout,0,193,canceled,7.6,upi,regular,6.1,0,1
2113.18,2,0.8237,2,insufficient_funds,1,892,trialing,1.7,card,vip,6.5,0,1
4235.29,8,0.4855,1,insufficient_funds,0,103,trialing,13.1,netbanking,regular,5.7,1,1
6759.77,17,0.8855,1,insufficient_funds,0,46,past_due,2.9,upi,regular,3.5,1,1
416.29,24,0.6724,1,gateway_timeout,0,161,canceled,2.0,card,regular,1.2,1,1
256.31,6,0.8094,0,insufficient_funds,2,183,canceled,2.2,upi,regular,1.4,0,1
3263.06,9,0.6455,1,card_expired,5,1500,active,0.4,card,regular,1.3,1,1
906.88,0,0.7607,1,gateway_timeout,0,61,active,1.7,card,regular,26.0,0,1
5658.35,2,0.5975,1,gateway_timeout,0,196,active,1.2,wallet,regular,0.5,1,1
1404.33,3,0.5308,1,network_error,0,117,active,0.2,upi,regular,7.1,0,0
3035.67,0,0.8023,2,authentication_failed,1,344,unpaid,12.1,card,regular,8.4,1,1
1301.18,3,0.896,1,card_expired,0,512,active,1.6,upi,regular,0.1,0,1
4175.72,3,0.4428,0,insufficient_funds,0,358,active,1.1,upi,starter,0.0,1,1
816.79,32,0.5271,0,network_error,0,53,trialing,6.9,card,enterprise,6.3,0,1
316.89,10,0.8925,2,network_error,0,264,active,0.6,card,regular,17.9,1,1
462.43,5,0.6816,2,insufficient_funds,1,67,canceled,5.7,upi,enterprise,2.8,0,1
15623.74,42,0.9032,2,insufficient_funds,1,1031,active,8.9,upi,vip,8.3,1,1
967.42,1,0.3908,2,insufficient_funds,4,206,active,1.5,card,regular,5.9,1,1
6363.2,6,0.6619,2,authentication_failed,1,141,past_due,4.2,upi,starter,0.8,0,0
551.72,9,0.6383,4,gateway_timeout,1,260,active,1.5,card,vip,1.9,0,1
772.34,0,0.7042,2,authentication_failed,2,229,active,2.9,upi,regular,11.1,0,1
3755.3,11,0.8855,2,authentication_failed,1,623,active,1.3,upi,enterprise,7.3,0,1
3326.24,0,0.8229,2,insufficient_funds,1,180,active,2.1,card,regular,0.1,0,0
15339.24,1,0.3245,1,card_expired,0,353,active,4.3,card,regular,2.7,0,1
14687.17,1,0.7738,0,insufficient_funds,5,1044,active,3.7,card,vip,0.4,1,1
7761.75,25,0.8236,1,gateway_timeout,0,250,active,0.2,netbanking,regular,0.7,0,1
4807.8,10,0.9333,1,insufficient_funds,2,38,active,2.5,upi,regular,5.7,1,1
3234.48,10,0.8341,3,authentication_failed,0,1380,active,0.5,card,starter,5.1,1,1
2401.67,7,0.7634,3,insufficient_funds,0,258,canceled,1.7,netbanking,regular,0.2,0,0
14895.58,3,0.8253,2,card_expired,1,1134,active,9.0,card,regular,2.4,1,1
4817.95,9,0.6783,2,network_error,0,185,canceled,0.1,card,regular,1.3,1,1
4526.47,5,0.6025,1,insufficient_funds,0,13,active,1.3,card,regular,8.1,1,1
1519.18,1,0.9606,1,insufficient_funds,0,658,active,3.3,upi,regular,2.9,0,1
439.12,11,0.8858,3,insufficient_funds,0,545,active,1.5,card,regular,2.3,0,1
14719.28,1,0.8345,3,insufficient_funds,0,167,active,3.7,upi,starter,3.2,0,1
2082.46,2,0.7798,2,authentication_failed,0,107,active,2.6,card,vip,8.3,0,1
3122.26,16,0.8918,1,insufficient_funds,5,41,past_due,2.3,upi,regular,2.1,0,1
808.8,10,0.5682,1,insufficient_funds,0,661,active,6.0,upi,enterprise,4.8,0,1
9267.7,9,0.8116,1,authentication_failed,1,185,canceled,0.7,wallet,regular,0.7,0,0
340.1,5,0.7948,6,authentication_failed,0,382,active,4.7,card,vip,4.1,0,1
9178.56,4,0.7446,3,insufficient_funds,0,240,trialing,4.3,card,starter,5.1,0,1
955.77,11,0.6438,3,network_error,2,32,active,7.5,card,enterprise,1.3,1,1
11082.59,12,0.6672,1,insufficient_funds,0,13,active,1.6,upi,starter,2.7,1,1
6742.46,6,0.8305,2,insufficient_funds,0,119,active,4.7,upi,regular,4.5,0,1
1099.64,33,0.8236,1,insufficient_funds,0,2,active,4.8,netbanking,regular,2.1,0,1
4371.46,29,0.759,0,insufficient_funds,3,60,active,2.6,upi,regular,0.8,0,1
2074.6,5,0.6039,4,card_expired,1,623,active,2.3,card,regular,0.2,0,0
1181.49,16,0.8568,2,insufficient_funds,1,217,active,4.9,upi,vip,2.3,1,1
10001.44,7,0.796,2,gateway_timeout,0,297,active,2.5,card,regular,0.2,0,1
2783.57,6,0.5283,0,insufficient_funds,1,378,active,0.8,netbanking,enterprise,1.5,0,1
2742.01,0,0.7,3,insufficient_funds,0,733,past_due,6.8,card,enterprise,3.4,0,1
1130.97,8,0.664,1,gateway_timeout,0,42,canceled,0.9,card,regular,3.0,1,1
2614.96,21,0.8658,1,insufficient_funds,1,215,active,0.8,upi,regular,4.0,0,1
10463.68,14,0.6459,0,network_error,1,124,active,5.3,card,regular,3.5,1,0
2455.94,14,0.8777,4,insufficient_funds,0,121,unpaid,1.1,upi,regular,3.2,0,0
15341.65,1,0.8075,2,insufficient_funds,1,286,active,1.1,upi,regular,1.4,1,1
14822.54,4,0.9388,2,insufficient_funds,2,57,active,4.5,upi,vip,0.4,0,1
982.68,2,0.5056,1,card_expired,1,252,active,0.2,card,vip,0.5,1,1
1175.89,3,0.3814,3,authentication_failed,2,113,past_due,1.0,netbanking,starter,4.4,0,0
10126.99,8,0.9074,2,insufficient_funds,2,32,active,2.3,card,regular,6.8,0,1
2694.16,4,0.5455,4,network_error,5,471,active,1.3,card,enterprise,0.3,0,0
221.92,7,0.7923,4,network_error,1,39,trialing,4.1,upi,enterprise,10.7,1,1
1800.14,5,0.8461,3,authentication_failed,0,177,past_due,0.4,card,regular,10.6,1,1
4751.9,3,0.8838,1,insufficient_funds,1,82,canceled,2.1,card,regular,5.9,1,0
8228.87,0,0.8646,1,insufficient_funds,2,767,active,4.6,upi,regular,3.6,0,1
915.82,21,0.8672,1,insufficient_funds,3,238,active,5.9,card,regular,0.2,1,1
785.71,0,0.9081,2,card_expired,0,254,past_due,6.1,upi,starter,3.4,1,1
12961.18,0,0.9739,2,insufficient_funds,1,196,active,2.3,upi,starter,5.4,0,1
7154.49,16,0.7178,2,insufficient_funds,2,567,active,1.5,card,regular,14.0,0,1
4655.3,54,0.734,1,insufficient_funds,5,91,active,4.5,netbanking,starter,0.3,1,1
7530.73,12,0.7446,0,insufficient_funds,0,210,trialing,1.1,wallet,starter,6.9,1,1
3000.56,0,0.8915,0,gateway_timeout,0,64,canceled,9.6,upi,enterprise,5.0,0,1
7303.51,2,0.8137,0,insufficient_funds,4,55,active,0.9,netbanking,enterprise,4.4,0,1
2524.51,33,0.5847,0,insufficient_funds,0,165,active,1.7,netbanking,regular,0.2,1,1
1599.2,15,0.7615,5,insufficient_funds,0,81,active,0.2,upi,starter,0.2,1,1
6728.43,7,0.3169,3,authentication_failed,1,345,active,0.1,card,vip,5.7,0,1
2920.81,2,0.8622,0,network_error,0,11,active,5.1,card,starter,1.0,0,1
20116.82,0,0.7652,0,insufficient_funds,4,31,trialing,6.5,netbanking,regular,9.0,1,1
2349.96,0,0.7168,2,insufficient_funds,1,242,canceled,0.6,card,regular,2.9,0,0
12937.79,8,0.851,3,insufficient_funds,0,20,trialing,1.3,netbanking,regular,1.2,1,0
13712.52,0,0.8312,0,insufficient_funds,0,96,active,0.7,card,regular,9.7,0,1
1584.39,47,0.6332,1,authentication_failed,0,246,past_due,1.1,netbanking,regular,1.2,0,1
8202.92,1,0.7369,0,card_expired,2,62,active,1.2,upi,starter,4.5,1,1
3037.64,11,0.6049,0,network_error,1,377,trialing,6.3,card,regular,3.1,1,1
12676.28,1,0.9063,2,insufficient_funds,0,805,past_due,0.5,card,regular,5.5,0,1
3190.31,7,0.884,1,card_expired,2,689,active,3.7,card,enterprise,2.1,0,1
7018.82,0,0.7386,3,insufficient_funds,3,23,trialing,1.3,card,regular,1.9,0,1
3345.86,13,0.7519,1,authentication_failed,1,319,past_due,2.6,card,enterprise,4.8,1,1
1492.56,8,0.9507,1,insufficient_funds,5,354,canceled,1.4,card,regular,18.6,0,0
1311.66,0,0.9285,0,insufficient_funds,1,49,active,4.6,wallet,enterprise,15.8,1,1
2970.68,17,0.4671,1,insufficient_funds,0,25,trialing,4.1,netbanking,regular,0.3,1,1
7242.59,7,0.7817,0,insufficient_funds,4,28,past_due,1.3,netbanking,regular,4.3,1,0
4845.25,24,0.6927,1,gateway_timeout,0,172,past_due,3.5,upi,starter,0.1,0,1
6033.86,23,0.7559,1,network_error,2,517,active,0.6,card,vip,5.9,0,1
1858.7,24,0.7984,4,insufficient_funds,1,101,active,10.0,upi,regular,6.4,0,1
3483.45,0,0.7927,1,gateway_timeout,0,46,active,12.1,wallet,starter,1.2,0,1
427.05,1,0.7632,3,authentication_failed,0,231,active,13.2,upi,regular,5.9,0,1
8705.91,41,0.8104,5,insufficient_funds,1,118,active,4.8,wallet,vip,0.4,1,1
23172.22,6,0.7141,1,insufficient_funds,2,1009,active,2.6,upi,enterprise,0.7,0,1
2811.78,2,0.7311,1,insufficient_funds,0,188,active,11.3,card,starter,3.6,1,1
255.12,13,0.7385,0,gateway_timeout,5,4,active,0.2,upi,vip,2.3,1,1
1130.4,2,0.8805,1,insufficient_funds,2,359,active,2.6,upi,starter,13.6,1,0
5485.34,12,0.7443,2,authentication_failed,1,689,active,6.8,netbanking,vip,4.8,1,1
4934.77,17,0.5402,3,insufficient_funds,1,347,active,2.4,netbanking,regular,5.8,1,1
7952.66,14,0.4484,2,card_expired,2,82,trialing,7.1,upi,starter,8.8,1,1
1664.37,3,0.317,3,insufficient_funds,4,502,past_due,13.7,upi,enterprise,8.6,0,0
7411.83,4,0.663,1,card_expired,5,221,active,1.1,upi,regular,7.3,1,1
6023.5,5,0.3254,0,insufficient_funds,3,182,past_due,0.8,upi,starter,6.4,0,0
2149.05,6,0.6196,1,authentication_failed,0,53,active,11.8,upi,regular,7.8,0,1
4142.66,1,0.704,1,gateway_timeout,4,140,past_due,1.0,card,regular,0.3,1,1
996.58,5,0.9684,2,insufficient_funds,2,297,past_due,4.0,netbanking,regular,4.5,1,1
3212.55,6,0.5639,0,insufficient_funds,1,440,active,2.3,upi,regular,5.9,0,1
10851.46,7,0.7079,1,network_error,0,538,active,1.8,card,vip,2.9,0,1
2933.92,16,0.7276,1,insufficient_funds,0,201,active,0.6,upi,regular,8.4,0,1
9349.39,6,0.8398,1,card_expired,1,517,active,3.4,upi,enterprise,6.1,0,1
4661.08,2,0.7161,2,authentication_failed,2,808,paused,1.5,card,enterprise,0.4,0,1
1265.2,10,0.7112,4,insufficient_funds,2,305,active,2.4,upi,regular,8.7,1,1
4550.69,15,0.5083,1,authentication_failed,1,506,canceled,4.2,upi,regular,2.2,0,1
3725.93,3,0.3419,1,authentication_failed,2,748,paused,17.8,upi,regular,3.2,1,1
2742.82,9,0.5679,2,insufficient_funds,1,110,active,1.7,wallet,regular,1.9,1,1
837.07,1,0.6763,1,gateway_timeout,1,428,active,2.0,upi,regular,10.3,1,1
2895.34,3,0.9254,1,insufficient_funds,0,239,past_due,2.0,upi,starter,2.5,1,1
577.73,22,0.9076,1,insufficient_funds,0,371,trialing,2.4,upi,starter,13.1,1,1
719.97,22,0.7348,0,authentication_failed,2,30,active,3.1,card,regular,11.1,0,1
2888.56,8,0.7864,2,card_expired,0,598,active,0.1,card,regular,4.0,1,1
2021.96,11,0.6977,1,authentication_failed,3,319,active,7.4,upi,enterprise,2.0,1,1
13187.76,18,0.7124,0,insufficient_funds,0,73,canceled,3.5,card,regular,0.3,0,0
2555.67,30,0.8195,0,insufficient_funds,1,284,paused,2.2,upi,starter,0.1,1,1
7291.16,6,0.9524,2,gateway_timeout,0,269,past_due,0.1,upi,regular,9.4,0,0
3977.75,7,0.4921,2,insufficient_funds,0,201,past_due,1.4,upi,enterprise,4.9,0,1
6288.43,5,0.7889,3,gateway_timeout,0,49,active,1.4,upi,enterprise,1.7,1,1
1706.31,0,0.3483,4,insufficient_funds,2,185,active,4.7,card,vip,1.0,1,1
14428.38,5,0.4262,0,network_error,1,254,active,0.7,wallet,starter,0.3,1,1
3976.05,14,0.8343,2,authentication_failed,2,201,active,0.4,upi,regular,2.8,0,1
9098.88,15,0.6303,1,card_expired,2,102,active,5.3,card,starter,2.2,1,0
2471.01,21,0.9767,1,insufficient_funds,0,304,active,2.6,card,enterprise,2.9,0,1
727.98,0,0.5635,4,gateway_timeout,0,255,past_due,5.8,upi,starter,3.4,0,1
5799.87,7,0.8037,1,insufficient_funds,4,67,canceled,1.0,upi,vip,5.1,0,0
238.95,1,0.2033,1,insufficient_funds,0,119,active,0.6,upi,starter,2.1,0,1
3424.58,2,0.7942,2,insufficient_funds,0,160,active,0.3,wallet,regular,0.2,1,1
1270.93,21,0.9162,1,authentication_failed,4,477,active,2.1,card,enterprise,3.2,1,1
5135.92,6,0.6841,1,authentication_failed,1,28,trialing,2.8,upi,enterprise,4.1,1,1
19617.15,13,0.7362,0,insufficient_funds,3,129,active,2.5,card,regular,1.3,1,1
3321.87,0,0.7673,0,insufficient_funds,2,25,unpaid,5.6,card,regular,1.9,0,0
8704.98,5,0.9043,1,gateway_timeout,4,282,past_due,4.0,card,regular,6.2,1,1
3744.19,10,0.5493,0,gateway_timeout,2,132,active,1.6,netbanking,starter,2.7,0,1
3624.31,1,0.9634,5,insufficient_funds,0,87,active,2.7,wallet,enterprise,3.0,1,1
13526.64,3,0.5493,1,gateway_timeout,2,466,past_due,1.2,upi,starter,5.2,1,1
11234.82,0,0.5315,0,card_expired,0,1320,past_due,3.4,upi,vip,6.8,1,1
7904.24,10,0.6072,4,insufficient_funds,0,326,active,0.5,upi,regular,3.8,1,1
1956.7,33,0.6316,1,gateway_timeout,0,3,active,0.3,netbanking,regular,5.3,1,1
4137.38,16,0.8456,5,card_expired,0,908,past_due,5.1,netbanking,enterprise,8.4,0,1
1467.35,34,0.9452,2,insufficient_funds,0,38,active,4.9,card,starter,0.7,0,1
3134.19,17,0.7528,1,insufficient_funds,1,88,active,3.5,upi,regular,0.9,0,1
3510.31,18,0.7654,2,insufficient_funds,4,135,past_due,1.4,card,regular,5.0,0,0
9108.25,8,0.6729,0,gateway_timeout,0,39,past_due,0.7,netbanking,vip,16.1,0,1
11518.19,6,0.9643,0,authentication_failed,4,139,active,2.4,upi,regular,0.0,1,1
2877.47,4,0.7225,1,insufficient_funds,1,580,active,0.5,upi,regular,1.7,1,1
289.32,16,0.9607,1,insufficient_funds,2,77,active,4.1,upi,enterprise,1.7,0,1
10094.32,1,0.7063,2,insufficient_funds,0,78,canceled,3.0,upi,enterprise,0.8,0,1
1157.49,0,0.7159,1,insufficient_funds,3,224,active,2.3,card,regular,3.5,1,1
5062.74,28,0.7415,2,network_error,1,277,active,0.1,upi,starter,5.0,1,1
326.44,0,0.8857,3,insufficient_funds,0,226,canceled,4.8,card,enterprise,4.8,0,1
2750.02,35,0.8304,1,insufficient_funds,1,21,active,8.4,card,enterprise,16.7,0,1
21529.33,12,0.8015,0,network_error,1,530,trialing,4.8,card,regular,1.7,0,1
730.66,3,0.4725,2,insufficient_funds,1,331,trialing,3.1,card,regular,3.9,1,1
2955.58,11,0.6197,0,card_expired,0,213,active,5.5,card,regular,0.4,1,0
2034.71,16,0.756,3,card_expired,0,148,past_due,5.3,card,starter,5.4,0,0
11974.03,2,0.8119,0,insufficient_funds,1,922,active,5.4,card,regular,9.3,0,1
10375.79,13,0.8502,4,insufficient_funds,1,455,active,1.0,card,regular,14.3,0,1
1557.07,15,0.7141,1,network_error,2,76,active,0.6,card,regular,4.1,1,1
623.37,2,0.6511,2,authentication_failed,4,247,active,0.5,card,regular,6.0,0,1
5132.74,0,0.8173,2,card_expired,0,67,past_due,0.4,upi,regular,9.1,1,1
2250.14,2,0.6592,2,card_expired,1,212,active,8.5,card,regular,9.4,0,1
5774.99,2,0.5135,0,authentication_failed,1,330,active,2.8,upi,regular,1.7,0,1
363.23,0,0.8196,3,insufficient_funds,1,157,past_due,0.8,card,enterprise,5.3,1,1
915.88,12,0.9407,1,authentication_failed,2,90,trialing,2.2,card,vip,14.1,0,1
5997.74,4,0.5591,1,insufficient_funds,1,105,active,0.3,card,starter,13.8,0,0
1393.64,20,0.8361,0,insufficient_funds,0,494,canceled,0.8,wallet,vip,1.0,1,1
9945.14,2,0.7394,1,insufficient_funds,1,19,active,5.5,upi,enterprise,12.8,1,1
501.89,5,0.9646,1,insufficient_funds,2,609,unpaid,3.5,card,vip,13.6,1,1
1413.43,9,0.2658,1,insufficient_funds,4,75,active,0.7,upi,vip,4.1,0,0
32916.42,19,0.2939,3,insufficient_funds,0,240,active,3.5,netbanking,enterprise,1.2,0,1
3037.65,7,0.6955,2,insufficient_funds,1,175,canceled,3.2,wallet,enterprise,0.3,0,1
6269.54,4,0.7514,2,insufficient_funds,0,95,active,4.3,card,starter,1.1,0,1
1208.52,19,0.8916,2,insufficient_funds,0,574,past_due,11.8,netbanking,regular,0.7,0,0
4906.36,3,0.8571,0,insufficient_funds,1,440,canceled,0.6,netbanking,regular,1.1,0,1
6675.07,0,0.896,2,network_error,0,201,unpaid,9.0,netbanking,enterprise,17.9,0,0
2087.86,5,0.6671,2,insufficient_funds,0,131,active,1.3,upi,regular,0.9,1,1
9027.45,14,0.8279,3,authentication_failed,3,282,trialing,1.6,netbanking,enterprise,3.7,1,0
4824.36,0,0.8331,1,insufficient_funds,1,32,unpaid,2.5,upi,starter,1.3,1,1
2664.3,8,0.5227,2,gateway_timeout,4,736,active,5.9,card,starter,0.4,1,0
4278.18,8,0.5933,2,gateway_timeout,0,551,active,5.0,card,regular,1.4,1,1
4499.09,25,0.8018,0,gateway_timeout,0,179,trialing,2.6,upi,regular,5.8,1,1
1104.82,3,0.8086,2,insufficient_funds,0,451,active,6.7,netbanking,regular,1.1,0,1
2776.95,3,0.8581,1,insufficient_funds,1,630,active,3.8,card,regular,0.8,1,1
2303.63,5,0.5359,2,insufficient_funds,2,36,unpaid,11.3,netbanking,enterprise,0.5,1,1
2761.66,4,0.7742,2,gateway_timeout,1,77,past_due,2.5,upi,starter,0.8,1,1
7358.77,12,0.7817,2,gateway_timeout,2,60,past_due,5.6,upi,regular,0.2,0,1
3494.1,9,0.7741,1,network_error,1,274,trialing,0.3,card,starter,1.0,1,1
14293.47,13,0.936,0,network_error,0,1020,trialing,1.6,upi,vip,12.5,1,1
1938.41,16,0.8455,4,network_error,2,9,trialing,9.9,card,vip,28.8,0,1
2886.73,24,0.7428,3,authentication_failed,0,1330,active,2.9,upi,vip,6.7,1,1
7931.3,5,0.6435,3,insufficient_funds,1,31,active,12.1,netbanking,regular,3.9,0,0
4148.56,39,0.8462,0,network_error,0,245,active,0.1,upi,regular,0.3,0,1
4159.63,2,0.5791,1,card_expired,0,285,active,2.5,netbanking,starter,8.5,0,1
474.08,11,0.6702,1,insufficient_funds,1,10,active,5.2,netbanking,regular,1.0,0,1
2742.47,7,0.7178,2,authentication_failed,4,102,paused,1.6,wallet,regular,6.6,1,0
1778.58,16,0.9071,0,insufficient_funds,1,158,active,2.5,wallet,regular,19.6,1,1
36779.54,6,0.4918,3,insufficient_funds,1,595,past_due,0.7,netbanking,regular,8.6,0,1
2043.41,14,0.7992,2,card_expired,2,303,paused,2.3,upi,vip,4.7,1,0
10992.27,25,0.6971,3,network_error,1,248,active,2.8,netbanking,enterprise,1.0,1,1
5838.67,12,0.8859,4,authentication_failed,0,35,canceled,3.7,upi,starter,27.4,0,0
2284.52,14,0.912,3,insufficient_funds,0,86,past_due,2.5,upi,starter,0.5,0,1
4121.21,0,0.8049,3,gateway_timeout,0,145,active,1.0,card,regular,6.9,0,1
9379.68,2,0.8167,0,card_expired,3,90,active,13.0,card,vip,1.6,0,0
10943.67,34,0.4929,0,authentication_failed,2,144,past_due,6.0,wallet,vip,0.1,0,1
1074.11,11,0.6402,1,authentication_failed,1,632,paused,6.7,card,regular,2.0,0,1
2274.34,7,0.7121,1,card_expired,0,233,active,4.1,upi,regular,5.3,0,1
2241.52,4,0.7961,0,gateway_timeout,0,183,unpaid,7.3,upi,regular,12.6,0,1
414.77,0,0.6818,3,insufficient_funds,1,193,active,3.5,upi,regular,0.2,0,1
4759.47,4,0.8895,1,network_error,0,372,unpaid,6.7,card,starter,8.4,1,1
9848.91,6,0.798,0,gateway_timeout,1,924,unpaid,10.8,card,enterprise,3.9,1,1
2602.89,2,0.4356,1,authentication_failed,1,1003,active,0.4,upi,regular,3.3,1,1
6936.06,1,0.7565,0,insufficient_funds,0,270,active,4.9,card,regular,7.0,1,0
5140.28,6,0.902,0,insufficient_funds,3,115,unpaid,1.7,upi,regular,1.3,0,1
2555.21,8,0.7949,1,network_error,0,224,canceled,1.6,netbanking,regular,5.5,0,1
960.28,2,0.6466,1,gateway_timeout,1,18,unpaid,0.6,upi,starter,1.9,0,1
6377.73,8,0.7295,0,insufficient_funds,3,45,active,13.2,wallet,regular,5.0,0,1
9840.14,21,0.6362,1,gateway_timeout,0,554,active,5.5,upi,regular,0.1,0,1
5989.5,6,0.5712,4,insufficient_funds,1,345,active,0.3,card,regular,14.1,0,1
290.2,18,0.6194,3,insufficient_funds,1,71,active,2.4,netbanking,vip,12.2,1,1
1418.22,24,0.6568,1,authentication_failed,3,133,active,2.3,card,regular,13.8,1,0
560.06,0,0.5897,1,network_error,3,17,active,0.4,netbanking,regular,0.4,1,1
4424.34,0,0.9637,1,insufficient_funds,3,500,active,4.5,upi,starter,0.8,1,1
7262.73,6,0.861,2,insufficient_funds,1,90,canceled,0.7,upi,vip,11.6,0,1
785.92,8,0.6571,0,gateway_timeout,0,198,past_due,0.6,upi,vip,6.5,0,1
9311.23,5,0.8821,3,network_error,0,1071,active,2.0,upi,regular,3.0,1,1
4254.13,3,0.609,2,gateway_timeout,2,50,past_due,1.0,upi,regular,1.7,1,1
6055.42,9,0.5774,2,gateway_timeout,1,535,active,8.6,upi,regular,9.4,0,1
17972.07,0,0.7827,0,authentication_failed,0,75,active,5.8,card,regular,8.7,0,0
636.95,32,0.6596,1,insufficient_funds,1,31,active,5.7,upi,enterprise,1.6,0,1
11774.5,2,0.7821,2,insufficient_funds,2,6,past_due,3.1,upi,enterprise,3.4,1,1
873.96,23,0.6887,3,insufficient_funds,3,458,active,2.8,upi,enterprise,4.9,0,1
2695.79,1,0.5238,2,insufficient_funds,0,1,active,5.7,netbanking,starter,0.6,0,1
9733.79,2,0.835,3,network_error,0,761,past_due,5.6,netbanking,enterprise,16.8,0,1
12035.84,2,0.6273,1,authentication_failed,1,51,active,1.5,card,enterprise,7.8,0,1
3729.86,52,0.7758,1,card_expired,0,419,active,1.3,card,starter,5.3,1,1
4708.3,0,0.6765,0,insufficient_funds,0,495,active,1.1,card,starter,9.9,1,1
6357.53,9,0.8349,3,insufficient_funds,0,23,active,7.2,upi,regular,0.9,0,1
9141.59,19,0.6627,2,gateway_timeout,0,121,active,1.9,card,regular,5.7,0,1
847.76,10,0.858,0,insufficient_funds,3,82,active,5.3,card,enterprise,0.5,1,1
8505.48,4,0.8282,1,insufficient_funds,2,4,active,2.1,card,vip,1.0,0,1
3481.92,30,0.6698,3,authentication_failed,0,138,active,2.2,card,regular,1.5,0,1
3194.86,21,0.8912,2,gateway_timeout,1,167,past_due,3.4,netbanking,regular,3.7,1,1
2957.37,5,0.4389,2,insufficient_funds,1,285,active,5.1,upi,regular,0.7,0,1
3758.71,8,0.5833,1,card_expired,5,71,past_due,1.3,upi,starter,5.3,0,0
14706.71,32,0.9132,1,authentication_failed,0,469,active,8.0,upi,regular,0.6,0,1
4172.62,38,0.607,0,gateway_timeout,0,164,past_due,2.3,upi,regular,1.6,1,1
15506.96,5,0.8251,1,insufficient_funds,4,278,canceled,1.8,card,enterprise,6.8,1,1
1194.02,17,0.5943,0,insufficient_funds,1,158,active,1.2,card,regular,6.0,0,1
6639.24,3,0.9767,0,insufficient_funds,2,22,active,1.5,wallet,vip,11.5,1,1
8562.94,4,0.9118,0,insufficient_funds,0,1500,active,6.2,upi,vip,4.4,1,1
5883.58,1,0.6306,1,network_error,0,377,active,0.3,upi,starter,10.2,1,1
4868.74,2,0.6595,0,authentication_failed,3,994,active,0.7,upi,vip,9.6,0,1
4359.89,10,0.7998,3,insufficient_funds,1,432,canceled,1.8,upi,regular,3.0,0,0
10063.91,6,0.7447,0,insufficient_funds,2,153,canceled,0.7,card,vip,9.6,0,1
8819.94,2,0.7915,3,authentication_failed,0,294,active,3.6,upi,enterprise,6.3,0,1
852.19,4,0.5013,2,card_expired,0,452,canceled,5.8,card,vip,1.0,1,1
9638.74,4,0.9031,4,insufficient_funds,0,259,past_due,0.7,upi,regular,4.5,0,1
2872.76,41,0.6614,0,authentication_failed,2,263,active,1.8,upi,enterprise,2.6,0,1
1663.12,18,0.3279,2,insufficient_funds,0,57,trialing,14.1,upi,enterprise,2.0,0,1
10392.21,4,0.4518,1,authentication_failed,1,30,active,1.2,upi,regular,4.7,0,1
3028.39,23,0.8398,2,gateway_timeout,0,332,active,1.2,upi,starter,3.2,0,1
8460.81,3,0.4163,0,gateway_timeout,1,209,active,0.6,upi,starter,24.1,1,1
1728.58,10,0.6031,2,insufficient_funds,1,330,active,0.1,upi,regular,18.6,1,1
219.69,32,0.7574,0,insufficient_funds,0,219,trialing,0.6,card,regular,5.3,1,1
3620.53,4,0.7641,4,network_error,1,4,active,1.4,upi,regular,1.3,0,1
728.07,10,0.8499,1,insufficient_funds,1,901,active,5.3,upi,regular,4.7,1,1
7219.77,3,0.7423,1,authentication_failed,2,33,active,3.8,netbanking,starter,1.0,0,1
1815.34,2,0.9419,1,gateway_timeout,2,310,trialing,0.6,upi,enterprise,7.8,0,1
3131.75,8,0.892,2,gateway_timeout,0,239,active,3.3,netbanking,regular,17.6,1,1
655.28,36,0.7821,2,gateway_timeout,0,72,active,4.8,card,regular,1.3,0,1
1888.98,5,0.8047,1,insufficient_funds,1,440,active,7.8,card,enterprise,2.9,0,1
7804.62,26,0.9368,2,insufficient_funds,1,76,past_due,13.1,card,regular,1.7,0,1
1021.94,23,0.4132,3,authentication_failed,5,19,active,4.8,netbanking,enterprise,0.0,1,1
5408.7,2,0.8515,0,authentication_failed,0,296,trialing,9.1,card,enterprise,17.5,0,1
12670.29,4,0.5095,2,gateway_timeout,1,99,trialing,1.4,upi,regular,4.6,0,1
5894.62,9,0.5785,0,network_error,0,45,paused,4.3,upi,regular,7.7,1,1
8530.62,6,0.983,1,insufficient_funds,0,49,active,3.5,card,regular,24.2,0,1
776.9,0,0.7223,0,network_error,1,4,active,1.6,wallet,starter,0.7,0,1
1643.29,48,0.4017,1,insufficient_funds,1,91,unpaid,1.0,card,starter,0.6,0,0
11447.06,13,0.6341,2,insufficient_funds,0,81,trialing,0.1,upi,starter,4.5,0,1
6478.18,5,0.9302,1,insufficient_funds,0,165,active,0.4,upi,regular,6.3,0,1
5302.06,9,0.6734,0,insufficient_funds,0,164,trialing,1.3,netbanking,regular,2.0,0,1
5649.75,0,0.6131,0,authentication_failed,0,285,canceled,11.0,wallet,regular,3.6,0,0
2873.89,6,0.9359,2,authentication_failed,0,180,canceled,1.4,upi,regular,1.2,0,1
427.9,25,0.7743,2,insufficient_funds,2,421,trialing,3.8,upi,regular,5.0,0,1
7872.62,21,0.7272,0,authentication_failed,1,519,active,0.1,upi,starter,0.8,0,1
5877.11,3,0.8071,3,insufficient_funds,2,201,active,4.0,upi,regular,2.0,0,1
3400.92,7,0.8219,1,insufficient_funds,2,471,canceled,5.8,card,regular,0.1,0,1
11700.92,11,0.4223,3,insufficient_funds,0,1159,active,7.9,card,enterprise,3.0,1,1
2248.57,3,0.4387,1,insufficient_funds,0,272,active,0.9,card,regular,1.2,1,1
1942.98,0,0.6489,2,authentication_failed,0,53,active,0.5,card,vip,0.1,0,1
10509.83,6,0.5435,1,card_expired,3,191,past_due,2.6,upi,regular,13.4,0,0
8172.44,8,0.826,1,insufficient_funds,2,16,active,3.9,wallet,starter,1.6,1,1
3817.82,0,0.442,2,insufficient_funds,0,378,past_due,2.0,card,regular,17.4,1,0
900.53,0,0.65,1,gateway_timeout,0,11,active,0.7,card,regular,8.6,0,1
1410.81,2,0.8198,1,network_error,1,165,past_due,6.3,card,regular,8.3,1,1
5538.88,4,0.9052,2,insufficient_funds,1,668,active,3.6,upi,enterprise,8.4,0,0
2631.0,7,0.9142,1,insufficient_funds,3,472,paused,5.9,card,enterprise,0.7,1,1
9253.89,3,0.8436,1,insufficient_funds,0,13,active,6.6,netbanking,regular,7.8,0,1
15174.16,3,0.7038,1,insufficient_funds,3,121,past_due,5.6,netbanking,vip,9.0,1,0
8390.14,19,0.734,0,authentication_failed,3,99,active,0.8,card,regular,1.2,0,1
2570.42,1,0.802,1,authentication_failed,1,19,active,0.1,card,enterprise,13.1,0,1
7972.06,6,0.4994,5,insufficient_funds,0,30,active,0.9,upi,starter,1.5,1,1
2365.02,28,0.8152,4,insufficient_funds,1,208,active,14.4,card,regular,14.6,0,1
1114.21,9,0.8018,0,insufficient_funds,1,99,active,4.4,upi,regular,0.7,0,1
369.82,11,0.6235,1,authentication_failed,0,12,active,19.4,card,regular,21.1,0,1
2636.5,5,0.3536,1,gateway_timeout,4,477,trialing,0.6,upi,enterprise,21.2,1,1
11894.14,0,0.7475,2,insufficient_funds,1,197,past_due,7.3,netbanking,enterprise,1.9,1,1
1565.52,9,0.8757,0,gateway_timeout,1,304,active,3.0,card,regular,5.7,0,1
1356.59,9,0.405,0,network_error,1,298,past_due,8.6,card,enterprise,16.8,1,1
17703.01,1,0.7162,1,authentication_failed,1,21,trialing,3.4,upi,regular,2.4,0,1
326.61,5,0.4893,1,network_error,0,2,active,4.4,upi,enterprise,9.2,1,0
7903.81,23,0.7571,0,authentication_failed,2,466,active,4.4,upi,enterprise,1.0,1,1
2138.4,2,0.9169,1,insufficient_funds,0,890,active,9.3,upi,enterprise,8.1,0,1
391.04,5,0.6972,1,insufficient_funds,2,205,active,1.3,upi,vip,0.5,1,0
12693.15,5,0.841,3,authentication_failed,0,182,active,1.7,card,regular,1.7,0,0
952.04,15,0.7272,0,insufficient_funds,0,32,active,0.3,upi,regular,4.0,1,1
4212.35,16,0.6501,1,insufficient_funds,0,205,active,3.1,upi,enterprise,1.3,0,1
1801.4,13,0.829,1,insufficient_funds,1,6,past_due,2.0,netbanking,starter,0.3,0,1
537.07,4,0.863,1,insufficient_funds,1,391,active,3.5,wallet,regular,9.4,0,1
456.06,0,0.8198,2,card_expired,1,184,active,11.2,card,regular,3.4,0,1
813.98,4,0.895,2,gateway_timeout,1,316,active,0.9,upi,regular,4.9,1,1
570.21,10,0.812,3,insufficient_funds,2,163,paused,3.7,card,regular,20.7,1,1
7347.22,11,0.6842,2,insufficient_funds,0,337,past_due,0.7,upi,starter,8.3,0,1
3523.44,31,0.8176,1,insufficient_funds,0,201,trialing,1.4,upi,regular,0.2,1,1
2299.54,5,0.4026,1,gateway_timeout,0,191,active,3.6,netbanking,regular,25.2,0,1
2909.59,9,0.26,1,gateway_timeout,0,116,canceled,1.9,upi,regular,24.6,0,0
13421.63,7,0.8823,5,gateway_timeout,0,85,active,1.7,upi,regular,9.9,1,1
12281.67,1,0.7778,3,insufficient_funds,3,363,active,7.8,card,regular,10.2,1,1
6488.21,5,0.6499,1,network_error,1,310,active,8.2,card,vip,10.1,0,1
11000.33,7,0.6657,4,card_expired,1,579,trialing,3.2,card,vip,4.8,1,1
2125.73,28,0.8689,2,authentication_failed,2,387,trialing,8.4,wallet,regular,1.0,0,1
2599.13,4,0.8173,3,gateway_timeout,0,20,active,2.7,upi,regular,4.0,0,1
4955.86,37,0.8154,1,insufficient_funds,3,771,active,7.0,card,regular,7.7,0,1
5085.86,7,0.7943,1,authentication_failed,1,347,active,10.6,netbanking,enterprise,28.4,1,1
3486.0,2,0.9487,2,insufficient_funds,1,107,active,2.1,upi,regular,7.3,1,1
2759.61,2,0.3914,6,gateway_timeout,0,259,canceled,0.6,upi,starter,9.3,1,1
21608.31,1,0.6037,0,insufficient_funds,1,362,active,0.4,upi,starter,4.2,0,1
8805.3,5,0.789,4,network_error,0,37,past_due,2.1,upi,regular,0.1,0,1
3054.47,0,0.9024,0,network_error,0,847,active,5.1,netbanking,regular,16.2,1,1
6696.78,5,0.7944,0,insufficient_funds,0,263,trialing,0.1,card,regular,7.2,0,1
1770.55,42,0.925,2,card_expired,2,6,past_due,1.6,upi,regular,1.8,1,1
727.74,10,0.8641,5,insufficient_funds,3,202,canceled,5.6,upi,enterprise,0.9,1,1
2372.65,13,0.7707,5,insufficient_funds,1,54,active,1.6,upi,regular,0.3,0,1
2778.96,1,0.826,1,insufficient_funds,5,73,active,2.2,card,regular,0.5,1,1
283.38,6,0.7352,0,authentication_failed,3,18,active,0.1,upi,starter,2.6,1,1
8631.38,3,0.517,2,network_error,1,136,active,6.9,upi,vip,0.3,0,1
2425.14,21,0.7258,1,insufficient_funds,0,77,canceled,3.7,upi,regular,4.7,1,1
4542.48,1,0.457,1,insufficient_funds,0,453,active,17.3,upi,regular,12.1,0,1
584.21,5,0.9094,1,insufficient_funds,1,493,past_due,3.9,upi,enterprise,2.2,1,1
1161.84,8,0.8526,3,insufficient_funds,1,7,active,1.8,card,regular,0.9,0,1
11222.47,6,0.8626,2,authentication_failed,0,371,active,18.1,upi,enterprise,1.8,0,1
4891.24,16,0.6338,1,gateway_timeout,3,10,paused,1.8,upi,regular,5.9,1,1
15207.15,2,0.6134,5,insufficient_funds,0,149,active,4.7,wallet,starter,0.3,1,0
33623.2,4,0.6742,1,card_expired,2,28,active,1.1,card,regular,0.4,1,1
2524.96,14,0.8624,3,authentication_failed,1,206,past_due,17.1,netbanking,starter,0.0,1,1
1974.83,7,0.7691,1,insufficient_funds,1,782,active,3.7,wallet,regular,1.8,0,1
9972.19,4,0.7239,0,insufficient_funds,1,66,trialing,9.5,card,enterprise,0.4,0,1
33097.39,0,0.6822,2,network_error,1,458,active,0.7,netbanking,regular,5.1,1,1
5166.42,13,0.568,3,authentication_failed,1,383,active,3.7,upi,enterprise,6.2,1,1
8127.16,33,0.6318,1,authentication_failed,1,357,active,4.0,netbanking,regular,5.5,0,1
7810.48,9,0.6794,3,insufficient_funds,1,78,active,6.5,netbanking,enterprise,0.6,1,1
2395.16,18,0.8485,3,authentication_failed,5,242,past_due,0.2,upi,vip,2.7,1,0
4469.75,6,0.6448,2,insufficient_funds,0,23,unpaid,7.5,netbanking,starter,7.2,0,0
9150.51,2,0.663,1,insufficient_funds,0,166,active,4.6,upi,vip,1.6,0,0
6025.59,0,0.8814,0,card_expired,0,632,active,0.1,netbanking,regular,1.6,1,1
306.95,10,0.6008,2,insufficient_funds,3,180,active,1.5,upi,regular,1.2,1,1
2252.68,6,0.8609,1,card_expired,1,9,trialing,2.2,upi,regular,0.3,0,0
980.2,14,0.8594,2,insufficient_funds,3,300,trialing,10.1,card,regular,10.8,0,1
1526.16,11,0.5469,1,insufficient_funds,2,516,past_due,1.5,card,starter,10.2,1,1
11995.22,41,0.6224,3,gateway_timeout,0,55,active,2.3,upi,starter,14.7,1,1
387.96,6,0.5523,0,gateway_timeout,1,43,active,2.5,upi,enterprise,16.6,1,1
1441.03,5,0.925,0,authentication_failed,0,8,past_due,0.2,upi,enterprise,0.2,0,1
2052.2,3,0.7179,2,network_error,1,360,active,2.4,card,regular,10.5,0,1
4997.09,6,0.5759,0,authentication_failed,0,607,active,1.9,card,enterprise,0.1,1,1
4018.94,19,0.677,2,gateway_timeout,1,168,active,1.1,upi,enterprise,6.6,0,1
1431.23,0,0.9036,1,insufficient_funds,1,82,trialing,0.6,upi,starter,4.5,1,0
1097.08,36,0.7979,0,authentication_failed,0,648,trialing,3.1,upi,starter,1.0,0,1
1551.16,47,0.5593,1,gateway_timeout,2,56,active,3.1,card,regular,0.1,1,1
3691.1,8,0.5803,3,gateway_timeout,1,138,trialing,4.4,card,regular,6.8,0,1
1781.63,3,0.5693,4,card_expired,3,587,active,3.7,upi,enterprise,6.3,1,1
14944.48,2,0.5387,1,insufficient_funds,0,1102,active,7.2,card,vip,0.8,0,1
3316.85,3,0.6539,0,insufficient_funds,2,77,canceled,3.5,card,vip,6.0,1,0
502.98,0,0.5271,3,insufficient_funds,0,757,active,1.2,upi,regular,11.6,0,0
6733.1,6,0.2732,1,card_expired,1,165,past_due,9.0,upi,starter,2.6,0,0
2193.78,0,0.7376,0,card_expired,2,253,active,0.9,netbanking,regular,6.7,1,1
5499.2,12,0.3119,1,insufficient_funds,2,357,active,0.1,upi,enterprise,4.9,0,1
1839.7,4,0.739,4,insufficient_funds,1,117,past_due,9.4,netbanking,vip,0.9,0,1
4428.51,2,0.7882,1,network_error,1,450,trialing,1.3,upi,regular,3.3,0,1
7595.39,7,0.6717,3,insufficient_funds,2,642,past_due,0.6,upi,regular,3.0,0,0
13356.05,34,0.5251,0,insufficient_funds,1,359,active,2.4,netbanking,regular,0.3,0,1
1713.15,11,0.6141,2,authentication_failed,2,32,canceled,6.2,upi,regular,9.0,1,1
2238.77,6,0.5567,4,insufficient_funds,1,14,active,1.4,card,regular,2.1,0,1
3320.59,14,0.8969,2,gateway_timeout,0,90,trialing,1.1,card,starter,3.0,1,1
13298.47,12,0.84,5,insufficient_funds,2,371,active,4.6,netbanking,regular,2.7,1,0
11782.75,21,0.4222,1,network_error,0,489,canceled,4.3,upi,enterprise,0.9,1,1
670.88,2,0.4756,2,insufficient_funds,3,132,active,6.4,netbanking,regular,7.3,0,1
907.41,18,0.8304,3,card_expired,0,33,active,7.6,wallet,regular,4.6,1,0
3621.03,3,0.7668,0,authentication_failed,0,344,active,2.8,upi,regular,2.1,1,1
763.71,26,0.9204,0,authentication_failed,0,460,active,7.8,netbanking,regular,0.2,0,1
2320.04,3,0.7298,2,insufficient_funds,0,29,past_due,12.1,card,regular,0.1,0,1
1003.11,24,0.7241,1,network_error,1,139,active,6.0,card,vip,1.4,1,1
5253.56,31,0.6197,3,card_expired,2,257,active,1.9,card,enterprise,0.9,0,1
15128.46,1,0.5877,1,insufficient_funds,1,351,past_due,2.5,card,regular,5.9,1,1
28820.59,34,0.9427,1,authentication_failed,3,752,active,1.7,upi,regular,3.0,0,1
2551.95,0,0.6253,3,insufficient_funds,0,56,active,0.2,card,regular,2.2,0,1
4769.13,2,0.94,0,insufficient_funds,2,601,active,2.0,upi,regular,1.3,1,1
9899.01,5,0.915,0,authentication_failed,1,472,active,6.8,card,enterprise,10.2,0,1
824.77,47,0.8276,1,insufficient_funds,4,175,past_due,1.4,wallet,starter,0.8,0,1
6048.89,6,0.6476,1,insufficient_funds,2,225,active,2.5,card,regular,3.8,1,1
2828.37,7,0.4081,0,card_expired,0,302,unpaid,6.8,upi,enterprise,5.2,1,1
1354.28,11,0.7055,0,insufficient_funds,3,568,past_due,5.9,card,vip,3.4,1,1
2777.13,32,0.9274,1,network_error,3,203,trialing,2.5,netbanking,regular,13.9,1,1
595.0,14,0.8722,0,insufficient_funds,2,62,active,0.1,card,enterprise,9.3,0,1
6143.9,2,0.7726,2,network_error,1,140,active,2.9,wallet,regular,6.9,1,1
1656.73,3,0.8265,1,gateway_timeout,2,101,unpaid,2.9,upi,regular,5.2,1,1
2065.51,0,0.718,2,insufficient_funds,0,746,paused,0.7,card,regular,1.0,0,0
845.31,9,0.9216,1,insufficient_funds,0,27,paused,3.4,card,regular,5.6,1,1
10199.79,1,0.8643,1,network_error,1,157,active,7.9,card,regular,4.2,0,0
3600.6,2,0.7277,3,insufficient_funds,0,1105,active,9.3,netbanking,regular,13.3,1,1
4444.88,20,0.763,0,authentication_failed,1,176,active,3.7,card,regular,2.0,0,1
4413.26,3,0.3171,2,network_error,0,144,active,1.3,upi,vip,1.5,0,1
2842.34,7,0.4901,0,insufficient_funds,3,273,past_due,3.5,upi,enterprise,10.3,1,1
1269.25,4,0.8978,3,insufficient_funds,1,64,trialing,3.7,card,regular,2.1,1,1
7035.06,0,0.7491,1,insufficient_funds,2,469,canceled,2.7,wallet,enterprise,7.0,1,1
879.42,4,0.8699,2,insufficient_funds,0,162,active,8.9,card,enterprise,2.6,1,1
748.37,4,0.9145,0,gateway_timeout,0,134,active,4.4,card,enterprise,1.8,0,1
6391.87,21,0.7833,3,insufficient_funds,0,139,active,1.7,card,vip,3.0,0,1
1371.26,3,0.7302,1,insufficient_funds,0,288,active,1.8,netbanking,vip,4.6,0,1
2031.99,4,0.9941,3,gateway_timeout,0,268,active,0.8,netbanking,vip,0.4,1,1
3423.95,14,0.4361,2,network_error,1,180,past_due,1.9,upi,regular,2.2,1,0
3183.29,13,0.9709,1,authentication_failed,2,227,active,2.2,upi,enterprise,2.5,0,1
6364.93,15,0.6764,2,insufficient_funds,0,504,trialing,1.8,card,enterprise,4.6,1,1
5083.28,29,0.6445,0,insufficient_funds,0,412,past_due,1.8,netbanking,vip,12.7,0,1
5369.69,15,0.4671,0,authentication_failed,3,185,active,0.2,card,starter,9.6,0,0
6459.77,4,0.5985,0,insufficient_funds,0,672,active,2.9,card,regular,5.0,1,1
1930.88,16,0.7291,4,authentication_failed,0,155,active,2.3,card,regular,3.2,1,1
2145.5,6,0.7537,2,network_error,2,93,past_due,4.0,card,starter,0.4,1,0
3081.25,3,0.8414,3,insufficient_funds,0,44,canceled,3.8,wallet,enterprise,4.1,1,1
2036.96,3,0.9348,3,gateway_timeout,1,64,active,2.1,card,enterprise,1.5,1,1
21177.86,2,0.7587,1,gateway_timeout,1,283,active,2.1,upi,regular,2.7,0,1
8611.44,1,0.6569,1,authentication_failed,1,215,active,5.0,card,starter,7.0,0,1
1099.55,1,0.6438,1,gateway_timeout,0,36,active,4.8,upi,regular,0.2,0,1
228.05,0,0.7025,2,insufficient_funds,0,163,active,4.1,card,enterprise,12.7,1,1
418.63,20,0.6828,1,insufficient_funds,1,42,canceled,0.1,card,regular,8.1,1,1
1598.99,25,0.6896,0,insufficient_funds,0,130,active,2.1,upi,enterprise,1.7,0,1
806.84,8,0.8603,1,insufficient_funds,0,70,active,3.0,netbanking,regular,3.9,1,0
4010.75,17,0.5276,3,card_expired,1,168,active,0.8,netbanking,regular,0.5,0,1
9959.47,1,0.4894,1,authentication_failed,4,498,active,2.5,card,vip,0.4,0,1
6873.26,22,0.7597,1,insufficient_funds,4,89,active,1.2,card,regular,0.2,0,1
1414.24,6,0.5791,1,insufficient_funds,2,901,active,12.4,upi,starter,11.6,1,0
2748.29,0,0.7746,1,gateway_timeout,0,173,canceled,4.5,upi,regular,0.3,1,1
3745.31,1,0.5431,0,network_error,1,48,active,0.3,upi,enterprise,3.3,1,1
8509.08,3,0.89,1,card_expired,4,275,past_due,1.5,card,enterprise,0.1,1,0
9335.53,0,0.553,4,authentication_failed,1,504,trialing,1.1,card,enterprise,2.4,0,1
12224.1,3,0.8286,2,insufficient_funds,1,163,active,2.0,wallet,regular,2.7,0,1
3759.05,0,0.9153,1,card_expired,0,555,active,0.1,card,vip,1.3,0,1
6125.34,2,0.7901,2,network_error,2,370,active,5.9,upi,starter,3.8,0,0
792.79,2,0.6576,3,network_error,2,31,unpaid,3.9,upi,enterprise,10.6,1,0
4365.37,49,0.8249,4,authentication_failed,0,483,past_due,3.4,upi,starter,5.9,0,1
1629.7,2,0.7655,1,card_expired,0,31,active,4.3,wallet,regular,3.6,1,1
3025.68,2,0.9554,2,gateway_timeout,1,122,past_due,4.7,netbanking,starter,1.8,1,1
5226.3,11,0.5259,2,authentication_failed,0,670,active,6.8,card,regular,1.3,1,1
1685.2,18,0.5567,6,network_error,5,79,active,6.9,card,starter,11.8,0,1
467.98,4,0.8721,0,insufficient_funds,0,3,canceled,11.7,upi,enterprise,2.2,1,0
251.43,19,0.6324,2,authentication_failed,4,140,active,0.3,upi,regular,10.4,1,1
312.04,3,0.5266,2,insufficient_funds,0,710,active,1.7,netbanking,vip,2.0,0,1
241.92,2,0.7823,2,authentication_failed,1,139,active,4.5,card,enterprise,1.9,0,1
784.66,3,0.4638,0,card_expired,5,29,active,3.1,card,enterprise,11.7,1,1
1568.82,8,0.8417,1,insufficient_funds,0,137,canceled,10.2,card,regular,6.1,0,0
1450.14,4,0.7306,2,gateway_timeout,2,1082,active,8.9,upi,enterprise,2.8,0,1
21836.4,10,0.807,1,gateway_timeout,1,57,active,7.9,upi,enterprise,6.0,0,1
2026.46,2,0.633,0,authentication_failed,1,613,trialing,0.9,upi,starter,0.5,0,1
881.51,11,0.606,1,card_expired,1,32,active,0.9,wallet,enterprise,1.0,1,1
4143.47,4,0.9283,2,insufficient_funds,1,29,active,4.8,upi,regular,7.0,0,1
9958.14,5,0.6977,0,insufficient_funds,2,13,active,12.6,card,regular,9.5,1,0
5866.96,7,0.6026,3,gateway_timeout,0,44,active,1.6,upi,enterprise,0.7,0,1
1955.47,11,0.8061,2,network_error,5,712,active,10.0,card,regular,3.5,0,1
4323.3,2,0.5226,2,authentication_failed,3,431,active,10.9,upi,regular,4.0,0,1
6473.8,17,0.8343,1,card_expired,1,102,active,2.8,card,regular,0.4,0,1
6711.69,12,0.7211,1,card_expired,1,38,trialing,5.9,upi,regular,1.6,0,1
5691.14,2,0.8745,1,insufficient_funds,2,206,past_due,0.7,card,regular,3.0,0,1
10432.37,35,0.5871,1,insufficient_funds,0,33,canceled,4.8,upi,starter,12.8,0,0
10405.16,10,0.6059,3,authentication_failed,1,281,active,5.8,netbanking,regular,4.6,1,1
4524.86,5,0.7377,0,card_expired,0,537,active,1.2,upi,regular,1.2,0,1
3009.33,1,0.3983,2,insufficient_funds,1,186,paused,3.4,card,regular,5.7,1,1
5330.11,7,0.4911,2,card_expired,2,66,active,6.1,upi,regular,2.4,0,0
8724.57,1,0.842,2,insufficient_funds,1,95,active,0.4,wallet,regular,5.1,0,1
228.34,5,0.479,1,insufficient_funds,2,121,active,0.1,card,regular,0.1,1,1
24339.7,4,0.5137,1,insufficient_funds,0,806,trialing,0.7,upi,regular,2.8,0,1
1209.93,12,0.702,2,insufficient_funds,1,492,active,1.2,upi,enterprise,6.1,0,1
3376.74,2,0.7928,1,authentication_failed,3,198,active,3.5,upi,enterprise,7.3,1,1
10479.79,16,0.6156,3,authentication_failed,0,288,past_due,9.7,card,starter,14.5,0,1
1474.72,3,0.8352,1,insufficient_funds,1,26,active,2.3,wallet,regular,3.2,0,1
3438.91,5,0.8745,0,insufficient_funds,3,51,paused,2.0,card,vip,13.1,0,1
911.17,14,0.4936,4,authentication_failed,4,201,active,4.9,netbanking,vip,8.2,0,1
2713.26,9,0.9748,1,insufficient_funds,2,34,canceled,0.1,card,regular,3.1,1,1
1174.82,3,0.915,1,authentication_failed,1,6,active,7.4,card,regular,5.2,0,1
2459.86,4,0.7574,1,insufficient_funds,0,28,active,2.2,upi,regular,12.9,0,1
2537.75,3,0.9319,1,authentication_failed,4,28,active,0.5,upi,enterprise,2.2,0,1
25132.73,8,0.5431,3,insufficient_funds,0,338,canceled,2.8,card,enterprise,13.5,0,0
26508.03,3,0.5664,4,authentication_failed,1,475,canceled,3.0,upi,regular,7.1,0,1
809.63,12,0.7864,3,card_expired,0,421,active,1.9,netbanking,regular,0.6,1,1
6672.57,8,0.6379,0,gateway_timeout,4,1184,active,5.7,wallet,regular,8.5,0,0
465.66,1,0.7427,3,network_error,1,543,active,0.7,netbanking,regular,1.8,1,1
353.29,3,0.7824,4,insufficient_funds,3,140,active,14.0,upi,regular,0.2,1,0
756.52,2,0.9495,1,insufficient_funds,1,149,active,9.1,card,regular,3.6,0,1
17031.9,4,0.5615,4,insufficient_funds,2,92,active,5.2,upi,vip,15.0,0,1
14339.54,6,0.975,3,insufficient_funds,2,62,past_due,1.0,upi,vip,9.0,0,0
1277.91,6,0.6536,7,gateway_timeout,3,393,active,3.6,card,starter,4.3,0,0
1081.73,13,0.3348,0,gateway_timeout,0,254,canceled,3.6,card,starter,13.9,0,1
1575.71,1,0.9855,0,authentication_failed,1,38,active,1.7,card,regular,1.9,1,1
3823.67,27,0.3841,0,insufficient_funds,2,302,active,2.4,card,regular,3.3,1,1
4416.42,3,0.4929,1,authentication_failed,5,54,past_due,0.7,netbanking,regular,9.1,0,1
1452.53,3,0.8496,2,authentication_failed,2,134,active,1.3,card,starter,0.7,1,1
7265.71,10,0.5523,3,authentication_failed,1,557,active,1.2,upi,regular,1.7,0,1
2052.08,15,0.6964,0,insufficient_funds,1,17,active,0.7,card,vip,4.8,1,1
12963.66,4,0.7058,2,insufficient_funds,0,117,active,1.2,upi,enterprise,3.3,0,1
5546.08,13,0.5854,4,insufficient_funds,0,6,active,4.2,card,enterprise,3.9,0,1
3066.62,20,0.7984,2,insufficient_funds,3,148,trialing,6.3,card,starter,4.0,1,0
8001.14,13,0.6757,0,insufficient_funds,0,283,unpaid,14.4,card,regular,1.4,0,1
8716.4,0,0.3527,0,gateway_timeout,2,1,active,1.1,card,regular,6.9,1,1
1915.84,16,0.8593,4,gateway_timeout,2,267,active,0.1,card,regular,13.8,1,1
2275.42,14,0.6179,4,network_error,3,262,past_due,2.8,card,vip,4.8,1,1
13940.86,10,0.932,0,authentication_failed,0,594,active,12.5,wallet,regular,2.0,1,1
1100.07,13,0.6496,3,insufficient_funds,3,146,active,3.9,upi,starter,11.3,0,1
415.32,36,0.8486,3,authentication_failed,1,44,active,14.7,upi,starter,6.8,1,1
3226.19,5,0.7837,0,authentication_failed,0,287,canceled,4.9,card,regular,2.7,1,1
8277.53,0,0.6796,1,insufficient_funds,0,122,active,3.0,upi,starter,1.2,1,1
7584.78,5,0.5554,3,authentication_failed,0,48,active,1.0,wallet,regular,12.1,0,1
12799.39,0,0.6144,2,card_expired,1,247,past_due,0.6,card,enterprise,15.7,0,0
4009.28,3,0.7003,1,authentication_failed,2,31,trialing,6.7,card,regular,2.3,0,1
727.16,8,0.7715,0,insufficient_funds,1,44,active,1.8,wallet,vip,5.7,0,0
4642.03,3,0.6706,2,insufficient_funds,0,331,active,1.4,netbanking,starter,3.9,0,1
7734.31,10,0.7557,1,network_error,4,293,active,3.1,upi,regular,8.0,1,0
689.87,16,0.7976,1,insufficient_funds,1,229,active,11.0,upi,regular,17.9,0,1
1147.68,5,0.6929,2,card_expired,0,387,active,1.5,netbanking,regular,0.8,0,1
261.83,21,0.4485,0,insufficient_funds,0,41,active,0.1,upi,enterprise,2.3,1,0
4702.73,0,0.8008,2,network_error,1,21,active,7.4,upi,regular,8.3,1,1
11090.1,17,0.7291,1,insufficient_funds,1,1217,active,8.0,card,enterprise,3.3,1,1
5753.37,16,0.5499,2,network_error,1,182,past_due,0.3,card,regular,2.2,1,1
20298.07,3,0.8892,0,insufficient_funds,0,870,active,4.0,upi,vip,0.5,0,1
525.54,3,0.4963,1,authentication_failed,0,226,active,2.0,card,vip,4.9,1,1
11865.28,3,0.5862,1,insufficient_funds,0,311,active,7.6,netbanking,regular,5.6,1,1
8611.88,15,0.6393,2,authentication_failed,4,88,trialing,3.6,card,starter,2.4,0,1
2086.15,16,0.4388,1,card_expired,1,506,active,0.6,card,regular,0.2,0,1
18358.07,3,0.7707,1,insufficient_funds,0,123,unpaid,3.2,upi,regular,0.2,0,1
1897.95,8,0.6445,2,insufficient_funds,0,527,canceled,0.8,upi,vip,0.7,1,1
11204.87,1,0.7401,1,insufficient_funds,3,84,past_due,1.5,card,regular,1.9,0,1
10832.61,6,0.4664,0,authentication_failed,0,224,active,3.4,upi,starter,0.7,0,1
7287.02,63,0.8068,3,authentication_failed,0,382,active,1.8,card,starter,2.4,0,1
4344.5,1,0.8572,4,authentication_failed,4,384,active,3.3,upi,enterprise,6.6,1,1
839.18,27,0.894,0,network_error,0,390,active,3.5,upi,starter,2.0,1,1
3996.13,16,0.7961,0,insufficient_funds,3,1386,past_due,9.7,card,regular,1.0,1,1
2406.47,34,0.8218,2,authentication_failed,2,788,active,1.0,upi,regular,4.3,1,1
8056.31,1,0.5236,4,insufficient_funds,0,57,active,4.6,card,regular,4.4,0,1
7296.76,2,0.6731,1,insufficient_funds,4,116,trialing,3.4,card,regular,11.3,1,0
12273.87,0,0.512,4,insufficient_funds,4,182,active,1.4,card,enterprise,4.6,1,1
274.71,12,0.6471,1,network_error,0,325,active,3.2,upi,regular,7.0,1,1
8480.11,9,0.8725,1,insufficient_funds,0,283,trialing,1.1,card,starter,1.0,1,1
14140.51,1,0.7089,1,insufficient_funds,0,281,active,2.5,netbanking,enterprise,5.3,1,1
7986.61,14,0.9192,1,insufficient_funds,3,84,past_due,7.1,upi,regular,3.3,0,1
897.43,3,0.7126,1,insufficient_funds,3,103,trialing,0.5,card,enterprise,7.3,1,1
623.86,1,0.7405,1,insufficient_funds,1,58,canceled,0.2,upi,regular,3.8,1,1
305.33,5,0.7122,3,authentication_failed,3,531,past_due,0.2,card,enterprise,4.8,0,1
5154.33,0,0.6838,2,card_expired,0,136,active,2.5,card,enterprise,1.3,1,1
5166.84,2,0.6993,3,card_expired,0,158,past_due,6.1,wallet,starter,0.9,0,0
21880.95,4,0.5616,2,authentication_failed,2,793,active,0.3,upi,regular,16.2,0,0
2737.85,18,0.8299,0,card_expired,4,621,past_due,0.4,upi,regular,6.8,0,0
2216.63,14,0.5399,1,insufficient_funds,0,82,active,0.8,card,enterprise,9.2,0,1
5096.48,5,0.7612,1,insufficient_funds,0,548,active,2.3,netbanking,regular,5.0,0,0
8932.27,12,0.7482,2,insufficient_funds,4,199,canceled,8.1,upi,starter,0.3,0,0
14005.19,7,0.8329,0,network_error,2,266,canceled,1.5,wallet,regular,3.1,1,1
8325.91,3,0.4139,4,gateway_timeout,0,141,active,3.2,upi,regular,16.8,1,1
2981.5,12,0.7052,2,gateway_timeout,1,1040,active,0.3,card,regular,3.8,0,1
5238.11,10,0.6058,0,gateway_timeout,1,289,active,1.0,card,starter,0.0,1,1
9900.11,9,0.7982,1,insufficient_funds,2,108,active,0.3,card,regular,0.6,0,1
3572.7,9,0.9441,0,insufficient_funds,1,212,active,0.6,upi,regular,14.9,0,1
1421.11,10,0.7856,1,card_expired,1,507,past_due,1.3,netbanking,regular,13.6,1,1
1129.98,4,0.595,0,authentication_failed,3,17,active,0.4,wallet,regular,2.6,0,1
200.79,19,0.7114,4,gateway_timeout,2,62,active,1.4,netbanking,enterprise,0.9,0,1
6533.46,1,0.5525,2,insufficient_funds,2,2,active,0.5,card,enterprise,3.2,0,0
788.84,20,0.6337,2,insufficient_funds,0,44,active,3.5,card,regular,11.2,0,0
1597.51,3,0.5454,3,card_expired,1,199,active,0.1,card,regular,15.2,1,1
1968.23,1,0.7718,1,insufficient_funds,1,118,active,4.9,card,enterprise,3.8,1,1
4309.22,8,0.8216,1,insufficient_funds,0,171,past_due,1.2,card,regular,1.3,1,1
2737.13,4,0.3702,4,insufficient_funds,5,167,active,3.7,wallet,vip,8.0,0,0
5814.64,16,0.9612,2,authentication_failed,1,53,active,2.6,netbanking,regular,0.5,1,0
486.23,5,0.7741,0,authentication_failed,0,432,past_due,0.6,card,vip,16.8,1,1
861.6,10,0.332,1,network_error,3,106,active,18.0,card,vip,8.8,1,1
3657.86,3,0.6749,3,gateway_timeout,0,456,active,2.9,upi,starter,0.1,0,1
2254.64,2,0.6913,2,authentication_failed,2,55,active,4.8,wallet,regular,1.4,0,1
1953.56,4,0.34,3,insufficient_funds,4,106,canceled,8.8,netbanking,regular,0.8,1,0
546.9,8,0.9338,1,insufficient_funds,2,257,active,1.0,upi,vip,3.0,1,1
11503.34,10,0.3294,2,insufficient_funds,1,102,active,1.5,upi,enterprise,3.1,0,0
6085.33,8,0.9188,2,network_error,0,61,active,0.2,upi,regular,7.2,0,0
848.37,42,0.5925,2,card_expired,2,708,active,1.3,card,regular,2.0,0,1
536.29,11,0.4088,0,insufficient_funds,2,151,trialing,5.0,upi,vip,2.6,0,1
18618.97,25,0.4795,2,insufficient_funds,1,625,active,6.7,card,starter,1.1,1,1
5915.53,1,0.8002,2,insufficient_funds,2,1060,trialing,0.7,card,starter,1.0,0,1
2901.75,0,0.8902,0,insufficient_funds,1,115,active,3.2,upi,enterprise,6.8,0,1
6248.8,3,0.9268,0,insufficient_funds,2,107,trialing,0.3,upi,regular,3.6,0,1
7259.74,1,0.6519,2,insufficient_funds,0,59,active,4.8,card,regular,4.0,0,1
7769.78,7,0.4679,1,card_expired,0,179,active,0.1,card,starter,0.5,0,1
3449.26,6,0.6581,0,insufficient_funds,5,61,active,7.0,card,starter,8.2,1,0
3009.57,8,0.9191,1,insufficient_funds,0,71,active,1.2,netbanking,starter,2.9,0,1
255.45,12,0.5583,3,authentication_failed,3,354,unpaid,8.4,upi,regular,9.1,1,0
13256.24,33,0.7647,6,gateway_timeout,0,144,active,1.4,upi,enterprise,4.2,0,1
4822.97,19,0.4297,0,insufficient_funds,1,61,active,1.2,card,regular,5.1,0,1
1335.47,1,0.9278,0,network_error,0,89,active,1.1,upi,starter,2.8,0,1
12803.92,3,0.6405,2,gateway_timeout,1,54,active,2.0,upi,regular,5.8,0,1
12521.52,2,0.5627,1,authentication_failed,0,69,trialing,3.7,card,enterprise,2.8,1,1
22833.72,1,0.284,0,gateway_timeout,1,344,active,1.7,netbanking,enterprise,3.7,0,1
10559.61,7,0.8733,3,insufficient_funds,0,481,trialing,0.3,netbanking,enterprise,2.9,0,1
30761.13,7,0.8472,1,insufficient_funds,1,773,active,2.6,card,regular,5.2,1,1
1603.11,2,0.9246,1,insufficient_funds,0,1166,active,1.5,upi,enterprise,8.2,0,1
9433.71,11,0.307,4,insufficient_funds,0,131,trialing,2.9,upi,regular,12.8,1,0
8858.83,12,0.7915,0,card_expired,2,18,active,1.6,netbanking,regular,7.5,0,1
1512.93,0,0.7644,0,insufficient_funds,2,231,active,1.9,card,enterprise,13.0,1,1
718.13,4,0.5677,2,card_expired,1,18,active,2.8,card,starter,8.9,0,0
19617.3,20,0.9635,0,card_expired,4,299,canceled,0.7,upi,starter,1.5,1,1
1955.06,6,0.5427,3,insufficient_funds,1,305,paused,0.8,card,regular,4.9,0,0
10435.52,4,0.9473,1,insufficient_funds,0,41,active,0.7,upi,regular,1.2,0,0
220.68,2,0.5364,2,network_error,1,360,trialing,1.6,card,starter,5.4,1,1
306.24,2,0.7315,1,insufficient_funds,0,76,past_due,0.9,card,enterprise,6.2,1,1
3335.59,0,0.8828,1,insufficient_funds,1,120,active,3.9,card,regular,0.5,1,1
1563.74,16,0.7826,0,insufficient_funds,1,16,active,0.1,netbanking,regular,12.6,0,1
6053.36,0,0.6134,0,network_error,1,142,past_due,1.0,card,regular,6.4,0,1
4368.54,3,0.5441,0,insufficient_funds,5,91,past_due,6.5,card,regular,16.0,0,0
603.26,0,0.7945,3,card_expired,0,255,paused,4.4,upi,enterprise,5.7,1,0
1087.44,14,0.7513,2,card_expired,1,79,active,11.4,card,regular,8.3,1,1
2655.52,0,0.9331,2,network_error,3,242,past_due,1.1,card,regular,8.5,0,1
1226.54,3,0.7,1,authentication_failed,1,90,active,0.8,upi,regular,0.2,0,1
8056.43,8,0.8549,2,authentication_failed,1,68,trialing,1.2,card,regular,1.8,1,1
2889.87,5,0.5316,2,authentication_failed,1,339,active,1.7,upi,regular,4.7,0,1
690.45,3,0.7123,0,authentication_failed,4,93,past_due,0.1,upi,regular,0.8,1,0
3511.57,3,0.8967,2,insufficient_funds,4,60,active,1.0,upi,regular,3.8,0,1
676.16,15,0.8607,1,authentication_failed,0,794,active,0.1,upi,regular,5.4,0,1
890.21,34,0.6116,1,insufficient_funds,4,486,past_due,11.7,upi,enterprise,2.1,1,1
1569.62,4,0.4284,0,authentication_failed,1,164,trialing,21.8,card,regular,3.5,1,1
10013.73,0,0.7659,2,card_expired,1,20,past_due,8.3,card,regular,9.1,0,1
13125.57,0,0.7379,3,insufficient_funds,4,190,trialing,2.9,upi,regular,1.7,0,0
8950.91,13,0.7838,0,card_expired,2,9,active,0.2,upi,enterprise,14.8,1,1
2232.91,7,0.6973,3,insufficient_funds,1,445,active,8.1,card,regular,5.0,1,1
1790.34,14,0.63,0,authentication_failed,3,138,active,2.4,upi,regular,10.1,1,1
4183.17,11,0.8787,1,insufficient_funds,1,61,past_due,1.3,card,starter,0.5,1,1
6598.03,22,0.6866,3,network_error,0,362,active,9.2,upi,regular,0.8,0,1
25282.86,20,0.6057,2,authentication_failed,1,46,active,0.1,card,vip,13.3,0,1
905.35,14,0.484,2,network_error,4,298,active,11.9,netbanking,enterprise,0.2,0,1
452.74,6,0.9399,3,gateway_timeout,1,255,active,1.8,card,regular,6.1,1,1
6126.67,3,0.8252,2,card_expired,1,44,active,15.9,card,regular,7.5,1,0
9125.68,6,0.4249,0,insufficient_funds,0,273,active,2.3,wallet,enterprise,10.3,1,1
9565.35,6,0.2881,1,authentication_failed,1,382,active,0.9,card,starter,13.3,0,1
5873.22,8,0.7497,3,insufficient_funds,4,376,trialing,9.2,wallet,vip,2.3,1,1
15597.29,1,0.8157,2,card_expired,0,232,active,4.7,card,enterprise,1.8,0,1
3777.01,10,0.7483,1,network_error,4,26,active,17.0,upi,regular,2.0,0,1
12456.28,5,0.802,0,insufficient_funds,2,47,trialing,2.7,upi,enterprise,0.2,0,1
17380.83,9,0.9439,0,gateway_timeout,0,89,active,13.4,card,vip,0.7,1,1
9591.74,2,0.5442,4,gateway_timeout,2,693,canceled,2.4,upi,regular,8.5,1,1
2053.57,5,0.5562,3,insufficient_funds,1,26,active,20.0,wallet,enterprise,3.0,1,1
1292.12,2,0.9765,0,insufficient_funds,1,200,active,7.6,upi,regular,0.3,1,1
4171.69,19,0.6977,2,insufficient_funds,3,558,trialing,1.6,netbanking,vip,3.5,0,1
3216.67,6,0.7613,2,insufficient_funds,0,145,past_due,2.3,card,enterprise,1.7,1,1
10708.78,2,0.6961,1,card_expired,1,533,paused,6.9,upi,enterprise,3.4,0,0
726.98,0,0.5846,2,card_expired,1,98,active,4.6,netbanking,regular,16.1,1,1
1690.28,10,0.9683,4,gateway_timeout,1,146,active,1.3,card,starter,7.3,0,1
7167.58,2,0.5058,2,gateway_timeout,0,227,active,5.0,upi,regular,26.7,0,0
699.03,43,0.9363,3,insufficient_funds,0,264,active,1.8,wallet,regular,11.3,1,1
2133.94,7,0.8526,1,network_error,1,125,active,2.9,upi,starter,0.5,1,1
2648.22,3,0.7554,1,card_expired,1,155,trialing,7.6,card,regular,2.4,1,1
5072.17,10,0.5878,1,network_error,0,238,active,3.2,upi,regular,3.0,0,1
1060.66,3,0.8571,0,authentication_failed,1,477,active,0.4,card,regular,2.8,1,1
10052.2,16,0.7966,2,insufficient_funds,1,111,active,0.3,card,regular,0.8,1,1
3166.89,3,0.7768,4,authentication_failed,0,205,paused,1.5,upi,vip,8.7,0,0
12645.88,42,0.7386,1,gateway_timeout,1,356,active,3.4,card,starter,4.0,1,1
3354.34,8,0.6158,1,gateway_timeout,2,819,past_due,5.6,card,regular,5.1,1,1
1808.2,17,0.5921,2,insufficient_funds,0,33,active,1.1,upi,regular,25.1,0,0
964.76,0,0.8822,1,authentication_failed,1,21,active,4.1,upi,regular,6.2,0,0
218.76,4,0.7081,0,insufficient_funds,0,10,active,1.8,card,enterprise,1.0,0,1
3998.12,12,0.7415,1,authentication_failed,1,60,trialing,4.9,upi,enterprise,14.6,0,1
766.72,10,0.8972,2,authentication_failed,0,189,active,3.6,card,regular,0.9,0,1
2685.66,2,0.8315,0,insufficient_funds,0,47,trialing,0.1,card,enterprise,2.8,0,1
4649.12,4,0.6499,2,authentication_failed,1,72,active,5.9,wallet,regular,6.2,1,1
1812.65,2,0.8871,1,insufficient_funds,1,45,active,4.3,upi,enterprise,3.1,0,1
1163.22,9,0.7927,1,gateway_timeout,2,530,canceled,8.0,wallet,starter,0.2,1,1
7652.09,4,0.6121,0,card_expired,2,515,active,5.2,wallet,regular,3.9,0,1
14867.65,3,0.8118,1,insufficient_funds,1,156,past_due,3.1,upi,regular,0.4,0,0
729.25,2,0.5757,2,card_expired,0,100,active,2.1,card,starter,3.4,0,0
1045.59,4,0.8132,1,insufficient_funds,1,640,active,1.2,upi,enterprise,1.9,1,1
16295.96,2,0.789,2,authentication_failed,2,249,active,10.7,netbanking,regular,12.3,0,1
392.58,31,0.8291,2,insufficient_funds,0,45,active,5.4,upi,regular,2.7,1,1
19200.69,1,0.6075,1,insufficient_funds,0,416,trialing,10.3,netbanking,enterprise,7.2,0,0
223.28,23,0.7074,2,insufficient_funds,0,93,past_due,0.8,card,regular,1.8,1,1
10544.24,5,0.7653,0,insufficient_funds,3,496,active,4.4,upi,regular,2.5,0,1
2035.97,4,0.607,3,authentication_failed,1,192,active,0.5,upi,starter,3.2,1,0
14150.82,2,0.3902,0,card_expired,4,296,active,2.3,wallet,enterprise,4.4,0,0
2105.9,9,0.4816,1,authentication_failed,3,311,past_due,5.7,upi,regular,1.2,0,1
